ts_code,industry,signal_date,rule,score,pe_ttm,pb,total_mv,amount_ma20,roe,netprofit_margin,debt_to_assets,tr_yoy,netprofit_yoy,undervalued_days_60,industry_rebound_20d,industry_ma20_slope_5d
601163.SH,汽车配件,2023-10-27,value_quality_sector_stopfall,1.6326146494475917,9.0996,0.9617,1205600.0,69109.6007,8.7278,13.4387,31.7369,15.6531,124.893,60.0,0.07737348428142088,0.005945831832837589
601163.SH,汽车配件,2023-10-30,value_quality_sector_stopfall,1.6258353387978621,9.1358,0.9655,1210400.0,71751.94210000001,8.7278,13.4387,31.7369,15.6531,124.893,60.0,0.07306576536126519,0.008420906769930347
601098.SH,出版业,2023-10-30,value_quality_sector_stopfall,1.0719230290626949,13.0574,1.3797,2042052.0,157309.52909999999,8.3931,14.0436,37.5437,5.9285,15.3766,49.0,0.05813525793109897,0.00023710446492919424
601163.SH,汽车配件,2023-10-31,value_quality_sector_stopfall,1.6273226174957742,9.0151,0.9528,1194400.0,71984.89415,8.7278,13.4387,31.7369,15.6531,124.893,60.0,0.05598692100474345,0.010473696491030582
605577.SH,出版业,2023-10-31,value_quality_sector_stopfall,1.4911564461188427,10.4216,1.5423,575555.5563,218610.01645,9.9907,21.7643,31.9174,14.6227,26.2607,47.0,0.06052791337633279,0.00029719940917649623
601019.SH,出版业,2023-10-31,value_quality_sector_stopfall,1.4763917794521761,9.5818,1.252,1723779.4,56635.823749999996,9.242,15.5802,37.9984,9.5051,10.1623,55.0,0.06052791337633279,0.00029719940917649623
000589.SZ,汽车配件,2023-10-31,value_quality_sector_stopfall,1.3380512841624408,9.6436,1.1417,772848.5408,121535.63385000001,9.3696,9.0254,60.0705,12.5661,145.8808,45.0,0.05598692100474345,0.010473696491030582
000521.SZ,家用电器,2023-10-31,value_quality_sector_stopfall,1.0987230124129157,10.4213,1.084,605595.1444,120689.42574999998,9.2753,2.7076,69.1325,24.6644,207.5086,47.0,0.05471049028999242,0.00016718878958998928
601098.SH,出版业,2023-10-31,value_quality_sector_stopfall,1.080709112785509,13.0114,1.3748,2034868.0,151056.7096,8.3931,14.0436,37.5437,5.9285,15.3766,49.0,0.06052791337633279,0.00029719940917649623
601163.SH,汽车配件,2023-11-01,value_quality_sector_stopfall,1.6562000800936856,9.0332,0.9547,1196800.0,73310.33965000001,8.7278,13.4387,31.7369,15.6531,124.893,60.0,0.08526816770579604,0.012543245721222895
000589.SZ,汽车配件,2023-11-01,value_quality_sector_stopfall,1.3650087467603522,9.6735,1.1453,775244.9704,116220.29175,9.3696,9.0254,60.0705,12.5661,145.8808,46.0,0.08526816770579604,0.012543245721222895
000521.SZ,家用电器,2023-11-01,value_quality_sector_stopfall,1.1034041032906905,10.4567,1.0877,607654.9919,121853.4394,9.2753,2.7076,69.1325,24.6644,207.5086,48.0,0.06256711849475738,0.0018183181292663608
601163.SH,汽车配件,2023-11-02,value_quality_sector_stopfall,1.6632134481933818,8.9487,0.9457,1185600.0,72215.77125,8.7278,13.4387,31.7369,15.6531,124.893,60.0,0.07980826296393406,0.013383185229447925
601019.SH,出版业,2023-11-02,value_quality_sector_stopfall,1.4577809534085107,10.0574,1.3141,1809342.3,63972.366500000004,9.242,15.5802,37.9984,9.5051,10.1623,55.0,0.11471814504016153,0.0006028083683491392
605577.SH,出版业,2023-11-02,value_quality_sector_stopfall,1.4345989534085106,12.0874,1.7889,667555.5564,261829.32185000004,9.9907,21.7643,31.9174,14.6227,26.2607,45.0,0.11471814504016153,0.0006028083683491392
000589.SZ,汽车配件,2023-11-02,value_quality_sector_stopfall,1.3735021148600486,9.5838,1.1346,768055.6817,112407.09144999999,9.3696,9.0254,60.0705,12.5661,145.8808,47.0,0.07980826296393406,0.013383185229447925
601098.SH,出版业,2023-11-02,value_quality_sector_stopfall,1.1178449534085104,13.1378,1.3882,2054624.0,140128.7551,8.3931,14.0436,37.5437,5.9285,15.3766,49.0,0.11471814504016153,0.0006028083683491392
000521.SZ,家用电器,2023-11-02,value_quality_sector_stopfall,1.0983699656538972,10.3681,1.0785,602505.3733,120372.61979999999,9.2753,2.7076,69.1325,24.6644,207.5086,49.0,0.04549182315522393,0.0018194758320067006
002078.SZ,造纸,2023-11-02,value_quality_sector_stopfall,0.9093805260900012,12.8495,1.3628,3440256.1505,132850.02550000002,8.8419,7.3556,50.3977,-1.4775,-5.7949,60.0,0.07511709361198493,0.0005674324780162721
601163.SH,汽车配件,2023-11-03,value_quality_sector_stopfall,1.6712090777026203,9.0211,0.9534,1195200.0,71675.83524999999,8.7278,13.4387,31.7369,15.6531,124.893,60.0,0.0983443657320493,0.012802711970571146
601019.SH,出版业,2023-11-03,value_quality_sector_stopfall,1.4699264389711286,9.9414,1.299,1788473.3,66083.7825,9.242,15.5802,37.9984,9.5051,10.1623,55.0,0.10893376111373376,0.0007326778573946147
000589.SZ,汽车配件,2023-11-03,value_quality_sector_stopfall,1.3827377443692872,9.6436,1.1417,772848.5408,111737.20705,9.3696,9.0254,60.0705,12.5661,145.8808,48.0,0.0983443657320493,0.012802711970571146
601098.SH,出版业,2023-11-03,value_quality_sector_stopfall,1.137377105637795,12.954,1.3688,2025888.0,131674.77025,8.3931,14.0436,37.5437,5.9285,15.3766,49.0,0.10893376111373376,0.0007326778573946147
000521.SZ,家用电器,2023-11-03,value_quality_sector_stopfall,1.087383712202955,10.5276,1.0951,611774.6867,119197.0007,9.2753,2.7076,69.1325,24.6644,207.5086,50.0,0.05717154617985587,0.0008534993564324189
002078.SZ,造纸,2023-11-03,value_quality_sector_stopfall,0.924322776975171,12.7974,1.3572,3426282.7299,134448.1104,8.8419,7.3556,50.3977,-1.4775,-5.7949,60.0,0.08235150533884794,0.0010686049696562172
601163.SH,汽车配件,2023-11-06,value_quality_sector_stopfall,1.7024323783493205,8.9607,0.947,1187200.0,72410.93950000001,8.7278,13.4387,31.7369,15.6531,124.893,60.0,0.12111759854445947,0.012959446471527691
601019.SH,出版业,2023-11-06,value_quality_sector_stopfall,1.487533036446201,10.2894,1.3444,1851080.3,66922.4293,9.242,15.5802,37.9984,9.5051,10.1623,55.0,0.17404059294923435,0.006699110163633337
000589.SZ,汽车配件,2023-11-06,value_quality_sector_stopfall,1.479687711682654,9.1353,1.0815,732109.2379,124872.94635000001,9.3696,9.0254,60.0705,12.5661,145.8808,49.0,0.12111759854445947,0.012959446471527691
601098.SH,出版业,2023-11-06,value_quality_sector_stopfall,1.150257036446201,13.3789,1.4136,2092340.0,125715.39395000001,8.3931,14.0436,37.5437,5.9285,15.3766,49.0,0.17404059294923435,0.006699110163633337
000521.SZ,家用电器,2023-11-06,value_quality_sector_stopfall,1.0757509220704846,10.7403,1.1172,624133.7713,119063.85325,9.2753,2.7076,69.1325,24.6644,207.5086,51.0,0.07393572269894366,0.0013698660382075456
002078.SZ,造纸,2023-11-06,value_quality_sector_stopfall,0.9430983014250767,12.6825,1.3451,3395541.2046,139901.85064999998,8.8419,7.3556,50.3977,-1.4775,-5.7949,60.0,0.0841772777067109,0.0022916903850322967
002478.SZ,钢加工,2023-11-07,value_quality_sector_stopfall,1.844111270292479,7.1375,1.0532,532731.0807,85150.033,12.8986,12.4617,33.1242,13.9465,79.5314,60.0,0.09036694449868943,0.0003769924604561936
601163.SH,汽车配件,2023-11-07,value_quality_sector_stopfall,1.734063099239153,8.8158,0.9317,1168000.0,70825.93495,8.7278,13.4387,31.7369,15.6531,124.893,60.0,0.1308115834018706,0.015036182503949114
601019.SH,出版业,2023-11-07,value_quality_sector_stopfall,1.5092281030162968,10.359,1.3535,1863601.7,67574.48865,9.242,15.5802,37.9984,9.5051,10.1623,56.0,0.21077585348637884,0.013141436349630276
000589.SZ,汽车配件,2023-11-07,value_quality_sector_stopfall,1.5023117659058198,9.0605,1.0727,726118.164,129180.69109999998,9.3696,9.0254,60.0705,12.5661,145.8808,50.0,0.1308115834018706,0.015036182503949114
601098.SH,出版业,2023-11-07,value_quality_sector_stopfall,1.1857854363496303,13.356,1.4112,2088748.0,124341.21969999999,8.3931,14.0436,37.5437,5.9285,15.3766,49.0,0.21077585348637884,0.013141436349630276
000521.SZ,家用电器,2023-11-07,value_quality_sector_stopfall,1.0667128823824172,10.8466,1.1283,630313.3136,113671.27270000002,9.2753,2.7076,69.1325,24.6644,207.5086,52.0,0.07795096271884883,0.0028032529969017617
002078.SZ,造纸,2023-11-07,value_quality_sector_stopfall,0.9748843338018304,12.5155,1.3273,3350826.2587,140384.1555,8.8419,7.3556,50.3977,-1.4775,-5.7949,60.0,0.0912522056011098,0.004002794867387083
002478.SZ,钢加工,2023-11-08,value_quality_sector_stopfall,1.8571573008974547,7.0771,1.0443,528224.0496,82460.65355,12.8986,12.4617,33.1242,13.9465,79.5314,60.0,0.0918488370506434,0.0019811305134780355
601163.SH,汽车配件,2023-11-08,value_quality_sector_stopfall,1.7438621662564269,8.7977,0.9298,1165600.0,70189.4444,8.7278,13.4387,31.7369,15.6531,124.893,60.0,0.13704153447607204,0.016131965113687974
000589.SZ,汽车配件,2023-11-08,value_quality_sector_stopfall,1.5118308329230934,9.0456,1.0709,724919.9492,129421.30864999999,9.3696,9.0254,60.0705,12.5661,145.8808,51.0,0.13704153447607204,0.016131965113687974
601019.SH,出版业,2023-11-08,value_quality_sector_stopfall,1.4654451436497644,10.6954,1.3975,1924121.8,69364.35895,9.242,15.5802,37.9984,9.5051,10.1623,57.0,0.2679738734257582,0.021118476983097656
601098.SH,出版业,2023-11-08,value_quality_sector_stopfall,1.1496624769830976,13.6775,1.4452,2139036.0,126131.13149999999,8.3931,14.0436,37.5437,5.9285,15.3766,50.0,0.2679738734257582,0.021118476983097656
600332.SH,中成药,2023-11-08,value_quality_sector_stopfall,1.1147839229035814,11.2159,1.3861,4804212.2543,180968.89675,11.3638,6.7522,51.0769,6.1647,9.1206,45.0,0.10559141378801362,0.0013605091155677318
000521.SZ,家用电器,2023-11-08,value_quality_sector_stopfall,1.0599254545562526,10.9352,1.1375,635462.9322,113132.7702,9.2753,2.7076,69.1325,24.6644,207.5086,53.0,0.0824374863661923,0.003569301523393742
002078.SZ,造纸,2023-11-08,value_quality_sector_stopfall,0.9786089831059154,12.4842,1.324,3342442.2063,140621.70135,8.8419,7.3556,50.3977,-1.4775,-5.7949,60.0,0.0896568468409118,0.0050361362650035435
002478.SZ,钢加工,2023-11-09,value_quality_sector_stopfall,1.8528302706977724,7.0771,1.0443,528224.0496,81307.63375000001,12.8986,12.4617,33.1242,13.9465,79.5314,60.0,0.08617491858635185,0.003328018778087305
601163.SH,汽车配件,2023-11-09,value_quality_sector_stopfall,1.737363676009361,8.7011,0.9196,1152800.0,69944.31035000001,8.7278,13.4387,31.7369,15.6531,124.893,60.0,0.11792771956649273,0.015507289776201638
000589.SZ,汽车配件,2023-11-09,value_quality_sector_stopfall,1.4964190093426943,9.0157,1.0674,722523.5196,128390.0804,9.3696,9.0254,60.0705,12.5661,145.8808,52.0,0.11792771956649273,0.015507289776201638
601019.SH,出版业,2023-11-09,value_quality_sector_stopfall,1.4791875312194052,10.649,1.3914,1915774.2,68159.8794,9.242,15.5802,37.9984,9.5051,10.1623,57.0,0.2505340339732729,0.02770086455273857
601098.SH,出版业,2023-11-09,value_quality_sector_stopfall,1.1861915312194051,13.4593,1.4221,2104912.0,126505.49285000001,8.3931,14.0436,37.5437,5.9285,15.3766,50.0,0.2505340339732729,0.02770086455273857
600332.SH,中成药,2023-11-09,value_quality_sector_stopfall,1.1083520974071766,11.1551,1.3786,4778199.5991,180745.68155,11.3638,6.7522,51.0769,6.1647,9.1206,46.0,0.0888858918614377,0.0025808722124056604
000521.SZ,家用电器,2023-11-09,value_quality_sector_stopfall,1.071885643778811,10.8466,1.1283,630313.3136,108910.09469999999,9.2753,2.7076,69.1325,24.6644,207.5086,54.0,0.0811379856179324,0.004788991494211858
002078.SZ,造纸,2023-11-09,value_quality_sector_stopfall,0.9639810898706954,12.5573,1.3318,3362004.9952,139746.9129,8.8419,7.3556,50.3977,-1.4775,-5.7949,60.0,0.08418023152868948,0.005958191675339286
000598.SZ,水务,2023-11-10,value_quality_sector_stopfall,2.0333512849704363,9.4944,1.0315,1645047.0429,102386.29965,9.6987,26.8106,59.1671,15.1573,8.3753,60.0,0.07102685273664355,0.0013164322337926304
002478.SZ,钢加工,2023-11-10,value_quality_sector_stopfall,1.8463836338944515,7.0892,1.046,529125.4558,80642.98385,12.8986,12.4617,33.1242,13.9465,79.5314,60.0,0.0801279321588313,0.004868368402286771
601163.SH,汽车配件,2023-11-10,value_quality_sector_stopfall,1.732045495643767,8.6709,0.9164,1148800.0,69146.86125,8.7278,13.4387,31.7369,15.6531,124.893,60.0,0.10958029753322762,0.014389864777206052
600461.SH,水务,2023-11-10,value_quality_sector_stopfall,1.708473951637103,8.7159,1.2841,932673.1846,51592.26365,12.1211,17.6524,62.9107,5.5237,14.8545,60.0,0.07102685273664355,0.0013164322337926304
601019.SH,出版业,2023-11-10,value_quality_sector_stopfall,1.5212989654070155,10.4054,1.3596,1871949.3,68857.9052,9.242,15.5802,37.9984,9.5051,10.1623,57.0,0.20335213519188167,0.03237229874034875
000589.SZ,汽车配件,2023-11-10,value_quality_sector_stopfall,1.4434208289771002,9.3147,1.1028,746487.8154,136073.50585000002,9.3696,9.0254,60.0705,12.5661,145.8808,53.0,0.10958029753322762,0.014389864777206052
600428.SH,水运,2023-11-10,value_quality_sector_stopfall,1.3913126500805637,11.3991,0.9679,1101231.8455,86285.0831,8.2952,10.3447,58.0432,-3.3633,18.8795,60.0,0.1176702246007062,0.002217758813190862
601098.SH,出版业,2023-11-10,value_quality_sector_stopfall,1.2302029654070155,13.1722,1.3918,2060012.0,126180.1774,8.3931,14.0436,37.5437,5.9285,15.3766,50.0,0.20335213519188167,0.03237229874034875
002588.SZ,农药化肥,2023-11-10,value_quality_sector_stopfall,1.1369054724932306,12.1811,1.2079,723052.5,86836.42295000001,10.1587,7.7443,43.1034,10.4872,35.7668,60.0,0.08875002128208909,0.001004117877808186
600332.SH,中成药,2023-11-10,value_quality_sector_stopfall,1.1108494510576135,11.1476,1.3777,4774948.0172,179200.92355,11.3638,6.7522,51.0769,6.1647,9.1206,47.0,0.08885378729030347,0.004010330433976694
000521.SZ,家用电器,2023-11-10,value_quality_sector_stopfall,1.065311291360635,10.8821,1.1319,632373.161,105211.6821,9.2753,2.7076,69.1325,24.6644,207.5086,55.0,0.07779055238510058,0.006328738975534431
002078.SZ,造纸,2023-11-10,value_quality_sector_stopfall,0.9596262688394936,12.6095,1.3373,3375978.4158,140140.66655,8.8419,7.3556,50.3977,-1.4775,-5.7949,60.0,0.08540442589297581,0.007525842946517702
002128.SZ,煤炭开采,2023-11-13,value_quality_sector_stopfall,2.1236848148895477,6.9878,0.9972,3012674.7746,118818.4682,13.3508,19.8451,33.4004,-0.6941,10.0635,60.0,0.0570937623874026,0.0017090525021452585
000598.SZ,水务,2023-11-13,value_quality_sector_stopfall,2.0385264747817446,9.546,1.0372,1654003.7418,103429.12435,9.6987,26.8106,59.1671,15.1573,8.3753,60.0,0.08234412573279837,0.0024143490489463293
600985.SH,煤炭开采,2023-11-13,value_quality_sector_stopfall,1.8842514815562146,5.4253,1.0201,3716595.6281,251220.21015,14.4463,8.6805,52.6366,-3.0073,-2.6616,60.0,0.0570937623874026,0.0017090525021452585
002478.SZ,钢加工,2023-11-13,value_quality_sector_stopfall,1.8538258203205318,7.1737,1.0585,535435.2994,81021.5193,12.8986,12.4617,33.1242,13.9465,79.5314,60.0,0.10012350969924744,0.006281643954617611
601163.SH,汽车配件,2023-11-13,value_quality_sector_stopfall,1.7418172805713454,8.6769,0.917,1149600.0,68194.03685,8.7278,13.4387,31.7369,15.6531,124.893,60.0,0.12026722911714716,0.014274718120864893
600461.SH,水务,2023-11-13,value_quality_sector_stopfall,1.6989691414484114,8.8487,1.3037,946887.4301,51820.69925,12.1211,17.6524,62.9107,5.5237,14.8545,60.0,0.08234412573279837,0.0024143490489463293
601019.SH,出版业,2023-11-13,value_quality_sector_stopfall,1.5123426407937308,10.475,1.3687,1884470.7,68843.6844,9.242,15.5802,37.9984,9.5051,10.1623,57.0,0.2282434741083259,0.03412264079373073
000589.SZ,汽车配件,2023-11-13,value_quality_sector_stopfall,1.4714326139046787,9.1951,1.0886,736902.0971,136583.3543,9.3696,9.0254,60.0705,12.5661,145.8808,54.0,0.12026722911714716,0.014274718120864893
600428.SH,水运,2023-11-13,value_quality_sector_stopfall,1.3942168779717021,11.8435,1.0056,1144164.8609,91167.10855,8.2952,10.3447,58.0432,-3.3633,18.8795,60.0,0.17018268276617077,0.007369528538864856
601098.SH,出版业,2023-11-13,value_quality_sector_stopfall,1.1988733074603974,13.4134,1.4173,2097728.0,127866.7747,8.3931,14.0436,37.5437,5.9285,15.3766,50.0,0.2282434741083259,0.03412264079373073
002588.SZ,农药化肥,2023-11-13,value_quality_sector_stopfall,1.1380481355912355,12.2396,1.2137,726523.152,86813.75080000001,10.1587,7.7443,43.1034,10.4872,35.7668,60.0,0.09614368379268634,0.002519785131882557
600332.SH,中成药,2023-11-13,value_quality_sector_stopfall,1.1134798530644927,11.1286,1.3753,4766819.0625,178310.99145,11.3638,6.7522,51.0769,6.1647,9.1206,48.0,0.08864690507071815,0.003980947993774464
000521.SZ,家用电器,2023-11-13,value_quality_sector_stopfall,1.0930969467222724,10.7403,1.1172,624133.7713,102904.61945,9.2753,2.7076,69.1325,24.6644,207.5086,56.0,0.08520407737039681,0.0074475360185422
002078.SZ,造纸,2023-11-13,value_quality_sector_stopfall,1.0030382885752565,12.3381,1.3085,3303316.6287,144253.41999999998,8.8419,7.3556,50.3977,-1.4775,-5.7949,60.0,0.09067943971689085,0.00836951552503229
002128.SZ,煤炭开采,2023-11-14,value_quality_sector_stopfall,2.1211842765390063,6.9358,0.9898,2990259.0397,117036.74669999999,13.3508,19.8451,33.4004,-0.6941,10.0635,60.0,0.04535760541058864,0.0025446711284182744
000598.SZ,水务,2023-11-14,value_quality_sector_stopfall,2.0402997564224683,9.4771,1.0297,1642061.4766,103421.21365,9.6987,26.8106,59.1671,15.1573,8.3753,60.0,0.07406446375697384,0.002873959332160947
600985.SH,煤炭开采,2023-11-14,value_quality_sector_stopfall,1.893484276539007,5.3203,1.0004,3644645.5124,252397.69480000003,14.4463,8.6805,52.6366,-3.0073,-2.6616,60.0,0.04535760541058864,0.0025446711284182744
002478.SZ,钢加工,2023-11-14,value_quality_sector_stopfall,1.861554255260548,7.1133,1.0496,530928.2683,81320.76645000001,12.8986,12.4617,33.1242,13.9465,79.5314,60.0,0.0969281586528834,0.007245429940997861
601163.SH,汽车配件,2023-11-14,value_quality_sector_stopfall,1.7356771491055394,8.7796,0.9279,1163200.0,69187.1911,8.7278,13.4387,31.7369,15.6531,124.893,60.0,0.1279263425775976,0.014588806527941811
600461.SH,水务,2023-11-14,value_quality_sector_stopfall,1.701235756422468,8.7874,1.2947,940327.0091,52232.92155000001,12.1211,17.6524,62.9107,5.5237,14.8545,60.0,0.07406446375697384,0.002873959332160947
601019.SH,出版业,2023-11-14,value_quality_sector_stopfall,1.5406068045880341,10.301,1.346,1853167.2,70119.70700000001,9.242,15.5802,37.9984,9.5051,10.1623,57.0,0.23223587952091496,0.035653471254700975
000589.SZ,汽车配件,2023-11-14,value_quality_sector_stopfall,1.4706858157722063,9.2549,1.0957,741694.9562,136053.52195,9.3696,9.0254,60.0705,12.5661,145.8808,55.0,0.1279263425775976,0.014588806527941811
600428.SH,水运,2023-11-14,value_quality_sector_stopfall,1.422038346771732,11.7546,0.9981,1135578.2579,93194.5468,8.2952,10.3447,58.0432,-3.3633,18.8795,60.0,0.1815712349727605,0.012875778465638144
601098.SH,出版业,2023-11-14,value_quality_sector_stopfall,1.2397441379213674,13.1263,1.387,2052828.0,128545.23189999998,8.3931,14.0436,37.5437,5.9285,15.3766,50.0,0.23223587952091496,0.035653471254700975
002588.SZ,农药化肥,2023-11-14,value_quality_sector_stopfall,1.1415210072315152,12.2006,1.2099,724209.384,87456.60975,10.1587,7.7443,43.1034,10.4872,35.7668,60.0,0.09328885586422575,0.0037141513672893645
000521.SZ,家用电器,2023-11-14,value_quality_sector_stopfall,1.117486116404382,10.6517,1.108,618984.1527,100111.0838,9.2753,2.7076,69.1325,24.6644,207.5086,57.0,0.0963455212910318,0.008655261780016854
600332.SH,中成药,2023-11-14,value_quality_sector_stopfall,1.1083878447586222,11.1551,1.3786,4778199.5991,175980.92719999998,11.3638,6.7522,51.0769,6.1647,9.1206,49.0,0.0880362795098999,0.003466231915389084
002078.SZ,造纸,2023-11-14,value_quality_sector_stopfall,0.9995735144740423,12.3381,1.3085,3303316.6287,143535.11005,8.8419,7.3556,50.3977,-1.4775,-5.7949,60.0,0.08743523969201084,0.008148941448698155
002128.SZ,煤炭开采,2023-11-15,value_quality_sector_stopfall,2.1079180066780756,7.0554,1.0069,3041815.23,117380.4838,13.3508,19.8451,33.4004,-0.6941,10.0635,60.0,0.050493596662771756,0.0035157433486368017
000598.SZ,水务,2023-11-15,value_quality_sector_stopfall,2.0394804550321592,9.546,1.0372,1654003.7418,103292.73294999999,9.6987,26.8106,59.1671,15.1573,8.3753,60.0,0.08040184686731378,0.0053106081648452985
600985.SH,煤炭开采,2023-11-15,value_quality_sector_stopfall,1.8968246733447418,5.3348,1.0031,3654569.6663,249235.17364999995,14.4463,8.6805,52.6366,-3.0073,-2.6616,60.0,0.050493596662771756,0.0035157433486368017
002478.SZ,钢加工,2023-11-15,value_quality_sector_stopfall,1.8496642707685476,7.2582,1.071,541745.143,83460.0605,12.8986,12.4617,33.1242,13.9465,79.5314,60.0,0.10743892426909518,0.008771346499452326
601163.SH,汽车配件,2023-11-15,value_quality_sector_stopfall,1.7196678455260839,9.0755,0.9591,1202400.0,75070.6142,8.7278,13.4387,31.7369,15.6531,124.893,60.0,0.15196006973871845,0.015072442454032053
600461.SH,水务,2023-11-15,value_quality_sector_stopfall,1.6847897883654923,8.9407,1.3172,956728.0616,54019.5094,12.1211,17.6524,62.9107,5.5237,14.8545,60.0,0.08040184686731378,0.0053106081648452985
601019.SH,出版业,2023-11-15,value_quality_sector_stopfall,1.5481406355836025,10.2546,1.3399,1844819.6,70936.83095,9.242,15.5802,37.9984,9.5051,10.1623,57.0,0.21372917529356616,0.036027302250269067
000589.SZ,汽车配件,2023-11-15,value_quality_sector_stopfall,1.427703178859417,9.7184,1.1506,778839.6148,142490.97960000002,9.3696,9.0254,60.0705,12.5661,145.8808,56.0,0.15196006973871845,0.015072442454032053
600428.SH,水运,2023-11-15,value_quality_sector_stopfall,1.4237273990148158,11.7769,1.0,1137724.9086,94566.50265000001,8.2952,10.3447,58.0432,-3.3633,18.8795,60.0,0.18035219105005007,0.018537207964765656
601098.SH,出版业,2023-11-15,value_quality_sector_stopfall,1.236991302250269,13.1492,1.3894,2056420.0,122911.25425,8.3931,14.0436,37.5437,5.9285,15.3766,50.0,0.21372917529356616,0.036027302250269067
002588.SZ,农药化肥,2023-11-15,value_quality_sector_stopfall,1.1293001252876715,12.3565,1.2253,733464.456,88655.54655,10.1587,7.7443,43.1034,10.4872,35.7668,60.0,0.09969209250890021,0.005750032778771397
600332.SH,中成药,2023-11-15,value_quality_sector_stopfall,1.099122761687489,11.2311,1.388,4810715.4181,165983.03084999998,11.3638,6.7522,51.0769,6.1647,9.1206,50.0,0.08962274169925877,0.003948019988230023
000521.SZ,家用电器,2023-11-15,value_quality_sector_stopfall,1.046325904596805,11.2543,1.1707,654001.559,117129.20015,9.2753,2.7076,69.1325,24.6644,207.5086,58.0,0.10504805544753504,0.010765849149270146
002078.SZ,造纸,2023-11-15,value_quality_sector_stopfall,1.0005786097795624,12.3485,1.3096,3306111.3128,144874.33315000002,8.8419,7.3556,50.3977,-1.4775,-5.7949,60.0,0.08894418554365946,0.009071757569236283
002128.SZ,煤炭开采,2023-11-16,value_quality_sector_stopfall,2.0993369929430736,7.1126,1.015,3066472.5384,118222.92635,13.3508,19.8451,33.4004,-0.6941,10.0635,60.0,0.050516032204586114,0.0041256274051542086
000598.SZ,水务,2023-11-16,value_quality_sector_stopfall,2.042036216299717,9.5116,1.0334,1648032.6092,103580.18234999999,9.6987,26.8106,59.1671,15.1573,8.3753,60.0,0.07576665284379125,0.007674896789259256
600985.SH,煤炭开采,2023-11-16,value_quality_sector_stopfall,1.8912169929430738,5.3674,1.0092,3676899.0125,249956.0434,14.4463,8.6805,52.6366,-3.0073,-2.6616,60.0,0.050516032204586114,0.0041256274051542086
002478.SZ,钢加工,2023-11-16,value_quality_sector_stopfall,1.8512141503679944,7.1978,1.0621,537238.1119,83504.22735,12.8986,12.4617,33.1242,13.9465,79.5314,60.0,0.0967186599193417,0.011081490448652698
601163.SH,汽车配件,2023-11-16,value_quality_sector_stopfall,1.7249096791411969,9.009,0.9521,1193600.0,74971.96485,8.7278,13.4387,31.7369,15.6531,124.893,60.0,0.14526128258317939,0.017913063224684
600483.SH,新型电力,2023-11-16,value_quality_sector_stopfall,1.721147511073075,8.4461,1.0699,2213161.9862,80823.708,8.002,18.5222,46.5909,12.7183,1.6869,60.0,0.058625654597865395,0.0013751898085427872
600461.SH,水务,2023-11-16,value_quality_sector_stopfall,1.6774122162997174,8.9713,1.3218,960008.2721,54946.07215,12.1211,17.6524,62.9107,5.5237,14.8545,60.0,0.07576665284379125,0.007674896789259256
601019.SH,出版业,2023-11-16,value_quality_sector_stopfall,1.527303226936189,10.4054,1.3596,1871949.3,73395.2314,9.242,15.5802,37.9984,9.5051,10.1623,57.0,0.2587501529656482,0.0383765602695223
000589.SZ,汽车配件,2023-11-16,value_quality_sector_stopfall,1.4478116791411968,9.5539,1.1311,765659.2521,143624.595,9.3696,9.0254,60.0705,12.5661,145.8808,57.0,0.14526128258317939,0.017913063224684
600428.SH,水运,2023-11-16,value_quality_sector_stopfall,1.4084253910183957,11.6435,0.9886,1124845.004,93933.6292,8.2952,10.3447,58.0432,-3.3633,18.8795,60.0,0.14479863408169003,0.022295423603372333
601098.SH,出版业,2023-11-16,value_quality_sector_stopfall,1.1968672269361889,13.4593,1.4221,2104912.0,124516.45355,8.3931,14.0436,37.5437,5.9285,15.3766,50.0,0.2587501529656482,0.0383765602695223
002588.SZ,农药化肥,2023-11-16,value_quality_sector_stopfall,1.1259355148316257,12.337,1.2234,732307.572,89102.02895,10.1587,7.7443,43.1034,10.4872,35.7668,60.0,0.09117882617474282,0.008332021990216099
600332.SH,中成药,2023-11-16,value_quality_sector_stopfall,1.1069860615528075,11.1172,1.3739,4761941.6896,156221.3951,11.3638,6.7522,51.0769,6.1647,9.1206,51.0,0.07809484943416689,0.006345878785307235
000521.SZ,家用电器,2023-11-16,value_quality_sector_stopfall,1.0632118485383917,11.0948,1.1541,644732.2456,126489.39395000001,9.2753,2.7076,69.1325,24.6644,207.5086,59.0,0.09778255257625368,0.013217295962137943
002078.SZ,造纸,2023-11-16,value_quality_sector_stopfall,0.9795870654745098,12.4738,1.3229,3339647.5222,143350.1013,8.8419,7.3556,50.3977,-1.4775,-5.7949,60.0,0.08360358842187332,0.010640810385969868
601298.SH,港口,2023-11-17,value_quality_sector_stopfall,2.242136019557763,7.9828,0.9886,3881677.8,53971.34625,9.8826,31.1129,27.6412,-7.7194,9.832,60.0,0.037430060984187774,0.0006552919069087171
002128.SZ,煤炭开采,2023-11-17,value_quality_sector_stopfall,2.102371175710007,7.0762,1.0098,3050781.524,116830.31215000001,13.3508,19.8451,33.4004,-0.6941,10.0635,60.0,0.0473535287264939,0.004428980316846687
000598.SZ,水务,2023-11-17,value_quality_sector_stopfall,2.0408994662647566,9.546,1.0372,1654003.7418,102493.0391,9.6987,26.8106,59.1671,15.1573,8.3753,60.0,0.0777741678888293,0.009357298375927137
601000.SH,港口,2023-11-17,value_quality_sector_stopfall,1.9702906862244298,10.6327,1.0371,2038519.4432,101354.334,8.3113,38.4728,10.5505,1.1294,16.417,60.0,0.037430060984187774,0.0006552919069087171
601006.SH,铁路,2023-11-17,value_quality_sector_stopfall,1.9079814769140484,9.4122,0.8166,10821461.2683,293683.30295000004,8.4238,20.5027,27.8312,3.461,2.7843,60.0,0.059248458684472594,0.00023768489624265143
600985.SH,煤炭开采,2023-11-17,value_quality_sector_stopfall,1.8973645090433406,5.3203,1.0004,3644645.5124,251195.61845,14.4463,8.6805,52.6366,-3.0073,-2.6616,60.0,0.0473535287264939,0.004428980316846687
002478.SZ,钢加工,2023-11-17,value_quality_sector_stopfall,1.8637999439030817,7.2099,1.0639,538139.5181,83159.44330000001,12.8986,12.4617,33.1242,13.9465,79.5314,60.0,0.10864631897570298,0.013746291594045612
601163.SH,汽车配件,2023-11-17,value_quality_sector_stopfall,1.7275747429857113,9.1781,0.97,1216000.0,77910.33875,8.7278,13.4387,31.7369,15.6531,124.893,60.0,0.16642424256480082,0.02262183375424387
600483.SH,新型电力,2023-11-17,value_quality_sector_stopfall,1.7159433786066622,8.5334,1.0809,2236030.4798,80786.9678,8.002,18.5222,46.5909,12.7183,1.6869,60.0,0.06376044271937409,0.00418960255395473
600461.SH,水务,2023-11-17,value_quality_sector_stopfall,1.696302132931423,8.8793,1.3082,950167.6406,56695.8962,12.1211,17.6524,62.9107,5.5237,14.8545,60.0,0.0777741678888293,0.009357298375927137
601019.SH,出版业,2023-11-17,value_quality_sector_stopfall,1.5182051224119315,10.4982,1.3717,1888644.5,73911.01555,9.242,15.5802,37.9984,9.5051,10.1623,57.0,0.2680574774716915,0.043531789078598226
000012.SZ,玻璃,2023-11-17,value_quality_sector_stopfall,1.4417309194456538,9.0463,1.2093,1676597.8904,53496.62810000001,10.9784,10.8026,49.9711,24.7706,-11.1392,60.0,0.04968839066343178,0.0021065287822221723
000589.SZ,汽车配件,2023-11-17,value_quality_sector_stopfall,1.4301500763190447,9.8529,1.1665,789623.5479,148136.69765000002,9.3696,9.0254,60.0705,12.5661,145.8808,58.0,0.16642424256480082,0.02262183375424387
600428.SH,水运,2023-11-17,value_quality_sector_stopfall,1.4067740466483187,11.5769,0.983,1118405.0517,94828.18525000001,8.2952,10.3447,58.0432,-3.3633,18.8795,60.0,0.13230822681321075,0.024961153168441275
601098.SH,出版业,2023-11-17,value_quality_sector_stopfall,1.1815357890785982,13.6086,1.4379,2128260.0,125291.53545,8.3931,14.0436,37.5437,5.9285,15.3766,50.0,0.2680574774716915,0.043531789078598226
002588.SZ,农药化肥,2023-11-17,value_quality_sector_stopfall,1.1237693851027428,12.415,1.2311,736935.108,90565.19630000001,10.1587,7.7443,43.1034,10.4872,35.7668,60.0,0.09691842680042195,0.010759624968987413
600332.SH,中成药,2023-11-17,value_quality_sector_stopfall,1.122684826838439,11.2007,1.3842,4797709.0905,154075.40855,11.3638,6.7522,51.0769,6.1647,9.1206,52.0,0.1020476825808696,0.010525144257569563
000521.SZ,家用电器,2023-11-17,value_quality_sector_stopfall,1.0617117953855049,11.2188,1.167,651941.7116,132176.29695,9.2753,2.7076,69.1325,24.6644,207.5086,60.0,0.11003039572996887,0.016336066322202747
002078.SZ,造纸,2023-11-17,value_quality_sector_stopfall,1.0046796473059787,12.3172,1.3063,3297727.2604,142549.72095,8.8419,7.3556,50.3977,-1.4775,-5.7949,60.0,0.08605537054110513,0.011774943431540175
002128.SZ,煤炭开采,2023-11-20,value_quality_sector_stopfall,2.0993583813386536,7.0814,1.0106,3053023.0975,113584.19480000001,13.3508,19.8451,33.4004,-0.6941,10.0635,60.0,0.04343446064729428,0.00621525402469314
000598.SZ,水务,2023-11-20,value_quality_sector_stopfall,2.016087790437193,9.5633,1.039,1656989.3082,102195.6463,9.6987,26.8106,59.1671,15.1573,8.3753,60.0,0.052571741847652564,0.012101381922873689
600985.SH,煤炭开采,2023-11-20,value_quality_sector_stopfall,1.9021783813386541,5.2841,0.9936,3619835.1277,247549.8601,14.4463,8.6805,52.6366,-3.0073,-2.6616,60.0,0.04343446064729428,0.00621525402469314
601006.SH,铁路,2023-11-20,value_quality_sector_stopfall,1.8958117831746877,9.3988,0.8155,10806089.8744,294997.3299,8.4238,20.5027,27.8312,3.461,2.7843,60.0,0.04108278967980028,0.004606993494887579
002478.SZ,钢加工,2023-11-20,value_quality_sector_stopfall,1.8437851834629755,7.2341,1.0674,539942.3306,83580.3744,12.8986,12.4617,33.1242,13.9465,79.5314,60.0,0.08873336019422373,0.01759115660208499
600483.SH,新型电力,2023-11-20,value_quality_sector_stopfall,1.7378927457553337,8.2716,1.0478,2167424.9991,86285.52335,8.002,18.5222,46.5909,12.7183,1.6869,60.0,0.04277856665136981,0.007600845770630471
601163.SH,汽车配件,2023-11-20,value_quality_sector_stopfall,1.728957935646931,9.154,0.9674,1212800.0,78606.50315,8.7278,13.4387,31.7369,15.6531,124.893,60.0,0.15847482422820458,0.028614444752059542
600461.SH,水务,2023-11-20,value_quality_sector_stopfall,1.6839304571038598,8.818,1.2992,943607.2196,57335.4262,12.1211,17.6524,62.9107,5.5237,14.8545,60.0,0.052571741847652564,0.012101381922873689
601019.SH,出版业,2023-11-20,value_quality_sector_stopfall,1.5162737413608816,10.5446,1.3778,1896992.1,74415.00585,9.242,15.5802,37.9984,9.5051,10.1623,57.0,0.2074453170001478,0.04876040802754811
000589.SZ,汽车配件,2023-11-20,value_quality_sector_stopfall,1.4477599356469306,9.7184,1.1506,778839.6148,150005.0959,9.3696,9.0254,60.0705,12.5661,145.8808,59.0,0.15847482422820458,0.028614444752059542
000012.SZ,玻璃,2023-11-20,value_quality_sector_stopfall,1.4455074408075368,9.096,1.2159,1685809.9667,53357.06475,10.9784,10.8026,49.9711,24.7706,-11.1392,60.0,0.05753649860975574,0.005748275531114455
600428.SH,水运,2023-11-20,value_quality_sector_stopfall,1.3812322161830457,11.6435,0.9886,1124845.004,93593.8923,8.2952,10.3447,58.0432,-3.3633,18.8795,60.0,0.11266402337651016,0.027236859473202202
601098.SH,出版业,2023-11-20,value_quality_sector_stopfall,1.1993577413608816,13.5167,1.4282,2113892.0,125493.64455,8.3931,14.0436,37.5437,5.9285,15.3766,50.0,0.2074453170001478,0.04876040802754811
002588.SZ,农药化肥,2023-11-20,value_quality_sector_stopfall,1.1199386118323138,12.376,1.2273,734621.34,90897.02985,10.1587,7.7443,43.1034,10.4872,35.7668,60.0,0.08410461930885105,0.014609325856796085
600332.SH,中成药,2023-11-20,value_quality_sector_stopfall,1.107918479764525,11.3146,1.3983,4846482.819,155856.7037,11.3638,6.7522,51.0769,6.1647,9.1206,53.0,0.09899153320229392,0.015808279895564548
000521.SZ,家用电器,2023-11-20,value_quality_sector_stopfall,1.0418272021000377,11.3429,1.1799,659151.1776,136752.97470000002,9.2753,2.7076,69.1325,24.6644,207.5086,60.0,0.10301181589116015,0.020343386208877545
002078.SZ,造纸,2023-11-20,value_quality_sector_stopfall,0.9783543430872421,12.3798,1.313,3314495.3651,139818.02474999998,8.8419,7.3556,50.3977,-1.4775,-5.7949,60.0,0.06574888312321292,0.014396126630695782
000630.SZ,铜,2023-11-20,value_quality_sector_stopfall,0.9715211064377854,11.0656,1.1908,3812770.0061,253608.7915,8.9197,3.2534,50.7257,15.6851,-9.0025,54.0,0.03445740646657769,0.00340236663787441
601139.SH,供气供热,2023-11-20,value_quality_sector_stopfall,0.9660312882611772,13.2487,1.3979,1941793.0835,55249.82170000001,8.1092,5.3373,62.2456,2.8789,28.2278,45.0,0.3516900304647408,0.07893328826117707
002128.SZ,煤炭开采,2023-11-21,value_quality_sector_stopfall,2.092874201205759,7.1334,1.018,3075438.8324,113905.1592,13.3508,19.8451,33.4004,-0.6941,10.0635,60.0,0.04356436823764498,0.008001166301447649
601006.SH,铁路,2023-11-21,value_quality_sector_stopfall,1.9059115745372355,9.4657,0.8213,10882946.8437,290890.22115,8.4238,20.5027,27.8312,3.461,2.7843,60.0,0.055297734090088424,0.008818507113813823
600985.SH,煤炭开采,2023-11-21,value_quality_sector_stopfall,1.8971475345390927,5.3203,1.0004,3644645.5124,246052.97489999997,14.4463,8.6805,52.6366,-3.0073,-2.6616,60.0,0.04356436823764498,0.008001166301447649
002478.SZ,钢加工,2023-11-21,value_quality_sector_stopfall,1.8020030999638104,7.2582,1.071,541745.143,84514.51460000001,12.8986,12.4617,33.1242,13.9465,79.5314,60.0,0.049354711378534866,0.019194388585275446
600483.SH,新型电力,2023-11-21,value_quality_sector_stopfall,1.7290712598575348,8.2716,1.0478,2167424.9991,86855.47299999998,8.002,18.5222,46.5909,12.7183,1.6869,60.0,0.03160299537933464,0.009954931144866785
601163.SH,汽车配件,2023-11-21,value_quality_sector_stopfall,1.7036880853933576,9.166,0.9687,1214400.0,79867.3953,8.7278,13.4387,31.7369,15.6531,124.893,60.0,0.1309975992029564,0.032488486190401344
601019.SH,出版业,2023-11-21,value_quality_sector_stopfall,1.506848292052,10.6258,1.3884,1911600.4,74398.74345,9.242,15.5802,37.9984,9.5051,10.1623,57.0,0.22726419348972637,0.051814958718666704
000012.SZ,玻璃,2023-11-21,value_quality_sector_stopfall,1.4401747055610772,9.1126,1.2182,1688880.6589,54047.28079999999,10.9784,10.8026,49.9711,24.7706,-11.1392,60.0,0.0518666919838191,0.008725346910591458
000589.SZ,汽车配件,2023-11-21,value_quality_sector_stopfall,1.4350767520600245,9.6436,1.1417,772848.5408,150656.7066,9.3696,9.0254,60.0705,12.5661,145.8808,60.0,0.1309975992029564,0.032488486190401344
600428.SH,水运,2023-11-21,value_quality_sector_stopfall,1.3835049070135939,11.5769,0.983,1118405.0517,93672.65235,8.2952,10.3447,58.0432,-3.3633,18.8795,60.0,0.10604008567012913,0.02796015467679802
601098.SH,出版业,2023-11-21,value_quality_sector_stopfall,1.1724656253853334,13.7349,1.4513,2148016.0,122894.92730000001,8.3931,14.0436,37.5437,5.9285,15.3766,50.0,0.22726419348972637,0.051814958718666704
002588.SZ,农药化肥,2023-11-21,value_quality_sector_stopfall,1.115969837460802,12.337,1.2234,732307.572,91189.4069,10.1587,7.7443,43.1034,10.4872,35.7668,60.0,0.07208638032390247,0.0174587904702328
600332.SH,中成药,2023-11-21,value_quality_sector_stopfall,1.109753416946224,11.3411,1.4016,4857863.3556,156873.74375,11.3638,6.7522,51.0769,6.1647,9.1206,53.0,0.1007426132347824,0.019858803711441775
000521.SZ,家用电器,2023-11-21,value_quality_sector_stopfall,1.0607131988953584,11.1656,1.1614,648851.9405,137947.01004999998,9.2753,2.7076,69.1325,24.6644,207.5086,60.0,0.09505918468153096,0.023028680880494035
002078.SZ,造纸,2023-11-21,value_quality_sector_stopfall,0.9750704602043305,12.4216,1.3174,3325674.1016,139043.44905,8.8419,7.3556,50.3977,-1.4775,-5.7949,60.0,0.06605783248984043,0.016523294381156628
601139.SH,供气供热,2023-11-21,value_quality_sector_stopfall,0.9687416656870669,13.229,1.3958,1938916.353,55257.248349999994,8.1092,5.3373,62.2456,2.8789,28.2278,46.0,0.3405220236882034,0.07893033235373337
000630.SZ,铜,2023-11-21,value_quality_sector_stopfall,0.9547602220942498,11.2494,1.2106,3876105.056,262170.9932,8.9197,3.2534,50.7257,15.6851,-9.0025,54.0,0.04036726162972126,0.006184960464528322
002128.SZ,煤炭开采,2023-11-22,value_quality_sector_stopfall,2.0943958481348073,7.097,1.0128,3059747.8179,112355.51924999998,13.3508,19.8451,33.4004,-0.6941,10.0635,60.0,0.039022328865202516,0.008171519269604799
601006.SH,铁路,2023-11-22,value_quality_sector_stopfall,1.9175599808070682,9.4657,0.8213,10882946.8437,285482.656,8.4238,20.5027,27.8312,3.461,2.7843,60.0,0.06385567106469181,0.011908976409043204
600985.SH,煤炭开采,2023-11-22,value_quality_sector_stopfall,1.8927758481348074,5.3203,1.0004,3644645.5124,235994.73639999997,14.4463,8.6805,52.6366,-3.0073,-2.6616,60.0,0.039022328865202516,0.008171519269604799
002478.SZ,钢加工,2023-11-22,value_quality_sector_stopfall,1.8144984933055852,7.1254,1.0514,531829.6745,82950.08975,12.8986,12.4617,33.1242,13.9465,79.5314,60.0,0.04144806578707705,0.017676427518507953
601163.SH,汽车配件,2023-11-22,value_quality_sector_stopfall,1.697558242887177,9.0694,0.9585,1201600.0,80368.89035,8.7278,13.4387,31.7369,15.6531,124.893,60.0,0.11052208177149048,0.03359416111568647
601019.SH,出版业,2023-11-22,value_quality_sector_stopfall,1.4953478628280112,10.7302,1.402,1930382.5,75651.29395,9.242,15.5802,37.9984,9.5051,10.1623,57.0,0.26402813078475873,0.0563411961613447
000012.SZ,玻璃,2023-11-22,value_quality_sector_stopfall,1.4403922081601364,9.0795,1.2137,1682739.2746,54127.01895,10.9784,10.8026,49.9711,24.7706,-11.1392,60.0,0.046170533313386164,0.009432341513416764
000589.SZ,汽车配件,2023-11-22,value_quality_sector_stopfall,1.4396669095538435,9.4792,1.1222,759668.1781,151425.41055,9.3696,9.0254,60.0705,12.5661,145.8808,60.0,0.11052208177149048,0.03359416111568647
600428.SH,水运,2023-11-22,value_quality_sector_stopfall,1.3965057721055194,11.3769,0.966,1099085.1948,93172.96775,8.2952,10.3447,58.0432,-3.3633,18.8795,60.0,0.09557089415367659,0.026763544618509494
601098.SH,出版业,2023-11-22,value_quality_sector_stopfall,1.164398529494678,13.8268,1.461,2162384.0,121695.27665000001,8.3931,14.0436,37.5437,5.9285,15.3766,51.0,0.26402813078475873,0.0563411961613447
600332.SH,中成药,2023-11-22,value_quality_sector_stopfall,1.1275357899227874,11.3108,1.3978,4844857.028,156229.50705,11.3638,6.7522,51.0769,6.1647,9.1206,53.0,0.11091244787686794,0.022918008712586202
002588.SZ,农药化肥,2023-11-22,value_quality_sector_stopfall,1.1161059430837799,12.3176,1.2215,731150.688,78620.93590000001,10.1587,7.7443,43.1034,10.4872,35.7668,60.0,0.0690710225128437,0.01805025390426951
000521.SZ,家用电器,2023-11-22,value_quality_sector_stopfall,1.0677084227088893,11.0239,1.1467,640612.5507,137653.96749999997,9.2753,2.7076,69.1325,24.6644,207.5086,60.0,0.08203326642679865,0.023803156282090843
002078.SZ,造纸,2023-11-22,value_quality_sector_stopfall,0.9857306351339588,12.2441,1.2986,3278164.4716,135891.7372,8.8419,7.3556,50.3977,-1.4775,-5.7949,60.0,0.05237511195371658,0.01649952318024206
601139.SH,供气供热,2023-11-22,value_quality_sector_stopfall,0.977501578362896,13.1505,1.3875,1927409.431,54779.36935000001,8.1092,5.3373,62.2456,2.8789,28.2278,47.0,0.3283044781164781,0.07692357836289587
600368.SH,路桥,2023-11-23,value_quality_sector_stopfall,2.3708523561072825,7.4551,0.8096,501469.0864,53766.965749999996,9.2467,46.3684,36.4299,6.5085,19.7874,60.0,0.035173223264808984,0.002551132842473658
002128.SZ,煤炭开采,2023-11-23,value_quality_sector_stopfall,2.1011277936608264,7.1386,1.0187,3077680.4059,110915.23785,13.3508,19.8451,33.4004,-0.6941,10.0635,60.0,0.0516706445380013,0.008961815789491734
601006.SH,铁路,2023-11-23,value_quality_sector_stopfall,1.907224032812624,9.4791,0.8224,10898318.2375,269927.32945,8.4238,20.5027,27.8312,3.461,2.7843,60.0,0.053911014215497044,0.013144351930460374
600985.SH,煤炭开采,2023-11-23,value_quality_sector_stopfall,1.867294460327493,5.5231,1.0385,3783583.6668,237563.86090000003,14.4463,8.6805,52.6366,-3.0073,-2.6616,60.0,0.0516706445380013,0.008961815789491734
002478.SZ,钢加工,2023-11-23,value_quality_sector_stopfall,1.8104273348666935,7.2099,1.0639,538139.5181,78122.2728,12.8986,12.4617,33.1242,13.9465,79.5314,60.0,0.05161759840127589,0.01740240313208452
601163.SH,汽车配件,2023-11-23,value_quality_sector_stopfall,1.7127832349440302,9.166,0.9687,1214400.0,80364.17015,8.7278,13.4387,31.7369,15.6531,124.893,60.0,0.13816055831450824,0.034420676629522085
601019.SH,出版业,2023-11-23,value_quality_sector_stopfall,1.510521323477463,10.6374,1.3899,1913687.3,76988.1695,9.242,15.5802,37.9984,9.5051,10.1623,58.0,0.24825862143634048,0.057261323477463044
000012.SZ,玻璃,2023-11-23,value_quality_sector_stopfall,1.434326376663674,9.1623,1.2248,1698092.7352,54457.529650000004,10.9784,10.8026,49.9711,24.7706,-11.1392,60.0,0.05117613466396942,0.011280908666371436
000589.SZ,汽车配件,2023-11-23,value_quality_sector_stopfall,1.4332519016106968,9.7184,1.1506,778839.6148,153006.40395,9.3696,9.0254,60.0705,12.5661,145.8808,60.0,0.13816055831450824,0.034420676629522085
600428.SH,水运,2023-11-23,value_quality_sector_stopfall,1.3697126095252465,11.488,0.9754,1109818.4486,92724.62400000001,8.2952,10.3447,58.0432,-3.3633,18.8795,60.0,0.08292987561465592,0.02628473391059072
601098.SH,出版业,2023-11-23,value_quality_sector_stopfall,1.1968319901441298,13.5971,1.4367,2126464.0,122327.93615,8.3931,14.0436,37.5437,5.9285,15.3766,52.0,0.24825862143634048,0.057261323477463044
002588.SZ,农药化肥,2023-11-23,value_quality_sector_stopfall,1.0895423102760673,12.376,1.2273,734621.34,71334.1558,10.1587,7.7443,43.1034,10.4872,35.7668,60.0,0.04935502026787142,0.018962623341529206
600332.SH,中成药,2023-11-23,value_quality_sector_stopfall,1.087803609468443,11.5043,1.4217,4927772.3664,162427.52515,11.3638,6.7522,51.0769,6.1647,9.1206,53.0,0.09640941824408245,0.026522191224360503
000521.SZ,家用电器,2023-11-23,value_quality_sector_stopfall,1.0657935916329766,11.1302,1.1577,646792.093,135495.97454999998,9.2753,2.7076,69.1325,24.6644,207.5086,60.0,0.09343446977872616,0.02490712185425048
601139.SH,供气供热,2023-11-23,value_quality_sector_stopfall,0.9651497400296092,13.229,1.3958,1938916.353,54505.33825000001,8.1092,5.3373,62.2456,2.8789,28.2278,47.0,0.32686011626084155,0.07533840669627567
000630.SZ,铜,2023-11-23,value_quality_sector_stopfall,0.9634568464326682,11.1391,1.1987,3838104.0261,256619.23935,8.9197,3.2534,50.7257,15.6851,-9.0025,54.0,0.033515705667575,0.006446474098426469
002078.SZ,造纸,2023-11-23,value_quality_sector_stopfall,0.9386476804054117,12.4425,1.3196,3331263.4698,135592.5078,8.8419,7.3556,50.3977,-1.4775,-5.7949,60.0,0.03244192817028835,0.01657641890179007
600368.SH,路桥,2023-11-24,value_quality_sector_stopfall,2.365889017695075,7.4735,0.8116,502707.2817,52144.95895,9.2467,46.3684,36.4299,6.5085,19.7874,60.0,0.03361103185165537,0.0017099858434190818
002128.SZ,煤炭开采,2023-11-24,value_quality_sector_stopfall,2.1099126889605584,7.123,1.0165,3070955.6854,110183.24865,13.3508,19.8451,33.4004,-0.6941,10.0635,60.0,0.05684741816640804,0.01006327079415037
601006.SH,铁路,2023-11-24,value_quality_sector_stopfall,1.9529298818099576,9.5593,0.8294,10990546.6006,263049.80175,8.4238,20.5027,27.8312,3.461,2.7843,60.0,0.10713035870033694,0.015644189776287343
600985.SH,煤炭开采,2023-11-24,value_quality_sector_stopfall,1.870099355627225,5.5412,1.0419,3795988.8591,241428.89239999995,14.4463,8.6805,52.6366,-3.0073,-2.6616,60.0,0.05684741816640804,0.01006327079415037
002478.SZ,钢加工,2023-11-24,value_quality_sector_stopfall,1.8003565746061863,7.1375,1.0532,532731.0807,76178.4372,12.8986,12.4617,33.1242,13.9465,79.5314,60.0,0.0319364132598734,0.01505282801297958
601163.SH,汽车配件,2023-11-24,value_quality_sector_stopfall,1.7186762920611682,9.0573,0.9572,1200000.0,76551.62935,8.7278,13.4387,31.7369,15.6531,124.893,60.0,0.13054218883028823,0.03301876989754682
601019.SH,出版业,2023-11-24,value_quality_sector_stopfall,1.522057180177337,10.5678,1.3808,1901165.9,78227.03319999999,9.242,15.5802,37.9984,9.5051,10.1623,59.0,0.26397107683367027,0.058090513510670405
000589.SZ,汽车配件,2023-11-24,value_quality_sector_stopfall,1.4394782920611684,9.6137,1.1382,770452.1113,149740.87735000002,9.3696,9.0254,60.0705,12.5661,145.8808,60.0,0.13054218883028823,0.03301876989754682
000012.SZ,玻璃,2023-11-24,value_quality_sector_stopfall,1.4192063730039692,9.1457,1.2226,1695022.0431,54098.66165,10.9784,10.8026,49.9711,24.7706,-11.1392,60.0,0.03292979715367128,0.011833909183631253
600428.SH,水运,2023-11-24,value_quality_sector_stopfall,1.3889130895649735,11.3324,0.9622,1094791.8932,91996.25954999999,8.2952,10.3447,58.0432,-3.3633,18.8795,60.0,0.08385469772843068,0.025387058503209436
601098.SH,出版业,2023-11-24,value_quality_sector_stopfall,1.2244078468440038,13.4019,1.4161,2095932.0,123444.11399999999,8.3931,14.0436,37.5437,5.9285,15.3766,53.0,0.26397107683367027,0.058090513510670405
002588.SZ,农药化肥,2023-11-24,value_quality_sector_stopfall,1.0956778002910135,12.2981,1.2195,729993.804,65327.105350000005,10.1587,7.7443,43.1034,10.4872,35.7668,60.0,0.04571675877974868,0.018343041511264868
000521.SZ,家用电器,2023-11-24,value_quality_sector_stopfall,1.0871952023295863,11.0239,1.1467,640612.5507,134366.96355,9.2753,2.7076,69.1325,24.6644,207.5086,60.0,0.10085565605424063,0.024467546275345864
600332.SH,中成药,2023-11-24,value_quality_sector_stopfall,1.0817965151219082,11.6637,1.4414,4996055.5863,167568.76015000002,11.3638,6.7522,51.0769,6.1647,9.1206,53.0,0.11261325259826127,0.028071262523647
601139.SH,供气供热,2023-11-24,value_quality_sector_stopfall,0.9678571886451026,13.1898,1.3917,1933162.892,51395.4643,8.1092,5.3373,62.2456,2.8789,28.2278,47.0,0.30964724316311987,0.0726991886451025
600368.SH,路桥,2023-11-27,value_quality_sector_stopfall,2.3679647746145296,7.4367,0.8076,500230.8911,51634.44495,9.2467,46.3684,36.4299,6.5085,19.7874,60.0,0.03095981955495586,0.0013169550595737434
002128.SZ,煤炭开采,2023-11-27,value_quality_sector_stopfall,2.08266168995274,7.3985,1.0558,3189759.0805,119244.821,13.3508,19.8451,33.4004,-0.6941,10.0635,60.0,0.07356191301931769,0.010664443600089113
601006.SH,铁路,2023-11-27,value_quality_sector_stopfall,1.9270027629631974,9.5325,0.8271,10959803.8129,254079.27245,8.4238,20.5027,27.8312,3.461,2.7843,60.0,0.07761592403292394,0.0159115055969401
600985.SH,煤炭开采,2023-11-27,value_quality_sector_stopfall,1.8630283566194068,5.668,1.0658,3882825.2056,248644.3778,14.4463,8.6805,52.6366,-3.0073,-2.6616,60.0,0.07356191301931769,0.010664443600089113
601163.SH,汽车配件,2023-11-27,value_quality_sector_stopfall,1.7527012166508225,9.0996,0.9617,1205600.0,73666.63174999999,8.7278,13.4387,31.7369,15.6531,124.893,60.0,0.17151368508007359,0.031892198237415625
601019.SH,出版业,2023-11-27,value_quality_sector_stopfall,1.533684041018244,10.475,1.3687,1884470.7,77830.8179,9.242,15.5802,37.9984,9.5051,10.1623,59.0,0.2093484630313187,0.05546404101824387
000589.SZ,汽车配件,2023-11-27,value_quality_sector_stopfall,1.472796549984156,9.6586,1.1435,774046.7556,145240.006,9.3696,9.0254,60.0705,12.5661,145.8808,60.0,0.17151368508007359,0.031892198237415625
600428.SH,水运,2023-11-27,value_quality_sector_stopfall,1.406700954073204,11.3769,0.966,1099085.1948,90808.2784,8.2952,10.3447,58.0432,-3.3633,18.8795,60.0,0.10872080187648714,0.023808818863383596
601098.SH,出版业,2023-11-27,value_quality_sector_stopfall,1.2501613743515771,13.1952,1.3942,2063604.0,122362.5165,8.3931,14.0436,37.5437,5.9285,15.3766,53.0,0.2093484630313187,0.05546404101824387
000521.SZ,家用电器,2023-11-27,value_quality_sector_stopfall,1.117297849344849,10.953,1.1393,636492.8559,132542.9511,9.2753,2.7076,69.1325,24.6644,207.5086,60.0,0.12226263749480304,0.023503211850046002
600332.SH,中成药,2023-11-27,value_quality_sector_stopfall,1.0908924049072992,11.5423,1.4264,4944030.2759,170721.36315,11.3638,6.7522,51.0769,6.1647,9.1206,53.0,0.10454102810616028,0.02714604346780547
002588.SZ,农药化肥,2023-11-27,value_quality_sector_stopfall,1.0813193796030085,12.415,1.2311,736935.108,60746.171050000004,10.1587,7.7443,43.1034,10.4872,35.7668,60.0,0.05000371197939324,0.015224334290281805
600368.SH,路桥,2023-11-28,value_quality_sector_stopfall,2.3684651558975727,7.4551,0.8096,501469.0864,50968.22374999999,9.2467,46.3684,36.4299,6.5085,19.7874,60.0,0.033911801171615075,0.001425354725957284
002128.SZ,煤炭开采,2023-11-28,value_quality_sector_stopfall,2.0806698127123138,7.4089,1.0573,3194242.2275,123284.73495,13.3508,19.8451,33.4004,-0.6941,10.0635,60.0,0.07231888169002887,0.011608931022284885
000598.SZ,水务,2023-11-28,value_quality_sector_stopfall,1.9735733972894964,9.6322,1.0465,1668931.5734,71816.3708,9.6987,26.8106,59.1671,15.1573,8.3753,60.0,0.030423448594913527,0.0013286153612495077
601006.SH,铁路,2023-11-28,value_quality_sector_stopfall,1.9100461591314244,9.5726,0.8305,11005917.9945,252242.95545,8.4238,20.5027,27.8312,3.461,2.7843,60.0,0.06486904023577855,0.01664178556231244
600985.SH,煤炭开采,2023-11-28,value_quality_sector_stopfall,1.8606764793789805,5.6788,1.0678,3890268.321,243795.99954999998,14.4463,8.6805,52.6366,-3.0073,-2.6616,60.0,0.07231888169002887,0.011608931022284885
002478.SZ,钢加工,2023-11-28,value_quality_sector_stopfall,1.7851317808416565,7.1737,1.0585,535435.2994,68159.86885,12.8986,12.4617,33.1242,13.9465,79.5314,60.0,0.03038424921173344,0.0073268649632562965
601163.SH,汽车配件,2023-11-28,value_quality_sector_stopfall,1.7476730463614818,9.1721,0.9693,1215200.0,73028.3232,8.7278,13.4387,31.7369,15.6531,124.893,60.0,0.17442117488407693,0.033856538144071635
600461.SH,水务,2023-11-28,value_quality_sector_stopfall,1.6189960639561631,9.0122,1.3278,964381.8861,53533.282849999996,12.1211,17.6524,62.9107,5.5237,14.8545,60.0,0.030423448594913527,0.0013286153612495077
601019.SH,出版业,2023-11-28,value_quality_sector_stopfall,1.5203446157841776,10.417,1.3611,1874036.2,75308.87015,9.242,15.5802,37.9984,9.5051,10.1623,59.0,0.18003048053791826,0.05316080191292594
000589.SZ,汽车配件,2023-11-28,value_quality_sector_stopfall,1.4820617130281486,9.6287,1.1399,771650.326,142517.36284999998,9.3696,9.0254,60.0705,12.5661,145.8808,60.0,0.17442117488407693,0.033856538144071635
000012.SZ,玻璃,2023-11-28,value_quality_sector_stopfall,1.4139755247700148,9.212,1.2314,1707304.8115,56110.557799999995,10.9784,10.8026,49.9711,24.7706,-11.1392,60.0,0.04140465012683259,0.008414874643182246
600428.SH,水运,2023-11-28,value_quality_sector_stopfall,1.3964152009048998,11.3769,0.966,1099085.1948,87210.0319,8.2952,10.3447,58.0432,-3.3633,18.8795,60.0,0.0998895239121691,0.02235434365939737
601098.SH,出版业,2023-11-28,value_quality_sector_stopfall,1.2908486157841776,12.7358,1.3457,1991764.0,136013.9078,8.3931,14.0436,37.5437,5.9285,15.3766,53.0,0.18003048053791826,0.05316080191292594
000521.SZ,家用电器,2023-11-28,value_quality_sector_stopfall,1.1271522883763505,10.9175,1.1356,634433.0084,130919.20694999999,9.2753,2.7076,69.1325,24.6644,207.5086,60.0,0.12684335541212977,0.023943599630887435
600332.SH,中成药,2023-11-28,value_quality_sector_stopfall,1.0888638832302162,11.5499,1.4274,4947281.8578,169089.7716,11.3638,6.7522,51.0769,6.1647,9.1206,53.0,0.10402349718895909,0.026808386041257126
002588.SZ,农药化肥,2023-11-28,value_quality_sector_stopfall,1.0844733225804433,12.415,1.2311,736935.108,55892.5748,10.1587,7.7443,43.1034,10.4872,35.7668,60.0,0.054892829263429865,0.013489159983679944
002128.SZ,煤炭开采,2023-11-29,value_quality_sector_stopfall,2.080996250102654,7.5025,1.0707,3234590.5504,128672.57135000001,13.3508,19.8451,33.4004,-0.6941,10.0635,60.0,0.08519398471986372,0.01423359871612373
601006.SH,铁路,2023-11-29,value_quality_sector_stopfall,1.884386067968121,9.6128,0.834,11052032.176,253328.25725000002,8.4238,20.5027,27.8312,3.461,2.7843,60.0,0.044673532670446825,0.016190535297674113
600985.SH,煤炭开采,2023-11-29,value_quality_sector_stopfall,1.8469695834359874,5.8309,1.0964,3994471.9367,254157.6556,14.4463,8.6805,52.6366,-3.0073,-2.6616,60.0,0.08519398471986372,0.01423359871612373
601163.SH,汽车配件,2023-11-29,value_quality_sector_stopfall,1.744495576157974,9.0875,0.9604,1204000.0,71672.74265,8.7278,13.4387,31.7369,15.6531,124.893,60.0,0.1580894846033687,0.03543742488793833
000589.SZ,汽车配件,2023-11-29,value_quality_sector_stopfall,1.4781642428246404,9.5539,1.1311,765659.2521,140470.0155,9.3696,9.0254,60.0705,12.5661,145.8808,60.0,0.1580894846033687,0.03543742488793833
601019.SH,出版业,2023-11-29,value_quality_sector_stopfall,1.467693162164632,10.3474,1.352,1861514.8,73154.68830000001,9.242,15.5802,37.9984,9.5051,10.1623,59.0,0.12188931304020811,0.047943849124423954
600428.SH,水运,2023-11-29,value_quality_sector_stopfall,1.3935934855153171,11.288,0.9584,1090498.5917,86433.53775,8.2952,10.3447,58.0432,-3.3633,18.8795,60.0,0.08707188278172118,0.021356936066929455
601098.SH,出版业,2023-11-29,value_quality_sector_stopfall,1.287317162164632,12.2994,1.2996,1923516.0,140473.1969,8.3931,14.0436,37.5437,5.9285,15.3766,54.0,0.12188931304020811,0.047943849124423954
000521.SZ,家用电器,2023-11-29,value_quality_sector_stopfall,1.1189418878061443,10.8466,1.1283,630313.3136,128613.2341,9.2753,2.7076,69.1325,24.6644,207.5086,60.0,0.10903011974821264,0.023953101391265053
600332.SH,中成药,2023-11-29,value_quality_sector_stopfall,1.0875381776917665,11.4019,1.4091,4883876.0108,169393.58969999998,11.3638,6.7522,51.0769,6.1647,9.1206,53.0,0.08241120443531047,0.025028306589789384
000630.SZ,铜,2023-11-29,value_quality_sector_stopfall,0.9408649190180461,11.2494,1.2106,3876105.056,264650.80345,8.9197,3.2534,50.7257,15.6851,-9.0025,54.0,0.031557288684359586,0.001099630333686319
000425.SZ,工程机械,2023-11-29,value_quality_sector_stopfall,0.8948454005286222,14.6165,1.1744,6534339.8494,251336.8739,8.8882,6.7113,65.242,-4.5802,3.4954,45.0,0.06181343478124757,0.011160632414041416
600368.SH,路桥,2023-11-30,value_quality_sector_stopfall,2.370468564505969,7.4551,0.8096,501469.0864,50494.36395,9.2467,46.3684,36.4299,6.5085,19.7874,60.0,0.03441514717566152,0.002925417330306823
002128.SZ,煤炭开采,2023-11-30,value_quality_sector_stopfall,2.0675332434873517,7.5857,1.0825,3270455.7263,135910.96885,13.3508,19.8451,33.4004,-0.6941,10.0635,60.0,0.08342108780425561,0.015956822349763033
601000.SH,港口,2023-11-30,value_quality_sector_stopfall,1.8876854608553073,11.2509,1.0974,2157038.0155,100425.56820000001,8.3113,38.4728,10.5505,1.1294,16.417,60.0,0.03232434280038854,0.004569118054918775
601006.SH,铁路,2023-11-30,value_quality_sector_stopfall,1.8671967272464196,9.7063,0.8421,11159631.9329,260230.56965000002,8.4238,20.5027,27.8312,3.461,2.7843,60.0,0.03997511345726146,0.01533294712249167
600985.SH,煤炭开采,2023-11-30,value_quality_sector_stopfall,1.8649932434873522,5.7368,1.0787,3929964.9365,272403.1252,14.4463,8.6805,52.6366,-3.0073,-2.6616,60.0,0.08342108780425561,0.015956822349763033
601163.SH,汽车配件,2023-11-30,value_quality_sector_stopfall,1.721315646107649,8.9366,0.9445,1184000.0,72835.2003,8.7278,13.4387,31.7369,15.6531,124.893,60.0,0.11411525427052593,0.03557172517045637
000589.SZ,汽车配件,2023-11-30,value_quality_sector_stopfall,1.480057646107649,9.2399,1.0939,740496.7415,147439.6723,9.3696,9.0254,60.0705,12.5661,145.8808,60.0,0.11411525427052593,0.03557172517045637
601019.SH,出版业,2023-11-30,value_quality_sector_stopfall,1.452149845146031,10.4634,1.3672,1882383.8,68818.83415,9.242,15.5802,37.9984,9.5051,10.1623,60.0,0.12983756225630416,0.04231894955639337
600428.SH,水运,2023-11-30,value_quality_sector_stopfall,1.3677160672724278,11.5769,0.983,1118405.0517,92923.39635,8.2952,10.3447,58.0432,-3.3633,18.8795,60.0,0.09666150367137871,0.021549896934382362
601098.SH,出版业,2023-11-30,value_quality_sector_stopfall,1.2754805118126977,12.4028,1.3105,1939680.0,140143.80935,8.3931,14.0436,37.5437,5.9285,15.3766,55.0,0.12983756225630416,0.04231894955639337
000521.SZ,家用电器,2023-11-30,value_quality_sector_stopfall,1.1077633757482006,10.7757,1.1209,626193.6187,127338.7301,9.2753,2.7076,69.1325,24.6644,207.5086,60.0,0.08810225236615188,0.0240424567153823
600332.SH,中成药,2023-11-30,value_quality_sector_stopfall,1.0911270968150943,11.4436,1.4142,4901759.7112,170849.47275000002,11.3638,6.7522,51.0769,6.1647,9.1206,53.0,0.0941086128227,0.023099817325727745
600368.SH,路桥,2023-12-01,value_quality_sector_stopfall,2.36172058503994,7.5655,0.8216,508898.258,51145.8028,9.2467,46.3684,36.4299,6.5085,19.7874,60.0,0.03886612061894201,0.005086464420997805
002128.SZ,煤炭开采,2023-12-01,value_quality_sector_stopfall,2.081459583178971,7.5961,1.084,3274938.8733,141584.64585000003,13.3508,19.8451,33.4004,-0.6941,10.0635,60.0,0.09719639999958396,0.01780118317938717
601000.SH,港口,2023-12-01,value_quality_sector_stopfall,1.8834747996612093,11.3746,1.1095,2180741.73,102528.49175,8.3113,38.4728,10.5505,1.1294,16.417,60.0,0.0427859176903278,0.00621021530421495
601006.SH,铁路,2023-12-01,value_quality_sector_stopfall,1.8821667311534804,9.7598,0.8468,11221117.5083,268663.8781,8.4238,20.5027,27.8312,3.461,2.7843,60.0,0.06312184466065185,0.01385621982616203
600985.SH,煤炭开采,2023-12-01,value_quality_sector_stopfall,1.8576462498456376,5.8563,1.1012,4011839.206,280147.7729,14.4463,8.6805,52.6366,-3.0073,-2.6616,60.0,0.09719639999958396,0.01780118317938717
601163.SH,汽车配件,2023-12-01,value_quality_sector_stopfall,1.6987307851715112,8.8822,0.9387,1176800.0,73065.68905000002,8.7278,13.4387,31.7369,15.6531,124.893,60.0,0.08471556392439883,0.03489322124711203
000589.SZ,汽车配件,2023-12-01,value_quality_sector_stopfall,1.4412594518381776,9.2997,1.101,745289.6006,148439.5747,9.3696,9.0254,60.0705,12.5661,145.8808,60.0,0.08471556392439883,0.03489322124711203
601019.SH,出版业,2023-12-01,value_quality_sector_stopfall,1.3990497452757706,10.707,1.399,1926208.7,68234.06895,9.242,15.5802,37.9984,9.5051,10.1623,60.0,0.11769580548560521,0.03880060645683203
600428.SH,水运,2023-12-01,value_quality_sector_stopfall,1.3253724435652863,11.9546,1.015,1154898.1148,108277.802,8.2952,10.3447,58.0432,-3.3633,18.8795,60.0,0.09937024465465294,0.02301086557729981
601098.SH,出版业,2023-12-01,value_quality_sector_stopfall,1.212587078609104,12.7473,1.3469,1993560.0,143200.7196,8.3931,14.0436,37.5437,5.9285,15.3766,56.0,0.11769580548560521,0.03880060645683203
000521.SZ,家用电器,2023-12-01,value_quality_sector_stopfall,1.0764344587711687,10.8289,1.1264,629283.3899,126761.81224999999,9.2753,2.7076,69.1325,24.6644,207.5086,60.0,0.06426825968477545,0.023760865753059912
600332.SH,中成药,2023-12-01,value_quality_sector_stopfall,1.0720388615757477,11.4094,1.41,4887127.5927,173675.75195,11.3638,6.7522,51.0769,6.1647,9.1206,53.0,0.07158280588205757,0.02145738902702332
600368.SH,路桥,2023-12-04,value_quality_sector_stopfall,2.3694099604131473,7.7312,0.8396,520042.0155,53129.614100000006,9.2467,46.3684,36.4299,6.5085,19.7874,60.0,0.06718894348547044,0.007499683594343276
002128.SZ,煤炭开采,2023-12-04,value_quality_sector_stopfall,2.079528424525062,7.6481,1.0914,3297354.6082,143703.23,13.3508,19.8451,33.4004,-0.6941,10.0635,60.0,0.10177194673015633,0.01969447779490552
601000.SH,港口,2023-12-04,value_quality_sector_stopfall,1.8883284629833608,11.4673,1.1186,2198519.5158,100271.47085,8.3113,38.4728,10.5505,1.1294,16.417,60.0,0.05816862155449676,0.007927841428863935
601006.SH,铁路,2023-12-04,value_quality_sector_stopfall,1.8822807925264442,9.7331,0.8445,11190374.7206,268476.20595,8.4238,20.5027,27.8312,3.461,2.7843,60.0,0.06070590026866052,0.013072892257783852
600985.SH,煤炭开采,2023-12-04,value_quality_sector_stopfall,1.8551084245250617,5.9034,1.11,4044092.7061,286452.82995,14.4463,8.6805,52.6366,-3.0073,-2.6616,60.0,0.10177194673015633,0.01969447779490552
601163.SH,汽车配件,2023-12-04,value_quality_sector_stopfall,1.686911799413842,8.9124,0.9419,1180800.0,69619.01685,8.7278,13.4387,31.7369,15.6531,124.893,60.0,0.08104711761898664,0.030889348461521804
000589.SZ,汽车配件,2023-12-04,value_quality_sector_stopfall,1.4379137994138418,9.2698,1.0975,742893.171,134634.9287,9.3696,9.0254,60.0705,12.5661,145.8808,60.0,0.08104711761898664,0.030889348461521804
601019.SH,出版业,2023-12-04,value_quality_sector_stopfall,1.3614629823723994,10.881,1.4217,1957512.2,68067.05105,9.242,15.5802,37.9984,9.5051,10.1623,60.0,0.10976919701190391,0.03587378536049557
600428.SH,水运,2023-12-04,value_quality_sector_stopfall,1.3110872241822502,12.2213,1.0377,1180657.9241,117315.56259999999,8.2952,10.3447,58.0432,-3.3633,18.8795,60.0,0.11699887717402735,0.02401034700822291
601098.SH,出版业,2023-12-04,value_quality_sector_stopfall,1.1812469823723997,12.8966,1.3627,2016908.0,144203.6567,8.3931,14.0436,37.5437,5.9285,15.3766,56.0,0.10976919701190391,0.03587378536049557
600332.SH,中成药,2023-12-04,value_quality_sector_stopfall,1.08431191723022,11.3221,1.3992,4849734.4009,173991.29595,11.3638,6.7522,51.0769,6.1647,9.1206,53.0,0.0723304595758778,0.019962790987675616
000521.SZ,家用电器,2023-12-04,value_quality_sector_stopfall,1.073833913379318,10.7757,1.1209,626193.6187,124065.2278,9.2753,2.7076,69.1325,24.6644,207.5086,60.0,0.056553473220992245,0.021661773491659098
000630.SZ,铜,2023-12-04,value_quality_sector_stopfall,0.9381314614517489,11.3597,1.2225,3914106.086,268805.9948,8.9197,3.2534,50.7257,15.6851,-9.0025,54.0,0.041778890104991806,0.0034312380134235987
600368.SH,路桥,2023-12-05,value_quality_sector_stopfall,2.379085952299011,7.6392,0.8296,513851.0391,54229.87535,9.2467,46.3684,36.4299,6.5085,19.7874,60.0,0.062036673842871926,0.009527945122805859
002128.SZ,煤炭开采,2023-12-05,value_quality_sector_stopfall,2.0729944116673185,7.5649,1.0796,3261489.4323,147251.1267,13.3508,19.8451,33.4004,-0.6941,10.0635,60.0,0.08084032589018442,0.020678752443800574
601000.SH,港口,2023-12-05,value_quality_sector_stopfall,1.8942490718799427,11.3436,1.1065,2174815.8013,98609.61954999999,8.3113,38.4728,10.5505,1.1294,16.417,60.0,0.046763776348529795,0.008939962198079687
601006.SH,铁路,2023-12-05,value_quality_sector_stopfall,1.8799936245699795,9.6796,0.8398,11128889.1452,278615.73254999996,8.4238,20.5027,27.8312,3.461,2.7843,60.0,0.05293357778444174,0.011858046785538034
600985.SH,煤炭开采,2023-12-05,value_quality_sector_stopfall,1.857421078333985,5.7875,1.0882,3964699.4751,287679.8533,14.4463,8.6805,52.6366,-3.0073,-2.6616,60.0,0.08084032589018442,0.020678752443800574
601163.SH,汽车配件,2023-12-05,value_quality_sector_stopfall,1.6977002421029546,8.7796,0.9279,1163200.0,67741.6294,8.7278,13.4387,31.7369,15.6531,124.893,60.0,0.08020290771013583,0.024335334392818764
000589.SZ,汽车配件,2023-12-05,value_quality_sector_stopfall,1.4588689087696214,9.0755,1.0744,727316.3787,125445.40560000001,9.3696,9.0254,60.0705,12.5661,145.8808,60.0,0.08020290771013583,0.024335334392818764
600428.SH,水运,2023-12-05,value_quality_sector_stopfall,1.431267703605385,11.8213,1.0037,1142018.2102,123227.90394999999,8.2952,10.3447,58.0432,-3.3633,18.8795,60.0,0.1827922862005651,0.02906408407148664
601019.SH,出版业,2023-12-05,value_quality_sector_stopfall,1.3853557747507048,10.6954,1.3975,1924121.8,67560.15965,9.242,15.5802,37.9984,9.5051,10.1623,60.0,0.10862302738523,0.032406080698808015
601098.SH,出版业,2023-12-05,value_quality_sector_stopfall,1.2097131080840382,12.6554,1.3372,1979192.0,145026.9594,8.3931,14.0436,37.5437,5.9285,15.3766,56.0,0.10862302738523,0.032406080698808015
600332.SH,中成药,2023-12-05,value_quality_sector_stopfall,1.0970542524509508,11.25,1.3903,4818844.3728,173545.03505,11.3638,6.7522,51.0769,6.1647,9.1206,53.0,0.0755964322426943,0.018699153541589908
000521.SZ,家用电器,2023-12-05,value_quality_sector_stopfall,1.0869106059820335,10.6162,1.1043,616924.3053,122549.94369999999,9.2753,2.7076,69.1325,24.6644,207.5086,60.0,0.05114958436310646,0.01844235495226032
600368.SH,路桥,2023-12-06,value_quality_sector_stopfall,2.379432151072792,7.676,0.8336,516327.4297,55286.7112,9.2467,46.3684,36.4299,6.5085,19.7874,60.0,0.06493721400321162,0.01209360373624735
002128.SZ,煤炭开采,2023-12-06,value_quality_sector_stopfall,2.056319471918898,7.5649,1.0796,3261489.4323,148715.54695,13.3508,19.8451,33.4004,-0.6941,10.0635,60.0,0.06370568581353475,0.021138452772029526
601000.SH,港口,2023-12-06,value_quality_sector_stopfall,1.9108314736373642,11.2509,1.0974,2157038.0155,100495.64645,8.3113,38.4728,10.5505,1.1294,16.417,60.0,0.049534213676392325,0.010505259960971847
601006.SH,铁路,2023-12-06,value_quality_sector_stopfall,1.875644749892032,9.693,0.841,11144260.5391,289229.0268,8.4238,20.5027,27.8312,3.461,2.7843,60.0,0.05007012491965712,0.012065958305707891
600985.SH,煤炭开采,2023-12-06,value_quality_sector_stopfall,1.8267861385855642,5.8599,1.1019,4014320.2445,287675.61335,14.4463,8.6805,52.6366,-3.0073,-2.6616,60.0,0.06370568581353475,0.021138452772029526
601163.SH,汽车配件,2023-12-06,value_quality_sector_stopfall,1.6895900026762638,8.7735,0.9272,1162400.0,66479.72425,8.7278,13.4387,31.7369,15.6531,124.893,60.0,0.07606169723532963,0.019492972107600925
000589.SZ,汽车配件,2023-12-06,value_quality_sector_stopfall,1.4432986693429306,9.1203,1.0798,730911.0231,121423.80345,9.3696,9.0254,60.0705,12.5661,145.8808,60.0,0.07606169723532963,0.019492972107600925
601019.SH,出版业,2023-12-06,value_quality_sector_stopfall,1.4064008886051607,10.7534,1.4051,1934556.3,66937.02935,9.242,15.5802,37.9984,9.5051,10.1623,60.0,0.14158859827834602,0.02941895699348107
600428.SH,水运,2023-12-06,value_quality_sector_stopfall,1.3883861031721216,11.688,0.9924,1129138.3055,126948.66125,8.2952,10.3447,58.0432,-3.3633,18.8795,60.0,0.12029819075491921,0.03225657908386914
601098.SH,出版业,2023-12-06,value_quality_sector_stopfall,1.208178221938494,12.8851,1.3615,2015112.0,143177.19994999998,8.3931,14.0436,37.5437,5.9285,15.3766,56.0,0.14158859827834602,0.02941895699348107
600332.SH,中成药,2023-12-06,value_quality_sector_stopfall,1.0981699766987592,11.1438,1.3772,4773322.2263,174657.02415,11.3638,6.7522,51.0769,6.1647,9.1206,53.0,0.06265888078240645,0.016939095916352898
000521.SZ,家用电器,2023-12-06,value_quality_sector_stopfall,1.090293664193739,10.5985,1.1024,615894.3816,121250.82589999998,9.2753,2.7076,69.1325,24.6644,207.5086,60.0,0.05411574957110088,0.016412581289304784
000630.SZ,铜,2023-12-06,value_quality_sector_stopfall,0.9538160759646018,11.1759,1.2027,3850771.036,258342.63505,8.9197,3.2534,50.7257,15.6851,-9.0025,54.0,0.03125173795362812,0.004189671344307033
600368.SH,路桥,2023-12-07,value_quality_sector_stopfall,2.377128097217701,7.6944,0.8356,517565.625,56626.317299999995,9.2467,46.3684,36.4299,6.5085,19.7874,60.0,0.06298920718608558,0.014297556698282143
601298.SH,港口,2023-12-07,value_quality_sector_stopfall,2.2027716296682973,8.3433,1.0332,4056937.5,50538.95845,9.8826,31.1129,27.6412,-7.7194,9.832,60.0,0.04107448277382808,0.011413146894468928
002128.SZ,煤炭开采,2023-12-07,value_quality_sector_stopfall,2.050124754454604,7.5233,1.0736,3243556.8444,150613.07285,13.3508,19.8451,33.4004,-0.6941,10.0635,60.0,0.05156093959011665,0.020315148197820987
601000.SH,港口,2023-12-07,value_quality_sector_stopfall,1.919519629668297,11.1273,1.0854,2133334.301,102359.36529999999,8.3113,38.4728,10.5505,1.1294,16.417,60.0,0.04107448277382808,0.011413146894468928
601006.SH,铁路,2023-12-07,value_quality_sector_stopfall,1.861535677772109,9.7197,0.8433,11175003.3268,295126.59405,8.4238,20.5027,27.8312,3.461,2.7843,60.0,0.03904594828678554,0.01229439615199035
600985.SH,煤炭开采,2023-12-07,value_quality_sector_stopfall,1.8194180877879376,5.8309,1.0964,3994471.9367,274354.10085,14.4463,8.6805,52.6366,-3.0073,-2.6616,60.0,0.05156093959011665,0.020315148197820987
601163.SH,汽车配件,2023-12-07,value_quality_sector_stopfall,1.6697330745815964,8.8098,0.9311,1167200.0,65464.74035,8.7278,13.4387,31.7369,15.6531,124.893,60.0,0.06478662731461204,0.015931113933651098
000589.SZ,汽车配件,2023-12-07,value_quality_sector_stopfall,1.4219350745815964,9.1652,1.0851,734505.6675,118302.53555,9.3696,9.0254,60.0705,12.5661,145.8808,60.0,0.06478662731461204,0.015931113933651098
601019.SH,出版业,2023-12-07,value_quality_sector_stopfall,1.4183921391632106,10.9854,1.4354,1976294.3,69069.34485000001,9.242,15.5802,37.9984,9.5051,10.1623,60.0,0.18778640567347415,0.030879066823069623
600428.SH,水运,2023-12-07,value_quality_sector_stopfall,1.3800147638920812,11.6435,0.9886,1124845.004,123540.85605000002,8.2952,10.3447,58.0432,-3.3633,18.8795,60.0,0.10605995173925287,0.03262347881949501
601098.SH,出版业,2023-12-07,value_quality_sector_stopfall,1.2480094724965438,12.9425,1.3675,2024092.0,147550.9485,8.3931,14.0436,37.5437,5.9285,15.3766,56.0,0.18778640567347415,0.030879066823069623
600332.SH,中成药,2023-12-07,value_quality_sector_stopfall,1.106356577325364,11.0109,1.3608,4716419.543,177967.2159,11.3638,6.7522,51.0769,6.1647,9.1206,53.0,0.05344024643298173,0.014550997559049206
000521.SZ,家用电器,2023-12-07,value_quality_sector_stopfall,1.1013697978043306,10.5276,1.0951,611774.6867,120639.52605000001,9.2753,2.7076,69.1325,24.6644,207.5086,60.0,0.05773699601879212,0.014274135118871767
600368.SH,路桥,2023-12-08,value_quality_sector_stopfall,2.3854522559555598,7.6207,0.8276,512612.8439,58136.1968,9.2467,46.3684,36.4299,6.5085,19.7874,60.0,0.06023063208352575,0.015133623872034319
601298.SH,港口,2023-12-08,value_quality_sector_stopfall,2.183878846593987,8.45,1.0465,4108866.3,55003.7981,9.8826,31.1129,27.6412,-7.7194,9.832,60.0,0.038333522946954135,0.011241323647032786
002128.SZ,煤炭开采,2023-12-08,value_quality_sector_stopfall,2.0360374529268856,7.5701,1.0803,3263731.0058,156998.50055000003,13.3508,19.8451,33.4004,-0.6941,10.0635,60.0,0.047171348670789204,0.01820410425609653
601000.SH,港口,2023-12-08,value_quality_sector_stopfall,1.900366846593987,11.2509,1.0974,2157038.0155,107461.34105,8.3113,38.4728,10.5505,1.1294,16.417,60.0,0.038333522946954135,0.011241323647032786
601006.SH,铁路,2023-12-08,value_quality_sector_stopfall,1.8461606590152941,9.7999,0.8503,11267231.6899,312961.3164,8.4238,20.5027,27.8312,3.461,2.7843,60.0,0.03506363335797302,0.010915025657321165
600985.SH,煤炭开采,2023-12-08,value_quality_sector_stopfall,1.820570786260219,5.7911,1.0889,3967180.5135,273238.30090000003,14.4463,8.6805,52.6366,-3.0073,-2.6616,60.0,0.047171348670789204,0.01820410425609653
601163.SH,汽车配件,2023-12-08,value_quality_sector_stopfall,1.658244477627488,8.7071,0.9202,1153600.0,67218.807,8.7278,13.4387,31.7369,15.6531,124.893,60.0,0.04131464358489145,0.013801167375929957
601019.SH,出版业,2023-12-08,value_quality_sector_stopfall,1.4397582116431535,10.6142,1.3869,1909513.5,74399.91555,9.242,15.5802,37.9984,9.5051,10.1623,60.0,0.15262523088845303,0.03032631408803388
000589.SZ,汽车配件,2023-12-08,value_quality_sector_stopfall,1.4180998109608214,9.0157,1.0674,722523.5196,110280.89199999999,9.3696,9.0254,60.0705,12.5661,145.8808,60.0,0.04131464358489145,0.013801167375929957
600428.SH,水运,2023-12-08,value_quality_sector_stopfall,1.3544472747393228,11.5769,0.983,1118405.0517,122999.57544999997,8.2952,10.3447,58.0432,-3.3633,18.8795,60.0,0.07338734326683038,0.03155526480582571
601098.SH,出版业,2023-12-08,value_quality_sector_stopfall,1.2201222116431538,12.8851,1.3615,2015112.0,157116.17695,8.3931,14.0436,37.5437,5.9285,15.3766,56.0,0.15262523088845303,0.03032631408803388
000521.SZ,家用电器,2023-12-08,value_quality_sector_stopfall,1.1076789514151146,10.3858,1.0803,603535.297,121346.8544,9.2753,2.7076,69.1325,24.6644,207.5086,60.0,0.04605017166298753,0.012950113085460346
600332.SH,中成药,2023-12-08,value_quality_sector_stopfall,1.0941815972200153,11.0413,1.3645,4729425.8706,180078.05135000002,11.3638,6.7522,51.0769,6.1647,9.1206,53.0,0.04815581635549626,0.012153780864518904
600368.SH,路桥,2023-12-11,value_quality_sector_stopfall,2.396937483058812,7.6207,0.8276,512612.8439,59182.0583,9.2467,46.3684,36.4299,6.5085,19.7874,60.0,0.0719590211390373,0.0148904619197745
601298.SH,港口,2023-12-11,value_quality_sector_stopfall,2.187493535676751,8.4901,1.0514,4128339.6,56660.36039999999,9.8826,31.1129,27.6412,-7.7194,9.832,60.0,0.048611986490606274,0.010517549186144448
002128.SZ,煤炭开采,2023-12-11,value_quality_sector_stopfall,2.0494529177044383,7.6117,1.0863,3281663.5938,162287.18705,13.3508,19.8451,33.4004,-0.6941,10.0635,60.0,0.06967117146014368,0.0158930795776282
601000.SH,港口,2023-12-11,value_quality_sector_stopfall,1.8895482023434174,11.4055,1.1125,2186667.6586,110833.70619999999,8.3113,38.4728,10.5505,1.1294,16.417,60.0,0.048611986490606274,0.010517549186144448
601006.SH,铁路,2023-12-11,value_quality_sector_stopfall,1.848800929252338,9.7999,0.8503,11267231.6899,326689.74385,8.4238,20.5027,27.8312,3.461,2.7843,60.0,0.03831673589742013,0.010302193354917888
600985.SH,煤炭开采,2023-12-11,value_quality_sector_stopfall,1.8198529177044387,5.8997,1.1094,4041611.6676,274182.61179999996,14.4463,8.6805,52.6366,-3.0073,-2.6616,60.0,0.06967117146014368,0.0158930795776282
601163.SH,汽车配件,2023-12-11,value_quality_sector_stopfall,1.6391494767101273,8.8943,0.94,1178400.0,68519.41195000001,8.7278,13.4387,31.7369,15.6531,124.893,60.0,0.04862110797534447,0.01307970206811615
000589.SZ,汽车配件,2023-12-11,value_quality_sector_stopfall,1.4073114767101274,9.1353,1.0815,732109.2379,107475.6379,9.3696,9.0254,60.0705,12.5661,145.8808,60.0,0.04862110797534447,0.01307970206811615
601019.SH,出版业,2023-12-11,value_quality_sector_stopfall,1.343859693166811,11.6815,1.5263,2101508.3,81303.75145000001,9.242,15.5802,37.9984,9.5051,10.1623,59.0,0.21756701795978572,0.033606359833477484
600428.SH,水运,2023-12-11,value_quality_sector_stopfall,1.341041597650829,11.5991,0.9849,1120551.7025,119745.2354,8.2952,10.3447,58.0432,-3.3633,18.8795,60.0,0.066899253470454,0.027384344180374942
601098.SH,出版业,2023-12-11,value_quality_sector_stopfall,1.2251103598334776,13.2181,1.3967,2067196.0,162525.5669,8.3931,14.0436,37.5437,5.9285,15.3766,56.0,0.21756701795978572,0.033606359833477484
000521.SZ,家用电器,2023-12-11,value_quality_sector_stopfall,1.0929694044520417,10.4213,1.084,605595.1444,118840.54634999999,9.2753,2.7076,69.1325,24.6644,207.5086,60.0,0.03680481973229033,0.012319251386418095
600332.SH,中成药,2023-12-11,value_quality_sector_stopfall,1.0896693700857296,11.1172,1.3739,4761941.6896,181407.9966,11.3638,6.7522,51.0769,6.1647,9.1206,53.0,0.055937223701685745,0.011186813050710454
600368.SH,路桥,2023-12-12,value_quality_sector_stopfall,2.386264826279778,7.768,0.8436,522518.4061,61750.874950000005,9.2467,46.3684,36.4299,6.5085,19.7874,60.0,0.0807550404402726,0.01590845250617212
601298.SH,港口,2023-12-12,value_quality_sector_stopfall,2.1912798127823754,8.5835,1.063,4173777.3,57587.51975,9.8826,31.1129,27.6412,-7.7194,9.832,60.0,0.06543305735098914,0.01144275543138673
002128.SZ,煤炭开采,2023-12-12,value_quality_sector_stopfall,2.056781978613669,7.5857,1.0825,3270455.7263,164728.40245,13.3508,19.8451,33.4004,-0.6941,10.0635,60.0,0.07285336553308364,0.01577327974725251
601000.SH,港口,2023-12-12,value_quality_sector_stopfall,1.9032344794490426,11.4364,1.1155,2192593.5872,110435.80434999999,8.3113,38.4728,10.5505,1.1294,16.417,60.0,0.06543305735098914,0.01144275543138673
601006.SH,铁路,2023-12-12,value_quality_sector_stopfall,1.8533923186467058,9.7732,0.8479,11236488.9022,340051.29870000004,8.4238,20.5027,27.8312,3.461,2.7843,60.0,0.03937699413861351,0.010453324508092443
600985.SH,煤炭开采,2023-12-12,value_quality_sector_stopfall,1.8111419786136695,5.9613,1.1209,4083789.3216,273460.8713,14.4463,8.6805,52.6366,-3.0073,-2.6616,60.0,0.07285336553308364,0.01577327974725251
601163.SH,汽车配件,2023-12-12,value_quality_sector_stopfall,1.6285928979401465,8.8883,0.9394,1177600.0,66541.95225,8.7278,13.4387,31.7369,15.6531,124.893,60.0,0.0376135416530361,0.01273068962044377
000589.SZ,汽车配件,2023-12-12,value_quality_sector_stopfall,1.385041564606813,9.21,1.0904,738100.3119,106104.349,9.3696,9.0254,60.0705,12.5661,145.8808,60.0,0.0376135416530361,0.01273068962044377
601019.SH,出版业,2023-12-12,value_quality_sector_stopfall,1.3375084732824656,11.8671,1.5506,2134898.7,98936.34994999999,9.242,15.5802,37.9984,9.5051,10.1623,58.0,0.24679057449804942,0.03962847328246566
600428.SH,水运,2023-12-12,value_quality_sector_stopfall,1.330670907340618,11.6213,0.9867,1122698.3532,117539.03845000002,8.2952,10.3447,58.0432,-3.3633,18.8795,60.0,0.0674101648504597,0.019182742490158278
601098.SH,出版业,2023-12-12,value_quality_sector_stopfall,1.2185391399491323,13.31,1.4064,2081564.0,172403.24784999999,8.3931,14.0436,37.5437,5.9285,15.3766,56.0,0.24679057449804942,0.03962847328246566
600332.SH,中成药,2023-12-12,value_quality_sector_stopfall,1.0923576926694207,11.1134,1.3734,4760315.8987,183950.70045,11.3638,6.7522,51.0769,6.1647,9.1206,53.0,0.058970181970576796,0.010255510698844006
000521.SZ,家用电器,2023-12-12,value_quality_sector_stopfall,1.0921867898267563,10.4744,1.0895,608684.9156,116432.07045,9.2753,2.7076,69.1325,24.6644,207.5086,60.0,0.043515112976652226,0.012033010183437165
601139.SH,供气供热,2023-12-12,value_quality_sector_stopfall,0.5932639843054062,14.2889,1.5077,2094259.7996,82137.48565,8.1092,5.3373,62.2456,2.8789,28.2278,54.0,0.043465060395361244,0.00011425724337832399
600368.SH,路桥,2023-12-13,value_quality_sector_stopfall,2.390035665234163,7.7864,0.8456,523756.6013,69777.92965,9.2467,46.3684,36.4299,6.5085,19.7874,60.0,0.08599435723649984,0.016999974664329898
601298.SH,港口,2023-12-13,value_quality_sector_stopfall,2.1961458448282247,8.5034,1.0531,4134830.7,57818.88625,9.8826,31.1129,27.6412,-7.7194,9.832,60.0,0.05829833645366311,0.011503508374561378
002128.SZ,煤炭开采,2023-12-13,value_quality_sector_stopfall,2.055122633247441,7.5389,1.0759,3250281.5649,164125.53100000002,13.3508,19.8451,33.4004,-0.6941,10.0635,60.0,0.06474826488601404,0.014699035028093776
601000.SH,港口,2023-12-13,value_quality_sector_stopfall,1.8920338448282246,11.4673,1.1186,2198519.5158,109886.48395,8.3113,38.4728,10.5505,1.1294,16.417,60.0,0.05829833645366311,0.011503508374561378
600985.SH,煤炭开采,2023-12-13,value_quality_sector_stopfall,1.8074959665807746,5.9323,1.1155,4063941.0139,274646.89540000004,14.4463,8.6805,52.6366,-3.0073,-2.6616,60.0,0.06474826488601404,0.014699035028093776
601163.SH,汽车配件,2023-12-13,value_quality_sector_stopfall,1.6510660167649989,8.8219,0.9323,1168800.0,59928.283050000005,8.7278,13.4387,31.7369,15.6531,124.893,60.0,0.051170037282908254,0.012487312815423923
000589.SZ,汽车配件,2023-12-13,value_quality_sector_stopfall,1.4005480167649988,9.1951,1.0886,736902.0971,95898.80815000001,9.3696,9.0254,60.0705,12.5661,145.8808,60.0,0.051170037282908254,0.012487312815423923
601019.SH,出版业,2023-12-13,value_quality_sector_stopfall,1.334029982796631,12.0295,1.5718,2164115.3,110511.13279999999,9.242,15.5802,37.9984,9.5051,10.1623,57.0,0.21523727081712796,0.046976649463297715
600428.SH,水运,2023-12-13,value_quality_sector_stopfall,1.321866567684085,11.5769,0.983,1118405.0517,116886.0056,8.2952,10.3447,58.0432,-3.3633,18.8795,60.0,0.059432074425825876,0.012929826591592475
601098.SH,出版业,2023-12-13,value_quality_sector_stopfall,1.2258873161299644,13.31,1.4064,2081564.0,178174.5877,8.3931,14.0436,37.5437,5.9285,15.3766,56.0,0.21523727081712796,0.046976649463297715
000521.SZ,家用电器,2023-12-13,value_quality_sector_stopfall,1.108081548535085,10.3504,1.0766,601475.4496,96576.6317,9.2753,2.7076,69.1325,24.6644,207.5086,60.0,0.04317284001959587,0.01140337518215584
600332.SH,中成药,2023-12-13,value_quality_sector_stopfall,1.1069798750414692,11.1058,1.3725,4757064.3168,185962.302,11.3638,6.7522,51.0769,6.1647,9.1206,53.0,0.07138148330491423,0.011359725069888249
601139.SH,供气供热,2023-12-13,value_quality_sector_stopfall,0.6116731525049035,14.2497,1.5035,2088506.3386,88601.26755,8.1092,5.3373,62.2456,2.8789,28.2278,54.0,0.05737081839202096,0.0020043341128825887
600368.SH,路桥,2023-12-14,value_quality_sector_stopfall,2.383184142345655,7.9153,0.8596,532423.9683,75717.69615,9.2467,46.3684,36.4299,6.5085,19.7874,60.0,0.09550911579836785,0.01856035988061988
601298.SH,港口,2023-12-14,value_quality_sector_stopfall,2.1994927118456244,8.5168,1.0547,4141321.8,60877.78370000001,9.8826,31.1129,27.6412,-7.7194,9.832,60.0,0.06273972594494004,0.012368985900684137
002128.SZ,煤炭开采,2023-12-14,value_quality_sector_stopfall,2.0631142363850605,7.5285,1.0744,3245798.4179,160698.45275,13.3508,19.8451,33.4004,-0.6941,10.0635,60.0,0.07073663728807555,0.015008932430317978
000598.SZ,水务,2023-12-14,value_quality_sector_stopfall,1.9552292079915505,9.8217,1.0671,1701772.803,66660.0235,9.6987,26.8106,59.1671,15.1573,8.3753,60.0,0.035785820153159564,0.003988721171724219
601000.SH,港口,2023-12-14,value_quality_sector_stopfall,1.8851607118456242,11.56,1.1276,2216297.3016,112421.93245000001,8.3113,38.4728,10.5505,1.1294,16.417,60.0,0.06273972594494004,0.012368985900684137
600985.SH,煤炭开采,2023-12-14,value_quality_sector_stopfall,1.8019542363850602,5.9939,1.1271,4106118.6679,278761.7631,14.4463,8.6805,52.6366,-3.0073,-2.6616,60.0,0.07073663728807555,0.015008932430317978
600461.SH,水务,2023-12-14,value_quality_sector_stopfall,1.5629985413248837,9.4005,1.385,1005931.2191,97184.80525,12.1211,17.6524,62.9107,5.5237,14.8545,60.0,0.035785820153159564,0.003988721171724219
600428.SH,水运,2023-12-14,value_quality_sector_stopfall,1.3458722462987773,11.4658,0.9735,1107671.7978,116333.36815,8.2952,10.3447,58.0432,-3.3633,18.8795,60.0,0.07192555959250191,0.01070202003960885
601019.SH,出版业,2023-12-14,value_quality_sector_stopfall,1.3229197843931018,12.2499,1.6006,2203766.4,120665.84715,9.242,15.5802,37.9984,9.5051,10.1623,56.0,0.23651607542913577,0.050559784393101825
601098.SH,出版业,2023-12-14,value_quality_sector_stopfall,1.1932571177264353,13.5742,1.4343,2122872.0,187119.67515,8.3931,14.0436,37.5437,5.9285,15.3766,56.0,0.23651607542913577,0.050559784393101825
000521.SZ,家用电器,2023-12-14,value_quality_sector_stopfall,1.1063551936995948,10.2972,1.0711,598385.6784,83658.4708,9.2753,2.7076,69.1325,24.6644,207.5086,60.0,0.03462551464000385,0.011011012392924124
600332.SH,中成药,2023-12-14,value_quality_sector_stopfall,1.080508332193623,11.0754,1.3687,4744057.9892,188368.61245000002,11.3638,6.7522,51.0769,6.1647,9.1206,53.0,0.039463130935232016,0.012246534591724645
601139.SH,供气供热,2023-12-14,value_quality_sector_stopfall,0.6392312699812595,14.2889,1.5077,2094259.7996,92950.81075,8.1092,5.3373,62.2456,2.8789,28.2278,54.0,0.08398534942894131,0.00556125388565154
600368.SH,路桥,2023-12-15,value_quality_sector_stopfall,2.379665653485063,7.8416,0.8516,527471.1872,79007.1103,9.2467,46.3684,36.4299,6.5085,19.7874,60.0,0.08013842969716056,0.020165890454569624
601298.SH,港口,2023-12-15,value_quality_sector_stopfall,2.1996146413228277,8.4234,1.0431,4095884.1,61411.78395,9.8826,31.1129,27.6412,-7.7194,9.832,60.0,0.04831319987670191,0.01295744144612554
002128.SZ,煤炭开采,2023-12-15,value_quality_sector_stopfall,2.0604522888435772,7.4661,1.0655,3218899.5359,162235.90224999998,13.3508,19.8451,33.4004,-0.6941,10.0635,60.0,0.05728802626565632,0.015702262577921067
601000.SH,港口,2023-12-15,value_quality_sector_stopfall,1.895749307989494,11.3746,1.1095,2180741.73,116086.50405000002,8.3113,38.4728,10.5505,1.1294,16.417,60.0,0.04831319987670191,0.01295744144612554
600985.SH,煤炭开采,2023-12-15,value_quality_sector_stopfall,1.798978955510244,5.9432,1.1175,4071384.1293,278944.76315,14.4463,8.6805,52.6366,-3.0073,-2.6616,60.0,0.05728802626565632,0.015702262577921067
601019.SH,出版业,2023-12-15,value_quality_sector_stopfall,1.318323661323466,12.3659,1.6158,2224635.4,131659.15415000002,9.242,15.5802,37.9984,9.5051,10.1623,55.0,0.249974440045714,0.05369699465679911
600428.SH,水运,2023-12-15,value_quality_sector_stopfall,1.3153171694368548,11.5769,0.983,1118405.0517,117083.55355000003,8.2952,10.3447,58.0432,-3.3633,18.8795,60.0,0.05643540070294595,0.009377102067242182
601098.SH,出版业,2023-12-15,value_quality_sector_stopfall,1.1995276613234658,13.5512,1.4319,2119280.0,194918.01905,8.3931,14.0436,37.5437,5.9285,15.3766,56.0,0.249974440045714,0.05369699465679911
600531.SH,铅锌,2023-12-15,value_quality_sector_stopfall,0.9517475893909008,10.1102,1.3713,648694.3672,106722.01299999999,10.7327,1.9008,69.5752,24.997,79.9716,45.0,0.03715676032288773,0.010136162401346516
601139.SH,供气供热,2023-12-15,value_quality_sector_stopfall,0.6615630864337169,14.1123,1.489,2068369.2252,96195.85905,8.1092,5.3373,62.2456,2.8789,28.2278,55.0,0.08333031876198826,0.009441434338395283
600368.SH,路桥,2023-12-18,value_quality_sector_stopfall,2.3951924016436847,7.7128,0.8376,518803.8202,82047.60575,9.2467,46.3684,36.4299,6.5085,19.7874,60.0,0.07671803082028927,0.021193037490062405
601298.SH,港口,2023-12-18,value_quality_sector_stopfall,2.2023328905229835,8.45,1.0465,4108866.3,61637.01580000001,9.8826,31.1129,27.6412,-7.7194,9.832,60.0,0.054222030333129334,0.01380686018985422
002128.SZ,煤炭开采,2023-12-18,value_quality_sector_stopfall,2.06235485297185,7.4349,1.061,3205450.095,161301.20555,13.3508,19.8451,33.4004,-0.6941,10.0635,60.0,0.05453862427392586,0.015274228697923942
601000.SH,港口,2023-12-18,value_quality_sector_stopfall,1.8902608905229836,11.4673,1.1186,2198519.5158,117910.3231,8.3113,38.4728,10.5505,1.1294,16.417,60.0,0.054222030333129334,0.01380686018985422
600985.SH,煤炭开采,2023-12-18,value_quality_sector_stopfall,1.7929681863051832,5.9577,1.1203,4081308.2832,280317.17515,14.4463,8.6805,52.6366,-3.0073,-2.6616,60.0,0.05453862427392586,0.015274228697923942
600428.SH,水运,2023-12-18,value_quality_sector_stopfall,1.3515298785854024,12.1102,1.0283,1169924.6702,133067.4749,8.2952,10.3447,58.0432,-3.3633,18.8795,60.0,0.15236714441846955,0.015411400833599487
601019.SH,出版业,2023-12-18,value_quality_sector_stopfall,1.3419758253875345,12.0179,1.5703,2162028.4,141892.1567,9.242,15.5802,37.9984,9.5051,10.1623,54.0,0.24148794691409692,0.054149158720867785
601098.SH,出版业,2023-12-18,value_quality_sector_stopfall,1.229926492054201,13.333,1.4088,2085156.0,199695.4286,8.3931,14.0436,37.5437,5.9285,15.3766,56.0,0.24148794691409692,0.054149158720867785
601139.SH,供气供热,2023-12-18,value_quality_sector_stopfall,0.654731434549101,13.9749,1.4745,2048232.1117,99185.37715,8.1092,5.3373,62.2456,2.8789,28.2278,55.0,0.056266690738314695,0.010846743810786208
600368.SH,路桥,2023-12-19,value_quality_sector_stopfall,2.3926725031846177,7.5839,0.8236,510136.4533,81909.37299999999,9.2467,46.3684,36.4299,6.5085,19.7874,60.0,0.0571190884060202,0.02034541477859686
601298.SH,港口,2023-12-19,value_quality_sector_stopfall,2.1863413309863136,8.4367,1.0448,4102375.2,60551.8618,9.8826,31.1129,27.6412,-7.7194,9.832,60.0,0.03715791400951285,0.012859416976800153
002128.SZ,煤炭开采,2023-12-19,value_quality_sector_stopfall,2.0603513883567106,7.4089,1.0573,3194242.2275,158856.51235000003,13.3508,19.8451,33.4004,-0.6941,10.0635,60.0,0.04980239001556197,0.013806998341148624
601000.SH,港口,2023-12-19,value_quality_sector_stopfall,1.8763759976529797,11.4364,1.1155,2192593.5872,117373.91840000001,8.3113,38.4728,10.5505,1.1294,16.417,60.0,0.03715791400951285,0.012859416976800153
600985.SH,煤炭开采,2023-12-19,value_quality_sector_stopfall,1.7895980550233772,5.9432,1.1175,4071384.1293,282396.4428,14.4463,8.6805,52.6366,-3.0073,-2.6616,60.0,0.04980239001556197,0.013806998341148624
600428.SH,水运,2023-12-19,value_quality_sector_stopfall,1.3979723245274274,11.888,1.0094,1148458.1625,141129.37744999997,8.2952,10.3447,58.0432,-3.3633,18.8795,60.0,0.16470870844340535,0.02209894941735535
601019.SH,出版业,2023-12-19,value_quality_sector_stopfall,1.3376123951825187,12.0527,1.5748,2168289.1,144251.9574,9.242,15.5802,37.9984,9.5051,10.1623,53.0,0.23458692924651703,0.052105728515851935
601098.SH,出版业,2023-12-19,value_quality_sector_stopfall,1.2199897285158519,13.3904,1.4149,2094136.0,199159.66585,8.3931,14.0436,37.5437,5.9285,15.3766,56.0,0.23458692924651703,0.052105728515851935
601139.SH,供气供热,2023-12-19,value_quality_sector_stopfall,0.6394288802524819,13.9356,1.4704,2042478.6507,99962.49675,8.1092,5.3373,62.2456,2.8789,28.2278,56.0,0.036194666067552506,0.010262880851596101
600368.SH,路桥,2023-12-20,value_quality_sector_stopfall,2.384324481811248,7.5655,0.8216,508898.258,80725.03455000001,9.2467,46.3684,36.4299,6.5085,19.7874,60.0,0.0479717957156196,0.01858468609562869
002128.SZ,煤炭开采,2023-12-20,value_quality_sector_stopfall,2.042323666000365,7.4973,1.0699,3232348.9769,161902.9569,13.3508,19.8451,33.4004,-0.6941,10.0635,60.0,0.04623539171399571,0.013639607619702954
600985.SH,煤炭开采,2023-12-20,value_quality_sector_stopfall,1.770550332667032,6.0229,1.1325,4125966.9756,289835.5151,14.4463,8.6805,52.6366,-3.0073,-2.6616,60.0,0.04623539171399571,0.013639607619702954
600428.SH,水运,2023-12-20,value_quality_sector_stopfall,1.3789772908101658,12.0213,1.0207,1161338.0671,148984.34110000002,8.2952,10.3447,58.0432,-3.3633,18.8795,60.0,0.1553698690564025,0.02886275508709657
601019.SH,出版业,2023-12-20,value_quality_sector_stopfall,1.3207380365611214,11.8555,1.5491,2132811.8,146858.38225000002,9.242,15.5802,37.9984,9.5051,10.1623,52.0,0.1769509243362708,0.04513377889151715
601098.SH,出版业,2023-12-20,value_quality_sector_stopfall,1.2261753698944544,13.1263,1.387,2052828.0,198065.8162,8.3931,14.0436,37.5437,5.9285,15.3766,56.0,0.1769509243362708,0.04513377889151715
601139.SH,供气供热,2023-12-20,value_quality_sector_stopfall,0.6553118511121416,13.8179,1.458,2025218.2678,101547.56285000002,8.1092,5.3373,62.2456,2.8789,28.2278,57.0,0.03667305642098251,0.009554128024492403
600368.SH,路桥,2023-12-21,value_quality_sector_stopfall,2.379267983334216,7.5839,0.8236,510136.4533,80043.72245,9.2467,46.3684,36.4299,6.5085,19.7874,60.0,0.048101627776977685,0.01595835555723779
002128.SZ,煤炭开采,2023-12-21,value_quality_sector_stopfall,2.0375409761358334,7.4713,1.0662,3221141.1094,163427.55800000002,13.3508,19.8451,33.4004,-0.6941,10.0635,60.0,0.03842758277563463,0.012464726693532047
600985.SH,煤炭开采,2023-12-21,value_quality_sector_stopfall,1.7734076428025,5.9613,1.1209,4083789.3216,286180.7276,14.4463,8.6805,52.6366,-3.0073,-2.6616,60.0,0.03842758277563463,0.012464726693532047
600428.SH,水运,2023-12-21,value_quality_sector_stopfall,1.3826177126533508,11.9324,1.0132,1152751.464,154740.47535,8.2952,10.3447,58.0432,-3.3633,18.8795,60.0,0.14407422137080905,0.03287215794920839
601019.SH,出版业,2023-12-21,value_quality_sector_stopfall,1.2879630209665656,11.7627,1.5369,2116116.6,149375.92645,9.242,15.5802,37.9984,9.5051,10.1623,51.0,0.14495057026430702,0.03817245070225872
601098.SH,出版业,2023-12-21,value_quality_sector_stopfall,1.2045670209665658,13.0,1.3736,2033072.0,199295.342,8.3931,14.0436,37.5437,5.9285,15.3766,56.0,0.14495057026430702,0.03817245070225872
601139.SH,供气供热,2023-12-21,value_quality_sector_stopfall,0.664729975538501,13.7001,1.4455,2007957.8848,103568.57415,8.1092,5.3373,62.2456,2.8789,28.2278,57.0,0.03309363169177204,0.006365010513395664
600368.SH,路桥,2023-12-22,value_quality_sector_stopfall,2.381230310993116,7.5287,0.8176,506421.8675,79984.65995,9.2467,46.3684,36.4299,6.5085,19.7874,60.0,0.04476027978762476,0.013582031205491285
600428.SH,水运,2023-12-22,value_quality_sector_stopfall,1.382850341658072,12.4435,1.0566,1202124.4318,174410.21375,8.2952,10.3447,58.0432,-3.3633,18.8795,60.0,0.2091587259554215,0.04018567499140535
601098.SH,出版业,2023-12-22,value_quality_sector_stopfall,1.2644585656694212,11.7137,1.2377,1831920.0,211974.22170000002,8.3931,14.0436,37.5437,5.9285,15.3766,56.0,0.04092184988583347,0.02573938245025431
601019.SH,出版业,2023-12-22,value_quality_sector_stopfall,1.2449745656694213,11.1246,1.4536,2001337.1,155161.78505,9.242,15.5802,37.9984,9.5051,10.1623,51.0,0.04092184988583347,0.02573938245025431
600368.SH,路桥,2023-12-25,value_quality_sector_stopfall,2.3893621474093227,7.4183,0.8056,498992.6958,79277.94645,9.2467,46.3684,36.4299,6.5085,19.7874,60.0,0.03989761719206664,0.011216530217255993
002128.SZ,煤炭开采,2023-12-25,value_quality_sector_stopfall,2.0141028768594946,7.5961,1.084,3274938.8733,156731.70645,13.3508,19.8451,33.4004,-0.6941,10.0635,60.0,0.036664142965463054,0.010976733894032087
600985.SH,煤炭开采,2023-12-25,value_quality_sector_stopfall,1.6950095435261618,6.3525,1.1945,4351741.4764,288481.39225000003,14.4463,8.6805,52.6366,-3.0073,-2.6616,60.0,0.036664142965463054,0.010976733894032087
600428.SH,水运,2023-12-25,value_quality_sector_stopfall,1.404389816699692,12.0213,1.0207,1161338.0671,188655.49675,8.2952,10.3447,58.0432,-3.3633,18.8795,60.0,0.17009836476183926,0.039546785271185936
601098.SH,出版业,2023-12-25,value_quality_sector_stopfall,1.286028876620517,11.53,1.2183,1803184.0,215426.12029999998,8.3931,14.0436,37.5437,5.9285,15.3766,57.0,0.04679015090674987,0.01626139238043356
601019.SH,出版业,2023-12-25,value_quality_sector_stopfall,1.2520715432871836,11.055,1.4445,1988815.7,156924.1371,9.242,15.5802,37.9984,9.5051,10.1623,51.0,0.04679015090674987,0.01626139238043356
600368.SH,路桥,2023-12-26,value_quality_sector_stopfall,2.399375841586258,7.3446,0.7976,494039.9147,79697.19635000001,9.2467,46.3684,36.4299,6.5085,19.7874,60.0,0.040940634502110385,0.009940540417480825
600428.SH,水运,2023-12-26,value_quality_sector_stopfall,1.3718022440882383,12.1102,1.0283,1169924.6702,195707.5213,8.2952,10.3447,58.0432,-3.3633,18.8795,60.0,0.14991563059265345,0.03813528016225143
601098.SH,出版业,2023-12-26,value_quality_sector_stopfall,1.282657268418419,11.4955,1.2146,1797796.0,203524.02389999997,8.3931,14.0436,37.5437,5.9285,15.3766,58.0,0.04606587680133756,0.00884739161708148
601019.SH,出版业,2023-12-26,value_quality_sector_stopfall,1.2778266017517526,10.8346,1.4157,1949164.6,156889.1369,9.242,15.5802,37.9984,9.5051,10.1623,51.0,0.04606587680133756,0.00884739161708148
600368.SH,路桥,2023-12-27,value_quality_sector_stopfall,2.386368032365265,7.3999,0.8036,497754.5006,80067.52645,9.2467,46.3684,36.4299,6.5085,19.7874,60.0,0.03610101402080779,0.009459018344456949
000012.SZ,玻璃,2023-12-27,value_quality_sector_stopfall,1.5828505212695494,9.0298,1.2071,1673527.1983,54204.13255,10.9784,10.8026,49.9711,24.7706,-11.1392,60.0,0.18867473841702442,0.0016731161858583032
600428.SH,水运,2023-12-27,value_quality_sector_stopfall,1.3498607308118908,11.9768,1.0169,1157044.7656,202591.78074999998,8.2952,10.3447,58.0432,-3.3633,18.8795,60.0,0.11307805608501664,0.03653800806020757
002478.SZ,钢加工,2023-12-28,value_quality_sector_stopfall,2.0870237057990018,6.5819,0.9712,491266.3943,50177.3281,12.8986,12.4617,33.1242,13.9465,79.5314,60.0,0.24773731136324662,0.0419497057990017
000012.SZ,玻璃,2023-12-28,value_quality_sector_stopfall,1.574514829224935,9.2286,1.2337,1710375.5036,54006.08875000001,10.9784,10.8026,49.9711,24.7706,-11.1392,60.0,0.22322059800226923,0.012998829224935005
600428.SH,水运,2023-12-28,value_quality_sector_stopfall,1.3215681289443693,11.9324,1.0132,1152751.464,203619.2953,8.2952,10.3447,58.0432,-3.3633,18.8795,60.0,0.08180423363822276,0.034092561972813185
002478.SZ,钢加工,2023-12-29,value_quality_sector_stopfall,2.086940710560711,6.5819,0.9712,491266.3943,50683.8924,12.8986,12.4617,33.1242,13.9465,79.5314,60.0,0.26173104180656015,0.041866710560710674
000012.SZ,玻璃,2023-12-29,value_quality_sector_stopfall,1.5852490297465376,9.2286,1.2337,1710375.5036,53109.09375,10.9784,10.8026,49.9711,24.7706,-11.1392,60.0,0.2289004699465178,0.02373302974653768
600428.SH,水运,2023-12-29,value_quality_sector_stopfall,1.2987609620341758,11.9102,1.0113,1150604.8133,193137.1472,8.2952,10.3447,58.0432,-3.3633,18.8795,60.0,0.06260410283106177,0.02773885920311403
601019.SH,出版业,2023-12-29,value_quality_sector_stopfall,1.260387454229643,10.881,1.4217,1957512.2,159909.04320000001,9.242,15.5802,37.9984,9.5051,10.1623,51.0,0.04042900000000005,0.004138454229642985
601098.SH,出版业,2023-12-29,value_quality_sector_stopfall,1.2470581208963099,11.6793,1.2341,1826532.0,203529.07615,8.3931,14.0436,37.5437,5.9285,15.3766,60.0,0.04042900000000005,0.004138454229642985
605196.SH,电气设备,2023-12-29,value_quality_sector_stopfall,1.117184240134186,10.4209,1.416,393874.0814,62521.761450000005,11.031,7.1093,52.1499,7.1452,71.8407,57.0,0.07661612028111953,0.0010781198530664948
600531.SH,铅锌,2023-12-29,value_quality_sector_stopfall,0.9357620065647755,10.2801,1.3944,659596.7936,97635.17814999999,10.7327,1.9008,69.5752,24.997,79.9716,55.0,0.05704529984537521,0.000988706719400323
600875.SH,电气设备,2023-12-29,value_quality_sector_stopfall,0.8749775734675193,13.958,1.2419,4559296.4112,145922.47725,8.123,6.9249,68.0503,10.4059,16.4715,48.0,0.07661612028111953,0.0010781198530664948
000630.SZ,铜,2023-12-29,value_quality_sector_stopfall,0.8509798324015015,12.0582,1.2976,4154779.2757,315626.63295,8.9197,3.2534,50.7257,15.6851,-9.0025,60.0,0.053020112010764286,0.0016717203907372635
002478.SZ,钢加工,2024-01-02,value_quality_sector_stopfall,2.060001524279109,6.751,0.9961,503886.0815,52623.02925,12.8986,12.4617,33.1242,13.9465,79.5314,60.0,0.263889413000862,0.04280085761244257
002128.SZ,煤炭开采,2024-01-02,value_quality_sector_stopfall,2.0013766010266396,7.6429,1.0907,3295113.0347,156656.539,13.3508,19.8451,33.4004,-0.6941,10.0635,60.0,0.03978252422757533,0.0027187434657309772
600985.SH,煤炭开采,2024-01-02,value_quality_sector_stopfall,1.699649934359973,6.3018,1.1849,4317006.9378,312917.72865000006,14.4463,8.6805,52.6366,-3.0073,-2.6616,60.0,0.03978252422757533,0.0027187434657309772
000012.SZ,玻璃,2024-01-02,value_quality_sector_stopfall,1.5922033231161359,9.2451,1.2359,1713446.1957,53041.32165,10.9784,10.8026,49.9711,24.7706,-11.1392,60.0,0.2216949656535454,0.033253989782802584
600428.SH,水运,2024-01-02,value_quality_sector_stopfall,1.3342171221117165,12.1768,1.0339,1176364.6225,189544.57215,8.2952,10.3447,58.0432,-3.3633,18.8795,60.0,0.13179450638280343,0.026844615728913057
601019.SH,出版业,2024-01-02,value_quality_sector_stopfall,1.2418782550915366,11.0086,1.4384,1980468.1,160234.885,9.242,15.5802,37.9984,9.5051,10.1623,51.0,0.042609635141100055,0.003088619950436522
601098.SH,出版业,2024-01-02,value_quality_sector_stopfall,1.2355955884248697,11.7712,1.2438,1840900.0,201171.4699,8.3931,14.0436,37.5437,5.9285,15.3766,60.0,0.042609635141100055,0.003088619950436522
600970.SH,建筑工程,2024-01-02,value_quality_sector_stopfall,1.2000946574757487,9.5675,1.3873,2518128.5041,102834.45335,12.241,6.8768,62.8157,5.0614,7.5348,49.0,0.04210426896905006,0.0018237218400320998
605196.SH,电气设备,2024-01-02,value_quality_sector_stopfall,1.107549011928937,10.5021,1.427,396943.2301,64185.10595,11.031,7.1093,52.1499,7.1452,71.8407,58.0,0.07542585991551909,0.005379818680084636
600531.SH,铅锌,2024-01-02,value_quality_sector_stopfall,0.9324885000014491,10.535,1.429,675950.4331,96177.06005,10.7327,1.9008,69.5752,24.997,79.9716,56.0,0.08919254588438164,0.005627954117067624
600875.SH,电气设备,2024-01-02,value_quality_sector_stopfall,0.8660556785956037,14.0535,1.2504,4590481.7492,150795.3709,8.123,6.9249,68.0503,10.4059,16.4715,49.0,0.07542585991551909,0.005379818680084636
000425.SZ,工程机械,2024-01-02,value_quality_sector_stopfall,0.8643807172119652,14.8279,1.1914,6628869.1782,271636.9478,8.8882,6.7113,65.242,-4.5802,3.4954,46.0,0.0653293063581859,0.0026067441871127084
000630.SZ,铜,2024-01-02,value_quality_sector_stopfall,0.851333403876367,12.1685,1.3095,4192780.3057,319686.2444,8.9197,3.2534,50.7257,15.6851,-9.0025,60.0,0.0672243003016777,0.0031077702413560004
600368.SH,路桥,2024-01-03,value_quality_sector_stopfall,2.3395765182081094,7.676,0.8336,516327.4297,84685.2285,9.2467,46.3684,36.4299,6.5085,19.7874,60.0,0.03225321902283951,0.004921965851936605
002478.SZ,钢加工,2024-01-03,value_quality_sector_stopfall,2.0427344566031183,6.8718,1.014,512900.1437,54521.90314999999,12.8986,12.4617,33.1242,13.9465,79.5314,60.0,0.25455856885375283,0.04552045660311821
002128.SZ,煤炭开采,2024-01-03,value_quality_sector_stopfall,2.001461178225863,7.7209,1.1018,3328736.6371,159425.34465,13.3508,19.8451,33.4004,-0.6941,10.0635,60.0,0.051080578325291226,0.004105266567238308
600985.SH,煤炭开采,2024-01-03,value_quality_sector_stopfall,1.694901178225863,6.3923,1.202,4379033.7662,323655.43635,14.4463,8.6805,52.6366,-3.0073,-2.6616,60.0,0.051080578325291226,0.004105266567238308
000012.SZ,玻璃,2024-01-03,value_quality_sector_stopfall,1.5853688432361863,9.2949,1.2425,1722658.272,52532.0171,10.9784,10.8026,49.9711,24.7706,-11.1392,60.0,0.20911135479544307,0.03413950990285297
600428.SH,水运,2024-01-03,value_quality_sector_stopfall,1.315650585510599,12.1546,1.032,1174217.9717,187897.25280000002,8.2952,10.3447,58.0432,-3.3633,18.8795,60.0,0.11500419340630152,0.02232172543763089
601019.SH,出版业,2024-01-03,value_quality_sector_stopfall,1.2287658603851488,11.2058,1.4642,2015945.4,163265.0545,9.242,15.5802,37.9984,9.5051,10.1623,51.0,0.06071580258688747,0.0022167244649278217
601098.SH,出版业,2024-01-03,value_quality_sector_stopfall,1.191443193718482,12.219,1.2911,1910944.0,207040.65435,8.3931,14.0436,37.5437,5.9285,15.3766,60.0,0.06071580258688747,0.0022167244649278217
600970.SH,建筑工程,2024-01-03,value_quality_sector_stopfall,1.180550586670385,9.7181,1.4092,2557763.2655,98294.2776,12.241,6.8768,62.8157,5.0614,7.5348,50.0,0.04423058968485738,0.004793330318860978
000521.SZ,家用电器,2024-01-03,value_quality_sector_stopfall,1.1215509158005963,10.2972,1.0711,598385.6784,67918.07665,9.2753,2.7076,69.1325,24.6644,207.5086,60.0,0.05784801836817355,0.0029842307657559353
605196.SH,电气设备,2024-01-03,value_quality_sector_stopfall,1.0903192398434125,10.6374,1.4454,402058.4779,66320.68304999999,11.031,7.1093,52.1499,7.1452,71.8407,59.0,0.07390601986977696,0.010956553306968875
600531.SH,铅锌,2024-01-03,value_quality_sector_stopfall,0.9265366936656955,10.552,1.4313,677040.6757,95094.1016,10.7327,1.9008,69.5752,24.997,79.9716,57.0,0.08157592142851655,0.009959438903845541
000630.SZ,铜,2024-01-03,value_quality_sector_stopfall,0.8761631645151923,11.9847,1.2897,4129445.2558,333217.11305,8.9197,3.2534,50.7257,15.6851,-9.0025,60.0,0.06427738908731606,0.005431108761209558
600875.SH,电气设备,2024-01-03,value_quality_sector_stopfall,0.8641325731767459,14.1012,1.2546,4606074.4182,156097.57475,8.123,6.9249,68.0503,10.4059,16.4715,50.0,0.07390601986977696,0.010956553306968875
000425.SZ,工程机械,2024-01-03,value_quality_sector_stopfall,0.8506067619856058,14.9072,1.1978,6664317.6765,273003.6553,8.8882,6.7113,65.242,-4.5802,3.4954,46.0,0.05699598092506042,0.006719447727212113
600368.SH,路桥,2024-01-04,value_quality_sector_stopfall,2.3470363867850237,7.7864,0.8456,523756.6013,85288.417,9.2467,46.3684,36.4299,6.5085,19.7874,60.0,0.055063606572399726,0.004931446879291146
002478.SZ,钢加工,2024-01-04,value_quality_sector_stopfall,2.0591104230132222,6.7872,1.0015,506590.3001,55392.2553,12.8986,12.4617,33.1242,13.9465,79.5314,60.0,0.2578778619929609,0.047923089679888786
002128.SZ,煤炭开采,2024-01-04,value_quality_sector_stopfall,1.9989918224149505,7.7937,1.1122,3360118.666,162509.80430000002,13.3508,19.8451,33.4004,-0.6941,10.0635,60.0,0.05875166469464599,0.005751491053638036
000598.SZ,水务,2024-01-04,value_quality_sector_stopfall,1.9213573233914403,10.2353,1.1121,1773426.3947,98739.02205,9.6987,26.8106,59.1671,15.1573,8.3753,60.0,0.06249050756889818,0.000985482489208822
600483.SH,新型电力,2024-01-04,value_quality_sector_stopfall,1.7303485566030175,8.4364,1.0686,2210621.1982,94674.46835,8.002,18.5222,46.5909,12.7183,1.6869,60.0,0.06524954802647276,0.0024390085765448877
600985.SH,煤炭开采,2024-01-04,value_quality_sector_stopfall,1.6861384890816173,6.4865,1.2197,4443540.7792,335780.1745,14.4463,8.6805,52.6366,-3.0073,-2.6616,60.0,0.05875166469464599,0.005751491053638036
000012.SZ,玻璃,2024-01-04,value_quality_sector_stopfall,1.5942308712018738,9.2451,1.2359,1713446.1957,52185.41845,10.9784,10.8026,49.9711,24.7706,-11.1392,60.0,0.2053405898965941,0.03528153786854049
600461.SH,水务,2024-01-04,value_quality_sector_stopfall,1.5109133233914402,9.8603,1.4527,1055134.3765,117962.30295,12.1211,17.6524,62.9107,5.5237,14.8545,60.0,0.06249050756889818,0.000985482489208822
600428.SH,水运,2024-01-04,value_quality_sector_stopfall,1.3384145254067865,12.1546,1.032,1174217.9717,188326.86945,8.2952,10.3447,58.0432,-3.3633,18.8795,60.0,0.1391628498893116,0.020927008850808226
601019.SH,出版业,2024-01-04,value_quality_sector_stopfall,1.2265844496449152,11.1942,1.4627,2013858.5,162661.65355,9.242,15.5802,37.9984,9.5051,10.1623,51.0,0.05872568759807417,0.00025209538017412214
601098.SH,出版业,2024-01-04,value_quality_sector_stopfall,1.1528417829782482,12.4717,1.3178,1950456.0,209914.03915,8.3931,14.0436,37.5437,5.9285,15.3766,60.0,0.05872568759807417,0.00025209538017412214
600970.SH,建筑工程,2024-01-04,value_quality_sector_stopfall,1.1379665248382553,9.9791,1.447,2626463.5185,103367.3513,12.241,6.8768,62.8157,5.0614,7.5348,51.0,0.042592863180735074,0.006446994990853661
000521.SZ,家用电器,2024-01-04,value_quality_sector_stopfall,1.0988235014320034,10.5276,1.0951,611774.6867,68778.7168,9.2753,2.7076,69.1325,24.6644,207.5086,60.0,0.06299219823707003,0.006472636528266573
605196.SH,电气设备,2024-01-04,value_quality_sector_stopfall,1.0802611394168111,10.6645,1.4491,403081.5274,67073.9552,11.031,7.1093,52.1499,7.1452,71.8407,59.0,0.06447392901956062,0.014603877063917192
002588.SZ,农药化肥,2024-01-04,value_quality_sector_stopfall,1.0366818994444729,12.7268,1.2621,755445.252,50661.20775,10.1587,7.7443,43.1034,10.4872,35.7668,60.0,0.05888599139365258,0.0031579080508203905
600531.SH,铅锌,2024-01-04,value_quality_sector_stopfall,0.9327090685281637,10.518,1.4267,674860.1904,95283.24865,10.7327,1.9008,69.5752,24.997,79.9716,58.0,0.0802040898598102,0.012170312001686945
000425.SZ,工程机械,2024-01-04,value_quality_sector_stopfall,0.8839844625440209,14.6957,1.1808,6569788.3477,278199.0002,8.8882,6.7113,65.242,-4.5802,3.4954,46.0,0.0613686675985492,0.010291128278805184
000630.SZ,铜,2024-01-04,value_quality_sector_stopfall,0.8712611988836384,12.0214,1.2937,4142112.2657,341510.29955,8.9197,3.2534,50.7257,15.6851,-9.0025,60.0,0.06301317958870722,0.006906685961597825
600875.SH,电气设备,2024-01-04,value_quality_sector_stopfall,0.8583478060834778,14.1012,1.2546,4606074.4182,159352.98025,8.123,6.9249,68.0503,10.4059,16.4715,51.0,0.06447392901956062,0.014603877063917192
000065.SZ,建筑工程,2024-01-04,value_quality_sector_stopfall,0.7403571915049219,13.5812,1.3787,1124236.946,193292.60865,8.6076,5.1468,57.8816,59.1497,38.4533,45.0,0.042592863180735074,0.006446994990853661
600368.SH,路桥,2024-01-05,value_quality_sector_stopfall,2.363552275023764,7.676,0.8336,516327.4297,86388.24545,9.2467,46.3684,36.4299,6.5085,19.7874,60.0,0.054920352380485093,0.006230589309946355
002478.SZ,钢加工,2024-01-05,value_quality_sector_stopfall,2.0644531266110984,6.7631,0.9979,504787.4877,55913.93735,12.8986,12.4617,33.1242,13.9465,79.5314,60.0,0.25847876821731863,0.049259126611098214
002128.SZ,煤炭开采,2024-01-05,value_quality_sector_stopfall,2.003594744546694,7.7469,1.1055,3339944.5046,165739.444,13.3508,19.8451,33.4004,-0.6941,10.0635,60.0,0.05350434019418149,0.008015071019179532
000598.SZ,水务,2024-01-05,value_quality_sector_stopfall,1.910925793775637,10.2525,1.1139,1776411.961,101975.8004,9.6987,26.8106,59.1671,15.1573,8.3753,60.0,0.05210200663114328,0.0032891204778269234
600483.SH,新型电力,2024-01-05,value_quality_sector_stopfall,1.7431980790881532,8.3298,1.0551,2182670.8153,98102.6905,8.002,18.5222,46.5909,12.7183,1.6869,60.0,0.06023861415255616,0.0041927982689302645
600985.SH,煤炭开采,2024-01-05,value_quality_sector_stopfall,1.6964080778800277,6.4177,1.2067,4396401.0389,345931.42865,14.4463,8.6805,52.6366,-3.0073,-2.6616,60.0,0.05350434019418149,0.008015071019179532
000012.SZ,玻璃,2024-01-05,value_quality_sector_stopfall,1.597349468307721,9.1623,1.2248,1698092.7352,51068.9619,10.9784,10.8026,49.9711,24.7706,-11.1392,60.0,0.19140323665561976,0.034076898318768034
600461.SH,水务,2024-01-05,value_quality_sector_stopfall,1.5061951271089704,9.8398,1.4497,1052947.5695,119609.88680000001,12.1211,17.6524,62.9107,5.5237,14.8545,60.0,0.05210200663114328,0.0032891204778269234
600323.SH,环境保护,2024-01-05,value_quality_sector_stopfall,1.4433786397036577,9.8154,1.1954,1417888.6869,56596.20970000001,10.2523,13.3216,65.2456,-6.7364,34.5304,60.0,0.04048314127642483,4.349842723283537e-05
600428.SH,水运,2024-01-05,value_quality_sector_stopfall,1.3315923358468436,11.8657,1.0075,1146311.5117,190525.34989999997,8.2952,10.3447,58.0432,-3.3633,18.8795,60.0,0.09806968600989796,0.019604649836945764
000543.SZ,火力发电,2024-01-05,value_quality_sector_stopfall,1.1574655131259395,12.3624,1.141,1602672.375,179255.47090000001,9.7937,8.4753,65.9347,4.5714,161.0417,50.0,0.06658486583116652,0.0014493139614395467
605196.SH,电气设备,2024-01-05,value_quality_sector_stopfall,1.092227557375532,10.4885,1.4252,396431.7053,68895.57694999999,11.031,7.1093,52.1499,7.1452,71.8407,60.0,0.049032937917208974,0.014344619458322994
000521.SZ,家用电器,2024-01-05,value_quality_sector_stopfall,1.0679947915120382,10.6871,1.1117,621044.0001,75061.76869999999,9.2753,2.7076,69.1325,24.6644,207.5086,60.0,0.052291802133641596,0.008044322711729723
002588.SZ,农药化肥,2024-01-05,value_quality_sector_stopfall,1.0402969221075276,12.5319,1.2427,743876.412,50598.4002,10.1587,7.7443,43.1034,10.4872,35.7668,60.0,0.03588967269291787,0.003842582747942913
600531.SH,铅锌,2024-01-05,value_quality_sector_stopfall,0.9268882587256927,10.4161,1.4128,668318.7346,96842.42965,10.7327,1.9008,69.5752,24.997,79.9716,59.0,0.05865215246004252,0.01184143959898365
600875.SH,电气设备,2024-01-05,value_quality_sector_stopfall,0.8919408907088653,13.7098,1.2198,4478214.5325,163721.49779999998,8.123,6.9249,68.0503,10.4059,16.4715,52.0,0.049032937917208974,0.014344619458322994
000425.SZ,工程机械,2024-01-05,value_quality_sector_stopfall,0.8808082769324436,14.59,1.1723,6522523.6833,278353.85075,8.8882,6.7113,65.242,-4.5802,3.4954,46.0,0.04456391134759463,0.011206365584848887
000630.SZ,铜,2024-01-05,value_quality_sector_stopfall,0.8691603538334821,11.9479,1.2858,4116778.2458,348340.55045000004,8.9197,3.2534,50.7257,15.6851,-9.0025,60.0,0.0508664317035985,0.006785922129883604
600368.SH,路桥,2024-01-08,value_quality_sector_stopfall,2.3647993350219325,7.6023,0.8256,511374.6486,86093.8987,9.2467,46.3684,36.4299,6.5085,19.7874,60.0,0.04477975467316875,0.007371580348763507
002478.SZ,钢加工,2024-01-08,value_quality_sector_stopfall,2.0831088150426362,6.6544,0.9819,496674.8316,55915.73415,12.8986,12.4617,33.1242,13.9465,79.5314,60.0,0.24314735062351112,0.05000148170930241
002128.SZ,煤炭开采,2024-01-08,value_quality_sector_stopfall,1.9977552534445482,7.7209,1.1018,3328736.6371,161812.6763,13.3508,19.8451,33.4004,-0.6941,10.0635,60.0,0.04101236248274143,0.0104675576284734
000598.SZ,水务,2024-01-08,value_quality_sector_stopfall,1.9108857690574519,10.1491,1.1027,1758498.5631,105185.07744999998,9.6987,26.8106,59.1671,15.1573,8.3753,60.0,0.03606849810108792,0.004922604289697263
600483.SH,新型电力,2024-01-08,value_quality_sector_stopfall,1.7335458853094143,8.2134,1.0404,2152179.4884,99441.67199999999,8.002,18.5222,46.5909,12.7183,1.6869,60.0,0.03265241711358002,0.004566801529167552
600985.SH,煤炭开采,2024-01-08,value_quality_sector_stopfall,1.6870152534445484,6.414,1.2061,4393919.9999,347054.075,14.4463,8.6805,52.6366,-3.0073,-2.6616,60.0,0.04101236248274143,0.0104675576284734
600461.SH,水务,2024-01-08,value_quality_sector_stopfall,1.5102884357241186,9.7274,1.4332,1040920.131,108322.0583,12.1211,17.6524,62.9107,5.5237,14.8545,60.0,0.03606849810108792,0.004922604289697263
600428.SH,水运,2024-01-08,value_quality_sector_stopfall,1.3276839120544404,11.6435,0.9886,1124845.004,190363.6238,8.2952,10.3447,58.0432,-3.3633,18.8795,60.0,0.0679677526724658,0.018384826048641223
000543.SZ,火力发电,2024-01-08,value_quality_sector_stopfall,1.140938924591933,12.3624,1.141,1602672.375,185072.7729,9.7937,8.4753,65.9347,4.5714,161.0417,51.0,0.04895016497648719,0.0025574262821124183
000521.SZ,家用电器,2024-01-08,value_quality_sector_stopfall,1.0186711081022244,10.9175,1.1356,634433.0084,86596.94950000002,9.2753,2.7076,69.1325,24.6644,207.5086,60.0,0.03488544042917807,0.007420334339713008
600531.SH,铅锌,2024-01-08,value_quality_sector_stopfall,0.9402390922901017,10.1782,1.3806,653055.3378,94741.46885,10.7327,1.9008,69.5752,24.997,79.9716,59.0,0.03674604091581557,0.009771718040952893
000630.SZ,铜,2024-01-08,value_quality_sector_stopfall,0.86577387144308,11.9112,1.2818,4104111.2358,362494.41985,8.9197,3.2534,50.7257,15.6851,-9.0025,60.0,0.04256548763579571,0.006587050473950917
600368.SH,路桥,2024-01-09,value_quality_sector_stopfall,2.3792508304941826,7.7128,0.8376,518803.8202,86129.60555000001,9.2467,46.3684,36.4299,6.5085,19.7874,60.0,0.07237958536573075,0.009589911795118367
002478.SZ,钢加工,2024-01-09,value_quality_sector_stopfall,2.0727269439604994,6.7148,0.9908,501181.8628,55903.4992,12.8986,12.4617,33.1242,13.9465,79.5314,60.0,0.23182955955095585,0.04957961062716554
002128.SZ,煤炭开采,2024-01-09,value_quality_sector_stopfall,2.0077753042738133,7.7417,1.1048,3337702.9311,158952.2998,13.3508,19.8451,33.4004,-0.6941,10.0635,60.0,0.05352287726492966,0.0113637603422172
000598.SZ,水务,2024-01-09,value_quality_sector_stopfall,1.9007468796363869,10.2698,1.1158,1779397.5273,105890.29804999998,9.6987,26.8106,59.1671,15.1573,8.3753,60.0,0.042400948761481816,0.005231264208238384
600483.SH,新型电力,2024-01-09,value_quality_sector_stopfall,1.7351319587964413,8.2425,1.0441,2159802.3201,97702.3542,8.002,18.5222,46.5909,12.7183,1.6869,60.0,0.0391657984736371,0.004046160322804138
600985.SH,煤炭开采,2024-01-09,value_quality_sector_stopfall,1.6955953042738137,6.4394,1.2108,4411287.2727,342300.83565,14.4463,8.6805,52.6366,-3.0073,-2.6616,60.0,0.05352287726492966,0.0113637603422172
600461.SH,水务,2024-01-09,value_quality_sector_stopfall,1.5051562129697205,9.799,1.4437,1048573.9555,97673.78050000001,12.1211,17.6524,62.9107,5.5237,14.8545,60.0,0.042400948761481816,0.005231264208238384
600428.SH,水运,2024-01-09,value_quality_sector_stopfall,1.2982664723955868,11.6213,0.9867,1122698.3532,188106.1784,8.2952,10.3447,58.0432,-3.3633,18.8795,60.0,0.040413784165608924,0.01377468822997785
000543.SZ,火力发电,2024-01-09,value_quality_sector_stopfall,1.1096203973249144,12.6421,1.1668,1638942.1883,188876.97345,9.7937,8.4753,65.9347,4.5714,161.0417,52.0,0.05329911236047957,0.0027366182977681675
605196.SH,电气设备,2024-01-09,value_quality_sector_stopfall,1.058525755139762,10.5697,1.4362,399500.854,75740.48715,11.031,7.1093,52.1499,7.1452,71.8407,60.0,0.03352058531287305,0.008901836493555582
000521.SZ,家用电器,2024-01-09,value_quality_sector_stopfall,0.9752700960392027,11.272,1.1725,655031.4827,100674.56599999999,9.2753,2.7076,69.1325,24.6644,207.5086,60.0,0.04058961648927584,0.006548479549926878
600531.SH,铅锌,2024-01-09,value_quality_sector_stopfall,0.9277719131025391,10.2631,1.3921,658506.5509,90665.4284,10.7327,1.9008,69.5752,24.997,79.9716,60.0,0.0395493079608118,0.00782793847506058
600875.SH,电气设备,2024-01-09,value_quality_sector_stopfall,0.892645755139762,13.5379,1.2045,4422080.9241,159357.52065,8.123,6.9249,68.0503,10.4059,16.4715,54.0,0.03352058531287305,0.008901836493555582
000425.SZ,工程机械,2024-01-09,value_quality_sector_stopfall,0.8838309287209306,14.4579,1.1617,6463442.8529,264193.76910000003,8.8882,6.7113,65.242,-4.5802,3.4954,46.0,0.032893748100411235,0.01002584728718614
000630.SZ,铜,2024-01-09,value_quality_sector_stopfall,0.8395140126725275,12.2053,1.3135,4205447.3157,377665.4544,8.9197,3.2534,50.7257,15.6851,-9.0025,60.0,0.05672248439240213,0.006910194946791792
600368.SH,路桥,2024-01-10,value_quality_sector_stopfall,2.3781648711590506,7.6392,0.8296,513851.0391,83649.2686,9.2467,46.3684,36.4299,6.5085,19.7874,60.0,0.06055088107928497,0.010092656746432782
002478.SZ,钢加工,2024-01-10,value_quality_sector_stopfall,2.0892178557190597,6.6061,0.9748,493069.2067,57163.0965,12.8986,12.4617,33.1242,13.9465,79.5314,60.0,0.23654817066664147,0.04815718905239286
002128.SZ,煤炭开采,2024-01-10,value_quality_sector_stopfall,2.0030755482682694,7.6845,1.0966,3313045.6227,159955.9647,13.3508,19.8451,33.4004,-0.6941,10.0635,60.0,0.04103855591770622,0.009868325683896728
000598.SZ,水务,2024-01-10,value_quality_sector_stopfall,1.9016783147132532,10.2181,1.1102,1770440.8284,107454.72284999999,9.6987,26.8106,59.1671,15.1573,8.3753,60.0,0.03767444225956007,0.0037092057870264927
600985.SH,煤炭开采,2024-01-10,value_quality_sector_stopfall,1.6857955482682696,6.4177,1.2067,4396401.0389,343189.4038,14.4463,8.6805,52.6366,-3.0073,-2.6616,60.0,0.04103855591770622,0.009868325683896728
600461.SH,水务,2024-01-10,value_quality_sector_stopfall,1.5141076480465865,9.707,1.4301,1038733.3241,96043.35715000001,12.1211,17.6524,62.9107,5.5237,14.8545,60.0,0.03767444225956007,0.0037092057870264927
000543.SZ,火力发电,2024-01-10,value_quality_sector_stopfall,1.0931689922194991,12.6421,1.1668,1638942.1883,196394.2064,9.7937,8.4753,65.9347,4.5714,161.0417,53.0,0.039449598321785295,0.00013472723104723805
605196.SH,电气设备,2024-01-10,value_quality_sector_stopfall,1.0733119666693098,10.4885,1.4252,396431.7053,76843.13625000001,11.031,7.1093,52.1499,7.1452,71.8407,60.0,0.03837881901465168,0.0060831476546581165
000521.SZ,家用电器,2024-01-10,value_quality_sector_stopfall,0.9975105450400097,11.1125,1.1559,645762.1693,106756.07560000001,9.2753,2.7076,69.1325,24.6644,207.5086,60.0,0.042445756906932086,0.005232788133077593
600531.SH,铅锌,2024-01-10,value_quality_sector_stopfall,0.9318086547868084,10.2122,1.3852,655235.823,89876.75194999999,10.7327,1.9008,69.5752,24.997,79.9716,60.0,0.03789377843564301,0.005526876351165333
600875.SH,电气设备,2024-01-10,value_quality_sector_stopfall,0.8850586333359763,13.6143,1.2113,4447029.1945,159774.44335000002,8.123,6.9249,68.0503,10.4059,16.4715,55.0,0.03837881901465168,0.0060831476546581165
000630.SZ,铜,2024-01-10,value_quality_sector_stopfall,0.8511275975700828,12.0214,1.2937,4142112.2657,388099.70330000005,8.9197,3.2534,50.7257,15.6851,-9.0025,60.0,0.043880890841355935,0.005905373395393543
600368.SH,路桥,2024-01-11,value_quality_sector_stopfall,2.366016554765035,7.6207,0.8276,512612.8439,76133.6235,9.2467,46.3684,36.4299,6.5085,19.7874,60.0,0.04731461688848149,0.008613937876553956
002478.SZ,钢加工,2024-01-11,value_quality_sector_stopfall,2.0856370938899813,6.6302,0.9783,494872.0192,58289.00155,12.8986,12.4617,33.1242,13.9465,79.5314,60.0,0.262307412208753,0.04851642722331451
000598.SZ,水务,2024-01-11,value_quality_sector_stopfall,1.9094792541825376,10.2008,1.1083,1767455.262,108548.0811,9.6987,26.8106,59.1671,15.1573,8.3753,60.0,0.04470805904780595,0.002056528468064922
600483.SH,新型电力,2024-01-11,value_quality_sector_stopfall,1.750187636281882,8.1067,1.0269,2124229.1054,102761.6578,8.002,18.5222,46.5909,12.7183,1.6869,60.0,0.03718626758070687,0.00056136870117518
600461.SH,水务,2024-01-11,value_quality_sector_stopfall,1.5480685875158706,9.5333,1.4046,1020145.4646,97554.0068,12.1211,17.6524,62.9107,5.5237,14.8545,60.0,0.04470805904780595,0.002056528468064922
600428.SH,水运,2024-01-11,value_quality_sector_stopfall,1.3070064401647006,11.5324,0.9792,1114111.7501,187434.7868,8.2952,10.3447,58.0432,-3.3633,18.8795,60.0,0.042099953084653974,0.009901820413380058
605196.SH,电气设备,2024-01-11,value_quality_sector_stopfall,1.0670832670609929,10.6915,1.4527,404104.577,78597.70825,11.031,7.1093,52.1499,7.1452,71.8407,60.0,0.06382862473384465,0.006271308993814895
000521.SZ,家用电器,2024-01-11,value_quality_sector_stopfall,0.9890067143834391,11.4847,1.1946,667390.5673,117591.10334999999,9.2753,2.7076,69.1325,24.6644,207.5086,60.0,0.0839437924730344,0.005844255243738106
600531.SH,铅锌,2024-01-11,value_quality_sector_stopfall,0.939101618297742,10.2461,1.3898,657416.3083,89504.47589999999,10.7327,1.9008,69.5752,24.997,79.9716,60.0,0.05071346497096085,0.005326819993447751
600875.SH,电气设备,2024-01-11,value_quality_sector_stopfall,0.9082899337276594,13.6334,1.213,4453266.2621,162274.74365000002,8.123,6.9249,68.0503,10.4059,16.4715,56.0,0.06382862473384465,0.006271308993814895
000425.SZ,工程机械,2024-01-11,value_quality_sector_stopfall,0.8856046678911947,14.4579,1.1617,6463442.8529,256944.46235,8.8882,6.7113,65.242,-4.5802,3.4954,46.0,0.03737534682885979,0.007317987729001718
000630.SZ,铜,2024-01-11,value_quality_sector_stopfall,0.8585699390608988,11.9847,1.2897,4129445.2558,392175.66615,8.9197,3.2534,50.7257,15.6851,-9.0025,60.0,0.04606573354588672,0.00604953884834547
600368.SH,路桥,2024-01-12,value_quality_sector_stopfall,2.3658663218237725,7.6207,0.8276,512612.8439,71513.5423,9.2467,46.3684,36.4299,6.5085,19.7874,60.0,0.04907689828383255,0.006701423539940077
002478.SZ,钢加工,2024-01-12,value_quality_sector_stopfall,2.082512878632457,6.6423,0.9801,495773.4254,58610.34319999999,12.8986,12.4617,33.1242,13.9465,79.5314,60.0,0.25670925916523735,0.04739887863245662
002128.SZ,煤炭开采,2024-01-12,value_quality_sector_stopfall,1.9815342710288386,7.7365,1.1041,3335461.3576,164453.745,13.3508,19.8451,33.4004,-0.6941,10.0635,60.0,0.03174641644834186,0.00608585458049693
000598.SZ,水务,2024-01-12,value_quality_sector_stopfall,1.9008374367403829,10.3042,1.1195,1785368.66,111772.2468,9.6987,26.8106,59.1671,15.1573,8.3753,60.0,0.05177668436383054,0.0007060857098855067
600985.SH,煤炭开采,2024-01-12,value_quality_sector_stopfall,1.7032809376955054,6.2583,1.1768,4287235.3246,355444.2992,14.4463,8.6805,52.6366,-3.0073,-2.6616,60.0,0.03174641644834186,0.00608585458049693
600461.SH,水务,2024-01-12,value_quality_sector_stopfall,1.5280201034070493,9.8598,1.4106,1055081.8315,99244.9074,12.1211,17.6524,62.9107,5.5237,14.8545,60.0,0.05177668436383054,0.0007060857098855067
600428.SH,水运,2024-01-12,value_quality_sector_stopfall,1.315144831376542,11.688,0.9924,1129138.3055,188823.61370000002,8.2952,10.3447,58.0432,-3.3633,18.8795,60.0,0.06987100499690113,0.00944249304630751
605196.SH,电气设备,2024-01-12,value_quality_sector_stopfall,1.056236247651049,10.7186,1.4564,405127.6266,80509.3975,11.031,7.1093,52.1499,7.1452,71.8407,60.0,0.05720610157547923,0.006320146075569744
000521.SZ,家用电器,2024-01-12,value_quality_sector_stopfall,0.9986794033665182,11.2543,1.1707,654001.559,121236.1689,9.2753,2.7076,69.1325,24.6644,207.5086,60.0,0.06221784578781997,0.005949557578698306
600531.SH,铅锌,2024-01-12,value_quality_sector_stopfall,0.9158563951943467,10.2971,1.3967,660687.0362,89517.47949999999,10.7327,1.9008,69.5752,24.997,79.9716,60.0,0.03613777674607177,0.004657285114941789
600875.SH,电气设备,2024-01-12,value_quality_sector_stopfall,0.8848762476510489,13.767,1.2249,4496925.7353,166662.825,8.123,6.9249,68.0503,10.4059,16.4715,56.0,0.05720610157547923,0.006320146075569744
000630.SZ,铜,2024-01-12,value_quality_sector_stopfall,0.851233819238331,12.0582,1.2976,4154779.2757,396590.36215,8.9197,3.2534,50.7257,15.6851,-9.0025,60.0,0.04835258267737985,0.006593236560951121
600368.SH,路桥,2024-01-15,value_quality_sector_stopfall,2.362629770448032,7.6944,0.8356,517565.625,69209.0368,9.2467,46.3684,36.4299,6.5085,19.7874,60.0,0.05693320204688068,0.005855235067818487
002478.SZ,钢加工,2024-01-15,value_quality_sector_stopfall,2.0765045404701175,6.6665,0.9837,497576.2379,59457.89035,12.8986,12.4617,33.1242,13.9465,79.5314,60.0,0.237829805729745,0.04540387380345012
002128.SZ,煤炭开采,2024-01-15,value_quality_sector_stopfall,1.9857136345077337,7.7261,1.1026,3330978.2106,165253.94875,13.3508,19.8451,33.4004,-0.6941,10.0635,60.0,0.03522760255361135,0.005090698620789258
600985.SH,煤炭开采,2024-01-15,value_quality_sector_stopfall,1.685633634507734,6.3633,1.1965,4359185.4545,368329.9462,14.4463,8.6805,52.6366,-3.0073,-2.6616,60.0,0.03522760255361135,0.005090698620789258
600428.SH,水运,2024-01-15,value_quality_sector_stopfall,1.272792285455748,12.0435,1.0226,1163484.7179,193928.59275,8.2952,10.3447,58.0432,-3.3633,18.8795,60.0,0.06962001391614847,0.01117427153959949
605196.SH,电气设备,2024-01-15,value_quality_sector_stopfall,1.0265580623839983,10.8539,1.4748,410242.8744,81990.003,11.031,7.1093,52.1499,7.1452,71.8407,60.0,0.047726329542349344,0.007408399508315622
000521.SZ,家用电器,2024-01-15,value_quality_sector_stopfall,0.9614178310781334,11.4847,1.1946,667390.5673,125857.89080000001,9.2753,2.7076,69.1325,24.6644,207.5086,60.0,0.055690449324314883,0.006508715087151895
600875.SH,电气设备,2024-01-15,value_quality_sector_stopfall,0.8836980623839983,13.7098,1.2198,4478214.5325,168823.88435,8.123,6.9249,68.0503,10.4059,16.4715,57.0,0.047726329542349344,0.007408399508315622
000630.SZ,铜,2024-01-15,value_quality_sector_stopfall,0.8521729652301288,12.0582,1.2976,4154779.2757,395491.88015,8.9197,3.2534,50.7257,15.6851,-9.0025,60.0,0.04880666911033393,0.007078296119794825
600368.SH,路桥,2024-01-16,value_quality_sector_stopfall,2.361962084958013,7.6392,0.8296,513851.0391,67443.05435,9.2467,46.3684,36.4299,6.5085,19.7874,60.0,0.05080169766776166,0.0036390539569184366
002478.SZ,钢加工,2024-01-16,value_quality_sector_stopfall,2.0885123516189052,6.594,0.973,492167.8005,59253.1169,12.8986,12.4617,33.1242,13.9465,79.5314,60.0,0.2351173669597324,0.04544501828557146
002128.SZ,煤炭开采,2024-01-16,value_quality_sector_stopfall,1.9881778500466576,7.7001,1.0989,3319770.3431,165242.7443,13.3508,19.8451,33.4004,-0.6941,10.0635,60.0,0.0339783786166441,0.004604138096680366
600483.SH,新型电力,2024-01-16,value_quality_sector_stopfall,1.7322297411339762,8.1843,1.0367,2144556.6567,107285.66555,8.002,18.5222,46.5909,12.7183,1.6869,60.0,0.03126861438388273,0.00022779341676004705
600985.SH,煤炭开采,2024-01-16,value_quality_sector_stopfall,1.6811311833799911,6.3778,1.1992,4369109.6103,374824.3112,14.4463,8.6805,52.6366,-3.0073,-2.6616,60.0,0.0339783786166441,0.004604138096680366
600428.SH,水运,2024-01-16,value_quality_sector_stopfall,1.2743087260746797,11.7991,1.0018,1139871.5594,181499.38025,8.2952,10.3447,58.0432,-3.3633,18.8795,60.0,0.043955685004746003,0.008195041069933628
605196.SH,电气设备,2024-01-16,value_quality_sector_stopfall,1.0279500617682493,10.9216,1.484,412800.4983,83120.0651,11.031,7.1093,52.1499,7.1452,71.8407,60.0,0.05760987501456594,0.009563520087016775
000521.SZ,家用电器,2024-01-16,value_quality_sector_stopfall,0.9555130530680433,11.5556,1.202,671510.2622,128674.13180000002,9.2753,2.7076,69.1325,24.6644,207.5086,60.0,0.058700627102318936,0.007253759299057805
600531.SH,铅锌,2024-01-16,value_quality_sector_stopfall,0.9217275804489923,10.2291,1.3875,656326.0657,88672.62025,10.7327,1.9008,69.5752,24.997,79.9716,60.0,0.03238175166630075,0.003617828782691568
600875.SH,电气设备,2024-01-16,value_quality_sector_stopfall,0.8909300617682493,13.7479,1.2232,4490688.6677,172929.999,8.123,6.9249,68.0503,10.4059,16.4715,57.0,0.05760987501456594,0.009563520087016775
000630.SZ,铜,2024-01-16,value_quality_sector_stopfall,0.8518320223095895,12.0582,1.2976,4154779.2757,395651.53945,8.9197,3.2534,50.7257,15.6851,-9.0025,60.0,0.047777040620315736,0.007766981689273811
600368.SH,路桥,2024-01-17,value_quality_sector_stopfall,2.3713751092724373,7.5839,0.8236,510136.4533,66633.9785,9.2467,46.3684,36.4299,6.5085,19.7874,60.0,0.052932256487655094,0.003234852784781861
002478.SZ,钢加工,2024-01-17,value_quality_sector_stopfall,2.1102482419359063,6.4128,0.9462,478646.7071,61010.522699999994,12.8986,12.4617,33.1242,13.9465,79.5314,60.0,0.1930411529555296,0.04419308898037699
000012.SZ,玻璃,2024-01-17,value_quality_sector_stopfall,1.528754086494941,9.2617,1.2381,1716516.8878,51242.1495,10.9784,10.8026,49.9711,24.7706,-11.1392,60.0,0.14201501646518055,0.030363070029760353
000521.SZ,家用电器,2024-01-17,value_quality_sector_stopfall,0.8938387969530469,11.8569,1.2333,689018.9653,139962.3972,9.2753,2.7076,69.1325,24.6644,207.5086,60.0,0.03792335698889282,0.007310106630820767
600368.SH,路桥,2024-01-18,value_quality_sector_stopfall,2.3819013295516926,7.4183,0.8056,498992.6958,69322.69915,9.2467,46.3684,36.4299,6.5085,19.7874,60.0,0.04021447272390555,0.0034388568277867737
002478.SZ,钢加工,2024-01-18,value_quality_sector_stopfall,2.1023520562554143,6.3162,0.932,471435.4572,63714.65854999999,12.8986,12.4617,33.1242,13.9465,79.5314,60.0,0.17162808017262732,0.04180330941612076
000012.SZ,玻璃,2024-01-18,value_quality_sector_stopfall,1.5239576780868453,9.2451,1.2359,1713446.1957,54062.690299999995,10.9784,10.8026,49.9711,24.7706,-11.1392,60.0,0.1340849857882236,0.030923358965288417
000521.SZ,家用电器,2024-01-18,value_quality_sector_stopfall,0.8757568649859118,11.9632,1.2444,695198.5076,146154.88640000002,9.2753,2.7076,69.1325,24.6644,207.5086,60.0,0.036060902900416636,0.005577295418828454
600368.SH,路桥,2024-01-19,value_quality_sector_stopfall,2.3806880596809807,7.363,0.7996,495278.11,69628.1723,9.2467,46.3684,36.4299,6.5085,19.7874,60.0,0.031198240412492417,0.0035551526018218205
000012.SZ,玻璃,2024-01-19,value_quality_sector_stopfall,1.5133171986259142,9.1126,1.2182,1688880.6589,55482.05535,10.9784,10.8026,49.9711,24.7706,-11.1392,60.0,0.10408030742172847,0.02965422453751909
000521.SZ,家用电器,2024-01-19,value_quality_sector_stopfall,0.8410784736069141,12.1759,1.2665,707557.5922,156191.3429,9.2753,2.7076,69.1325,24.6644,207.5086,60.0,0.030891906880450515,0.00498123339313028
000012.SZ,玻璃,2024-01-22,value_quality_sector_stopfall,1.5014132523043082,8.7315,1.1672,1618254.7404,57868.86325000001,10.9784,10.8026,49.9711,24.7706,-11.1392,60.0,0.03690000332844656,0.025523915642528427
002478.SZ,钢加工,2024-01-24,value_quality_sector_stopfall,1.9000778216007126,6.4853,0.9569,484055.1444,80447.4454,12.8986,12.4617,33.1242,13.9465,79.5314,60.0,0.038906768042474615,0.00012372022490447776
000012.SZ,玻璃,2024-01-25,value_quality_sector_stopfall,1.4151784607539832,9.2617,1.2381,1716516.8878,63993.45495,10.9784,10.8026,49.9711,24.7706,-11.1392,60.0,0.058456573827945,0.00034588692603820803
600368.SH,路桥,2024-01-26,value_quality_sector_stopfall,2.369343388472835,7.7496,0.8416,521280.2108,79828.98775,9.2467,46.3684,36.4299,6.5085,19.7874,60.0,0.07644789291261112,0.0007341622268899339
600368.SH,路桥,2024-01-29,value_quality_sector_stopfall,2.384153497763876,7.6392,0.8296,513851.0391,81262.13795,9.2467,46.3684,36.4299,6.5085,19.7874,60.0,0.07151752235242848,0.005114642078114295
002128.SZ,煤炭开采,2024-01-29,value_quality_sector_stopfall,2.0288991514646533,7.8613,1.1219,3389259.1214,174647.50029999999,13.3508,19.8451,33.4004,-0.6941,10.0635,60.0,0.10191556702702242,0.003468251104297604
600985.SH,煤炭开采,2024-01-29,value_quality_sector_stopfall,1.7485724847979867,6.3742,1.1986,4366628.5714,320275.2683,14.4463,8.6805,52.6366,-3.0073,-2.6616,60.0,0.10191556702702242,0.003468251104297604
000543.SZ,火力发电,2024-01-29,value_quality_sector_stopfall,1.1227125997327456,12.852,1.1862,1666144.5483,217241.18325,9.7937,8.4753,65.9347,4.5714,161.0417,60.0,0.09475285280972834,0.0013017469230172107
600368.SH,路桥,2024-01-30,value_quality_sector_stopfall,2.3834708900421306,7.4919,0.8136,503945.4769,78377.82965,9.2467,46.3684,36.4299,6.5085,19.7874,60.0,0.04834750367908969,0.0071153863630408765
601298.SH,港口,2024-01-30,value_quality_sector_stopfall,2.0917447412420964,9.251,1.1456,4498332.3,99708.2036,9.8826,31.1129,27.6412,-7.7194,9.832,60.0,0.07473654403070706,0.00217086387805554
002128.SZ,煤炭开采,2024-01-30,value_quality_sector_stopfall,2.0339066869589226,7.7417,1.1048,3337702.9311,166503.46850000002,13.3508,19.8451,33.4004,-0.6941,10.0635,60.0,0.08527050272104097,0.005747517571214944
601000.SH,港口,2024-01-30,value_quality_sector_stopfall,1.772992741242096,12.4255,1.212,2382223.3028,186181.53475,8.3113,38.4728,10.5505,1.1294,16.417,60.0,0.07473654403070706,0.00217086387805554
600985.SH,煤炭开采,2024-01-30,value_quality_sector_stopfall,1.7502266869589225,6.2909,1.1829,4309564.6753,309632.7188,14.4463,8.6805,52.6366,-3.0073,-2.6616,60.0,0.08527050272104097,0.005747517571214944
000543.SZ,火力发电,2024-01-30,value_quality_sector_stopfall,1.143160204091244,12.6421,1.1668,1638942.1883,220318.9554,9.7937,8.4753,65.9347,4.5714,161.0417,60.0,0.08668244425410032,0.0028930931704771456
600968.SH,石油开采,2024-01-30,value_quality_sector_stopfall,1.1030090895973772,11.1344,1.2752,3029201.0513,96191.2136,9.311,7.0276,42.3415,0.7417,16.5312,60.0,0.08829763625777187,0.00044478667293845753
600368.SH,路桥,2024-01-31,value_quality_sector_stopfall,2.403308184208597,7.2526,0.7876,487848.9384,78500.39805,9.2467,46.3684,36.4299,6.5085,19.7874,60.0,0.03546808866416806,0.00654542887776155
601298.SH,港口,2024-01-31,value_quality_sector_stopfall,2.0769964625024944,9.251,1.1456,4498332.3,99391.7862,9.8826,31.1129,27.6412,-7.7194,9.832,60.0,0.06017405926573538,0.001985069903425618
002128.SZ,煤炭开采,2024-01-31,value_quality_sector_stopfall,2.037715194338083,7.6793,1.0959,3310804.0492,163441.17234999998,13.3508,19.8451,33.4004,-0.6941,10.0635,60.0,0.07946353033826714,0.005269663999816432
601000.SH,港口,2024-01-31,value_quality_sector_stopfall,1.7501244625024943,12.4873,1.218,2394075.1601,182755.32875000002,8.3113,38.4728,10.5505,1.1294,16.417,60.0,0.06017405926573538,0.001985069903425618
600985.SH,煤炭开采,2024-01-31,value_quality_sector_stopfall,1.7467085276714172,6.2764,1.1802,4299640.5194,298689.74929999997,14.4463,8.6805,52.6366,-3.0073,-2.6616,60.0,0.07946353033826714,0.005269663999816432
000543.SZ,火力发电,2024-01-31,value_quality_sector_stopfall,1.1314421019061929,12.4498,1.149,1614006.6917,221187.98479999998,9.7937,8.4753,65.9347,4.5714,161.0417,60.0,0.052811856485633246,0.00035891208722627077
002128.SZ,煤炭开采,2024-02-01,value_quality_sector_stopfall,2.0289502747745014,7.5805,1.0818,3268214.1528,161922.1362,13.3508,19.8451,33.4004,-0.6941,10.0635,60.0,0.05831946133322874,0.001662146774605855
600985.SH,煤炭开采,2024-02-01,value_quality_sector_stopfall,1.7184836081078347,6.2945,1.1836,4312045.7142,288894.706,14.4463,8.6805,52.6366,-3.0073,-2.6616,60.0,0.05831946133322874,0.001662146774605855
002128.SZ,煤炭开采,2024-02-21,value_quality_sector_stopfall,1.9777144694017634,8.2928,1.1835,3575309.7213,215430.87634999998,13.3508,19.8451,33.4004,-0.6941,10.0635,60.0,0.12152639707439783,0.0025060723273657715
600985.SH,煤炭开采,2024-02-21,value_quality_sector_stopfall,1.668467802735097,6.8885,1.2953,4718936.1038,353692.64285000006,14.4463,8.6805,52.6366,-3.0073,-2.6616,60.0,0.12152639707439783,0.0025060723273657715
002128.SZ,煤炭开采,2024-02-22,value_quality_sector_stopfall,1.9944743537778118,8.5528,1.2205,3687388.396,223522.97640000004,13.3508,19.8451,33.4004,-0.6941,10.0635,60.0,0.17357595650845048,0.009216397269361298
600985.SH,煤炭开采,2024-02-22,value_quality_sector_stopfall,1.6319543537778118,7.3846,1.3886,5058838.4415,386277.69305,14.4463,8.6805,52.6366,-3.0073,-2.6616,60.0,0.17357595650845048,0.009216397269361298
002128.SZ,煤炭开采,2024-02-23,value_quality_sector_stopfall,1.9793193465120484,8.6048,1.228,3709804.1309,224981.5446,13.3508,19.8451,33.4004,-0.6941,10.0635,60.0,0.16153263621590663,0.014571376962808413
600985.SH,煤炭开采,2024-02-23,value_quality_sector_stopfall,1.6809126798453817,7.0949,1.3341,4860355.3246,400582.2535,14.4463,8.6805,52.6366,-3.0073,-2.6616,60.0,0.16153263621590663,0.014571376962808413
002128.SZ,煤炭开采,2024-02-26,value_quality_sector_stopfall,1.980115630459673,8.48,1.2102,3656006.3671,233242.7208,13.3508,19.8451,33.4004,-0.6941,10.0635,60.0,0.13904461767921483,0.017669012780458182
600985.SH,煤炭开采,2024-02-26,value_quality_sector_stopfall,1.709515630459673,6.845,1.2871,4689163.6363,411653.17585,14.4463,8.6805,52.6366,-3.0073,-2.6616,60.0,0.13904461767921483,0.017669012780458182
601098.SH,出版业,2024-02-26,value_quality_sector_stopfall,1.3384326752545845,11.4254,1.3642,2101320.0,248640.61515000003,8.3931,14.0436,37.5437,5.9285,15.3766,60.0,0.29130692571223404,0.005748675254584779
601019.SH,出版业,2024-02-26,value_quality_sector_stopfall,1.2587753419212515,12.5399,1.6385,2255938.9,159750.8949,9.242,15.5802,37.9984,9.5051,10.1623,45.0,0.29130692571223404,0.005748675254584779
600968.SH,石油开采,2024-02-26,value_quality_sector_stopfall,1.0068417122945723,12.218,1.3993,3323989.0731,145276.09249999997,9.311,7.0276,42.3415,0.7417,16.5312,60.0,0.14728914692747086,0.00025923203376798654
000630.SZ,铜,2024-02-26,value_quality_sector_stopfall,0.9500346284799069,12.1317,1.3056,4180113.2957,555469.12785,8.9197,3.2534,50.7257,15.6851,-9.0025,60.0,0.16054039430164657,0.0034395675115936886
600368.SH,路桥,2024-02-27,value_quality_sector_stopfall,2.488096375298169,7.1237,0.7736,479181.5714,112588.34229999999,9.2467,46.3684,36.4299,6.5085,19.7874,60.0,0.1052823303205892,0.003592711644246238
601298.SH,港口,2024-02-27,value_quality_sector_stopfall,2.058682903600948,9.5847,1.187,4660609.8,131573.35155,9.8826,31.1129,27.6412,-7.7194,9.832,60.0,0.08866150146971297,0.00503073546456867
002128.SZ,煤炭开采,2024-02-27,value_quality_sector_stopfall,1.9568857231094536,8.5684,1.2228,3694113.1165,234548.69595,13.3508,19.8451,33.4004,-0.6941,10.0635,60.0,0.12494750009667266,0.0228295563461145
601006.SH,铁路,2024-02-27,value_quality_sector_stopfall,1.8951448943055118,10.6627,0.8821,12259214.3454,1407672.0816,8.4238,20.5027,27.8312,3.461,2.7843,60.0,0.17268174249001378,0.0010011518154982024
601000.SH,港口,2024-02-27,value_quality_sector_stopfall,1.7002442369342816,13.1055,1.2783,2512593.7323,249573.31300000002,8.3113,38.4728,10.5505,1.1294,16.417,60.0,0.08866150146971297,0.00503073546456867
600985.SH,煤炭开采,2024-02-27,value_quality_sector_stopfall,1.6929190564427872,6.8849,1.2946,4716455.0649,420139.5775499999,14.4463,8.6805,52.6366,-3.0073,-2.6616,60.0,0.12494750009667266,0.0228295563461145
601098.SH,出版业,2024-02-27,value_quality_sector_stopfall,1.3129223581692988,11.6598,1.3922,2144424.0,248087.26890000002,8.3931,14.0436,37.5437,5.9285,15.3766,60.0,0.31904587717553623,0.014531691502632338
600968.SH,石油开采,2024-02-27,value_quality_sector_stopfall,1.0315196678741858,12.2553,1.4036,3334154.1773,145889.95855,9.311,7.0276,42.3415,0.7417,16.5312,60.0,0.16867576391534578,0.00890390395884011
000630.SZ,铜,2024-02-27,value_quality_sector_stopfall,0.9705994829327015,12.095,1.3016,4167446.2857,567603.9373999999,8.9197,3.2534,50.7257,15.6851,-9.0025,60.0,0.16855508626469384,0.01087639666800766
600368.SH,路桥,2024-02-28,value_quality_sector_stopfall,2.4977136998766114,6.9397,0.7537,466799.6187,114591.34449999998,9.2467,46.3684,36.4299,6.5085,19.7874,60.0,0.08578650091435991,0.007172532295584677
601298.SH,港口,2024-02-28,value_quality_sector_stopfall,2.024021251049393,9.785,1.2118,4757976.3,136138.3116,9.8826,31.1129,27.6412,-7.7194,9.832,60.0,0.07995488162709519,0.008962369422298
002128.SZ,煤炭开采,2024-02-28,value_quality_sector_stopfall,1.9439046984722952,8.5372,1.2183,3680663.6755,239366.2421,13.3508,19.8451,33.4004,-0.6941,10.0635,60.0,0.1039426410816533,0.02577339072397522
601006.SH,铁路,2024-02-28,value_quality_sector_stopfall,1.8517278482815855,10.6056,0.8773,12193569.2887,1449147.61775,8.4238,20.5027,27.8312,3.461,2.7843,60.0,0.11863635902387659,0.004622822591042297
601000.SH,港口,2024-02-28,value_quality_sector_stopfall,1.6954692510493932,13.1055,1.2783,2512593.7323,252654.4778,8.3113,38.4728,10.5505,1.1294,16.417,60.0,0.07995488162709519,0.008962369422298
600985.SH,煤炭开采,2024-02-28,value_quality_sector_stopfall,1.6755713651389619,6.8812,1.2939,4713974.0259,429789.11225000006,14.4463,8.6805,52.6366,-3.0073,-2.6616,60.0,0.1039426410816533,0.02577339072397522
601098.SH,出版业,2024-02-28,value_quality_sector_stopfall,1.3443743784089524,11.4743,1.37,2110300.0,251872.17695,8.3931,14.0436,37.5437,5.9285,15.3766,60.0,0.22821347617229915,0.0188170450756191
600522.SH,通信设备,2024-02-28,value_quality_sector_stopfall,1.1124775493224317,12.6051,1.3076,4290077.7126,600845.216,8.4698,8.4208,36.8944,12.1789,7.6768,60.0,0.2726882264478996,0.0050655493224316395
600968.SH,石油开采,2024-02-28,value_quality_sector_stopfall,1.0200705944788766,12.1059,1.3864,3293493.7605,149637.10235,9.311,7.0276,42.3415,0.7417,16.5312,60.0,0.13066166300458915,0.01404226480762083
000630.SZ,铜,2024-02-28,value_quality_sector_stopfall,0.9829021058778477,11.8376,1.2739,4078777.2158,562820.3903,8.9197,3.2534,50.7257,15.6851,-9.0025,60.0,0.1393819415996549,0.016725497611526086
000425.SZ,工程机械,2024-02-28,value_quality_sector_stopfall,0.9162288210084875,15.5944,1.253,6971537.9949,466686.60325,8.8882,6.7113,65.242,-4.5802,3.4954,46.0,0.17116792362741218,0.0011562307144086237
600368.SH,路桥,2024-02-29,value_quality_sector_stopfall,2.502705385296732,7.0133,0.7616,471752.3998,114277.95415,9.2467,46.3684,36.4299,6.5085,19.7874,60.0,0.09883500051057048,0.009289051452828767
601298.SH,港口,2024-02-29,value_quality_sector_stopfall,2.042655995271719,9.785,1.2118,4757976.3,136568.0141,9.8826,31.1129,27.6412,-7.7194,9.832,60.0,0.09626347664997903,0.011288518621740407
002128.SZ,煤炭开采,2024-02-29,value_quality_sector_stopfall,1.9378371567127881,8.6256,1.2309,3718770.4249,242141.44300000003,13.3508,19.8451,33.4004,-0.6941,10.0635,60.0,0.11327899940946407,0.024662823969990866
601006.SH,铁路,2024-02-29,value_quality_sector_stopfall,1.8736193619325225,10.6485,0.8809,12242803.0813,1484058.3607,8.4238,20.5027,27.8312,3.461,2.7843,60.0,0.14343820505797433,0.006972490207881377
600483.SH,新型电力,2024-02-29,value_quality_sector_stopfall,1.7631855601706965,8.9116,1.1288,2335127.4496,200841.68685,8.002,18.5222,46.5909,12.7183,1.6869,60.0,0.1694469239320464,0.002891969571983344
600985.SH,煤炭开采,2024-02-29,value_quality_sector_stopfall,1.6872704900461217,6.8631,1.2905,4701568.8311,438395.7829,14.4463,8.6805,52.6366,-3.0073,-2.6616,60.0,0.11327899940946407,0.024662823969990866
601000.SH,港口,2024-02-29,value_quality_sector_stopfall,1.6652439952717193,13.4764,1.3145,2583704.8757,254116.3923,8.3113,38.4728,10.5505,1.1294,16.417,60.0,0.09626347664997903,0.011288518621740407
601098.SH,出版业,2024-02-29,value_quality_sector_stopfall,1.2546364663705902,12.109,1.4458,2227040.0,256919.8878,8.3931,14.0436,37.5437,5.9285,15.3766,60.0,0.2763359855608585,0.02192579970392372
000543.SZ,火力发电,2024-02-29,value_quality_sector_stopfall,1.1692554869438603,12.7645,1.1781,1654810.2316,250887.03880000004,9.7937,8.4753,65.9347,4.5714,161.0417,60.0,0.1304556932061216,0.0009084604044051758
600522.SH,通信设备,2024-02-29,value_quality_sector_stopfall,1.0473958554530416,13.1266,1.3617,4467551.0945,607998.00285,8.4698,8.4208,36.8944,12.1789,7.6768,60.0,0.3440458862400302,0.010817188786374832
600968.SH,石油开采,2024-02-29,value_quality_sector_stopfall,1.0110365483475086,12.4048,1.4207,3374814.5941,148642.42355,9.311,7.0276,42.3415,0.7417,16.5312,60.0,0.16182081400089077,0.016642401013284402
000630.SZ,铜,2024-02-29,value_quality_sector_stopfall,0.9756911992313891,12.0582,1.2976,4154779.2757,565357.8990999999,8.9197,3.2534,50.7257,15.6851,-9.0025,60.0,0.1600661185986063,0.019337080632782833
000425.SZ,工程机械,2024-02-29,value_quality_sector_stopfall,0.9461012341054782,15.6737,1.2594,7006986.4931,473394.3983,8.8882,6.7113,65.242,-4.5802,3.4954,46.0,0.20706773399036327,0.006463234105478222
600368.SH,路桥,2024-03-01,value_quality_sector_stopfall,2.5127126542415574,6.9765,0.7576,469276.0092,112207.1415,9.2467,46.3684,36.4299,6.5085,19.7874,60.0,0.10449558796931191,0.008515732938911613
601298.SH,港口,2024-03-01,value_quality_sector_stopfall,2.0720229378161914,9.518,1.1787,4628154.3,138932.08560000002,9.8826,31.1129,27.6412,-7.7194,9.832,60.0,0.0865651326530048,0.010487138496519721
002128.SZ,煤炭开采,2024-03-01,value_quality_sector_stopfall,1.9359925197929242,8.7087,1.2428,3754635.6008,239809.04194999998,13.3508,19.8451,33.4004,-0.6941,10.0635,60.0,0.12778454765219838,0.021785972140725862
601006.SH,铁路,2024-03-01,value_quality_sector_stopfall,1.8727355129426173,10.6199,0.8785,12209980.5529,1505407.9679,8.4238,20.5027,27.8312,3.461,2.7843,60.0,0.1406402117701977,0.0053799678390862304
600483.SH,新型电力,2024-03-01,value_quality_sector_stopfall,1.76849459880039,8.9019,1.1276,2332586.5057,202562.08755,8.002,18.5222,46.5909,12.7183,1.6869,60.0,0.1722217708867677,0.003979494580288678
601000.SH,港口,2024-03-01,value_quality_sector_stopfall,1.6872976044828578,13.2291,1.2904,2536297.4468,255483.12290000002,8.3113,38.4728,10.5505,1.1294,16.417,60.0,0.0865651326530048,0.010487138496519721
600985.SH,煤炭开采,2024-03-01,value_quality_sector_stopfall,1.6842925197929244,6.9392,1.3048,4753670.6493,444568.50610000006,14.4463,8.6805,52.6366,-3.0073,-2.6616,60.0,0.12778454765219838,0.021785972140725862
601098.SH,出版业,2024-03-01,value_quality_sector_stopfall,1.270572106834555,11.9821,1.4306,2203692.0,256751.5355,8.3931,14.0436,37.5437,5.9285,15.3766,60.0,0.3011858642989327,0.019268106834555043
600968.SH,石油开采,2024-03-01,value_quality_sector_stopfall,1.0249826016255754,12.33,1.4121,3354484.3857,142696.3015,9.311,7.0276,42.3415,0.7417,16.5312,60.0,0.1664330489956718,0.015256219296570395
600522.SH,通信设备,2024-03-01,value_quality_sector_stopfall,1.012992515270214,13.4174,1.3918,4566526.6344,629544.14265,8.4698,8.4208,36.8944,12.1789,7.6768,60.0,0.40133718618689773,0.015867181936880526
000630.SZ,铜,2024-03-01,value_quality_sector_stopfall,0.9813206120273693,11.9847,1.2897,4129445.2558,567806.22255,8.9197,3.2534,50.7257,15.6851,-9.0025,60.0,0.15732405374170177,0.017541891619000882
000425.SZ,工程机械,2024-03-01,value_quality_sector_stopfall,0.921439935126908,16.2023,1.3018,7243309.815,490916.7518,8.8882,6.7113,65.242,-4.5802,3.4954,45.0,0.20887411085427976,0.010068601793574716
600368.SH,路桥,2024-03-04,value_quality_sector_stopfall,2.5171168697709527,6.9581,0.7556,468037.814,109387.16894999999,9.2467,46.3684,36.4299,6.5085,19.7874,60.0,0.10699886585857854,0.007856670579040381
601298.SH,港口,2024-03-04,value_quality_sector_stopfall,2.050102413745565,9.6515,1.1952,4693065.3,142262.9936,9.8826,31.1129,27.6412,-7.7194,9.832,60.0,0.08619787363816811,0.008833873440729834
002131.SZ,互联网,2024-03-04,value_quality_sector_stopfall,1.9213109837726545,9.2285,1.1604,1603680.157,393108.0384,16.5602,13.3569,42.0494,3.4845,2910.1317,60.0,0.34276061143111036,0.002506317105988032
002128.SZ,煤炭开采,2024-03-04,value_quality_sector_stopfall,1.9167450754874145,8.9583,1.2784,3862231.1284,245818.3235,13.3508,19.8451,33.4004,-0.6941,10.0635,60.0,0.150946825579801,0.01974958324094689
601006.SH,铁路,2024-03-04,value_quality_sector_stopfall,1.875757781674548,10.6485,0.8809,12242803.0813,1518803.79225,8.4238,20.5027,27.8312,3.461,2.7843,60.0,0.1493897776746338,0.0031593373332474695
600483.SH,新型电力,2024-03-04,value_quality_sector_stopfall,1.7274562416744468,9.1928,1.1645,2408814.8229,207196.5753,8.002,18.5222,46.5909,12.7183,1.6869,60.0,0.1750891090684834,0.004067132605963364
600985.SH,煤炭开采,2024-03-04,value_quality_sector_stopfall,1.6893984088207479,7.0225,1.3205,4810734.5454,459488.92074999993,14.4463,8.6805,52.6366,-3.0073,-2.6616,60.0,0.150946825579801,0.01974958324094689
601163.SH,汽车配件,2024-03-04,value_quality_sector_stopfall,1.6548530746340724,9.8,1.0357,1298400.0,149017.43445,8.7278,13.4387,31.7369,15.6531,124.893,60.0,0.25870690544047026,0.0015844079674056655
601000.SH,港口,2024-03-04,value_quality_sector_stopfall,1.6445370804122312,13.5382,1.3206,2595556.7329,257476.34079999998,8.3113,38.4728,10.5505,1.1294,16.417,60.0,0.08619787363816811,0.008833873440729834
000589.SZ,汽车配件,2024-03-04,value_quality_sector_stopfall,1.6173950746340724,8.6723,1.0225,695006.9443,158363.27025,9.3696,9.0254,60.0705,12.5661,145.8808,60.0,0.25870690544047026,0.0015844079674056655
002448.SZ,汽车配件,2024-03-04,value_quality_sector_stopfall,1.400629741300739,12.5809,1.0869,359518.2937,103580.06205000001,8.1598,13.0794,31.8209,23.7465,83.2394,59.0,0.25870690544047026,0.0015844079674056655
601098.SH,出版业,2024-03-04,value_quality_sector_stopfall,1.2554201550887083,12.0699,1.4411,2219856.0,262495.01245,8.3931,14.0436,37.5437,5.9285,15.3766,60.0,0.3008761820632295,0.016969488422041712
600469.SH,汽车配件,2024-03-04,value_quality_sector_stopfall,1.138477741300739,12.7464,1.2001,385879.5108,87947.64624999999,9.149,6.6228,55.3935,13.6093,344.3709,53.0,0.25870690544047026,0.0015844079674056655
600522.SH,通信设备,2024-03-04,value_quality_sector_stopfall,1.0128211526816415,13.4575,1.396,4580178.433,652213.70305,8.4698,8.4208,36.8944,12.1789,7.6768,60.0,0.40795339210597015,0.021169152681641323
600968.SH,石油开采,2024-03-04,value_quality_sector_stopfall,1.0110771473398108,12.4795,1.4292,3395144.8025,143311.3994,9.311,7.0276,42.3415,0.7417,16.5312,60.0,0.17602773844569408,0.013122742227450246
000630.SZ,铜,2024-03-04,value_quality_sector_stopfall,0.9895109962552419,11.9479,1.2858,4116778.2458,569565.1545,8.9197,3.2534,50.7257,15.6851,-9.0025,60.0,0.16170072264893753,0.01630227360630432
600368.SH,路桥,2024-03-05,value_quality_sector_stopfall,2.529108539880184,6.9397,0.7537,466799.6187,106518.95645000001,9.2467,46.3684,36.4299,6.5085,19.7874,60.0,0.11929516326078748,0.005058709952729279
601298.SH,港口,2024-03-05,value_quality_sector_stopfall,2.022275109219921,9.7583,1.2085,4744994.1,142286.398,9.8826,31.1129,27.6412,-7.7194,9.832,60.0,0.07931463771292302,0.0038764715069983247
002128.SZ,煤炭开采,2024-03-05,value_quality_sector_stopfall,1.910066092298687,8.9323,1.2747,3851023.261,244234.11625000002,13.3508,19.8451,33.4004,-0.6941,10.0635,60.0,0.14398540591576925,0.015832019716251144
600985.SH,煤炭开采,2024-03-05,value_quality_sector_stopfall,1.698012758965354,6.9211,1.3014,4741265.4545,468414.68004999997,14.4463,8.6805,52.6366,-3.0073,-2.6616,60.0,0.14398540591576925,0.015832019716251144
600483.SH,新型电力,2024-03-05,value_quality_sector_stopfall,1.6968665992691463,9.3383,1.1829,2446928.9815,211318.66830000002,8.002,18.5222,46.5909,12.7183,1.6869,60.0,0.16921282417377737,0.0013204417620353848
601000.SH,港口,2024-03-05,value_quality_sector_stopfall,1.6083364425532547,13.7236,1.3386,2631112.3046,253615.6912,8.3113,38.4728,10.5505,1.1294,16.417,60.0,0.07931463771292302,0.0038764715069983247
601098.SH,出版业,2024-03-05,value_quality_sector_stopfall,1.2095240044764828,12.3531,1.4749,2271940.0,262855.4108,8.3931,14.0436,37.5437,5.9285,15.3766,60.0,0.31318429197220254,0.012486671143149497
600522.SH,通信设备,2024-03-05,value_quality_sector_stopfall,1.0493906771613524,13.1968,1.3689,4491441.742,669306.67625,8.4698,8.4208,36.8944,12.1789,7.6768,60.0,0.3998120580553832,0.022292010494685766
600968.SH,石油开采,2024-03-05,value_quality_sector_stopfall,0.9974231876484084,12.4048,1.4207,3374814.5941,141042.2066,9.311,7.0276,42.3415,0.7417,16.5312,60.0,0.15761565216796525,0.007234202147109903
000630.SZ,铜,2024-03-05,value_quality_sector_stopfall,0.9790800222608503,11.9847,1.2897,4129445.2558,576680.99325,8.9197,3.2534,50.7257,15.6851,-9.0025,60.0,0.16019167341021645,0.012433682183967232
600368.SH,路桥,2024-03-06,value_quality_sector_stopfall,2.5153829521548587,6.9581,0.7556,468037.814,105043.5466,9.2467,46.3684,36.4299,6.5085,19.7874,60.0,0.10930781688514069,0.0038138019363846976
601298.SH,港口,2024-03-06,value_quality_sector_stopfall,2.058740824056027,9.4779,1.1738,4608681.0,144991.29385,9.8826,31.1129,27.6412,-7.7194,9.832,60.0,0.0771639561180113,0.0006662012713489762
002131.SZ,互联网,2024-03-06,value_quality_sector_stopfall,1.9524297366486052,9.0338,1.136,1569847.2423,405674.00105,16.5602,13.3569,42.0494,3.4845,2910.1317,60.0,0.30898347950328753,0.004378403315272061
002128.SZ,煤炭开采,2024-03-06,value_quality_sector_stopfall,1.9229001935556373,8.9323,1.2747,3851023.261,248485.55555,13.3508,19.8451,33.4004,-0.6941,10.0635,60.0,0.15728235685494463,0.015369170034026158
600985.SH,煤炭开采,2024-03-06,value_quality_sector_stopfall,1.7254535268889708,6.845,1.2871,4689163.6363,480928.95055,14.4463,8.6805,52.6366,-3.0073,-2.6616,60.0,0.15728235685494463,0.015369170034026158
600483.SH,新型电力,2024-03-06,value_quality_sector_stopfall,1.7158852336963664,9.3577,1.1853,2452010.8693,214343.92979999998,8.002,18.5222,46.5909,12.7183,1.6869,60.0,0.19019334612115513,0.002251887575211109
601163.SH,汽车配件,2024-03-06,value_quality_sector_stopfall,1.6521500008615313,9.8423,1.0402,1304000.0,147986.5571,8.7278,13.4387,31.7369,15.6531,124.893,60.0,0.26402189901461104,0.004701334194864515
601000.SH,港口,2024-03-06,value_quality_sector_stopfall,1.6192154907226937,13.6,1.3266,2607408.5902,252584.173,8.3113,38.4728,10.5505,1.1294,16.417,60.0,0.0771639561180113,0.0006662012713489762
000589.SZ,汽车配件,2024-03-06,value_quality_sector_stopfall,1.596492000861531,8.8376,1.042,708256.6434,157954.52075,9.3696,9.0254,60.0705,12.5661,145.8808,60.0,0.26402189901461104,0.004701334194864515
002448.SZ,汽车配件,2024-03-06,value_quality_sector_stopfall,1.4267733341948645,12.3955,1.0709,354222.6069,106843.4537,8.1598,13.0794,31.8209,23.7465,83.2394,59.0,0.26402189901461104,0.004701334194864515
601098.SH,出版业,2024-03-06,value_quality_sector_stopfall,1.209971588457557,12.3629,1.4761,2273736.0,264415.67915,8.3931,14.0436,37.5437,5.9285,15.3766,60.0,0.29996249592848057,0.014387588457557055
600469.SH,汽车配件,2024-03-06,value_quality_sector_stopfall,1.1291013341948644,12.8428,1.2092,388797.3142,85973.24870000001,9.149,6.6228,55.3935,13.6093,344.3709,53.0,0.26402189901461104,0.004701334194864515
600968.SH,石油开采,2024-03-06,value_quality_sector_stopfall,0.9913885557580828,12.5169,1.4335,3405309.9067,142171.24985,9.311,7.0276,42.3415,0.7417,16.5312,60.0,0.16945497331457093,0.005366915776845227
000630.SZ,铜,2024-03-06,value_quality_sector_stopfall,0.9755887393012589,12.0582,1.2976,4154779.2757,589143.63245,8.9197,3.2534,50.7257,15.6851,-9.0025,60.0,0.16792667129684236,0.011374068004416538
600522.SH,通信设备,2024-03-06,value_quality_sector_stopfall,0.954926292836495,13.9489,1.447,4747412.9659,743806.88075,8.4698,8.4208,36.8944,12.1789,7.6768,60.0,0.4093509056499378,0.030034292836494947
000521.SZ,家用电器,2024-03-06,value_quality_sector_stopfall,0.6646306009519494,16.0041,1.6647,930021.1146,252846.79005,9.2753,2.7076,69.1325,24.6644,207.5086,47.0,0.24964826607300217,0.003365267618615997
600368.SH,路桥,2024-03-07,value_quality_sector_stopfall,2.513625142955672,6.9949,0.7596,470514.2045,103229.7047,9.2467,46.3684,36.4299,6.5085,19.7874,60.0,0.11221728477598236,0.004266524846356479
002129.SZ,电气设备,2024-03-07,value_quality_sector_stopfall,2.0400142917490003,6.4893,1.1862,5195403.7683,1739201.28805,15.2013,13.5248,50.8961,-2.3891,23.7456,60.0,0.2627057272350133,0.004555625082333092
002131.SZ,互联网,2024-03-07,value_quality_sector_stopfall,1.9802993452939053,8.878,1.1164,1542780.9105,411051.94055000006,16.5602,13.3569,42.0494,3.4845,2910.1317,60.0,0.27837276658038745,0.008794678627238817
002128.SZ,煤炭开采,2024-03-07,value_quality_sector_stopfall,1.908771444275566,9.0519,1.2918,3902579.4513,253951.2024,13.3508,19.8451,33.4004,-0.6941,10.0635,60.0,0.16181815972658664,0.016077951215646147
600985.SH,煤炭开采,2024-03-07,value_quality_sector_stopfall,1.732111444275566,6.8378,1.2857,4684201.5584,494543.8904999999,14.4463,8.6805,52.6366,-3.0073,-2.6616,60.0,0.16181815972658664,0.016077951215646147
600483.SH,新型电力,2024-03-07,value_quality_sector_stopfall,1.6971507650390363,9.4158,1.1927,2467256.5327,215683.09795,8.002,18.5222,46.5909,12.7183,1.6869,60.0,0.17819942771705044,0.004318003988652563
601163.SH,汽车配件,2024-03-07,value_quality_sector_stopfall,1.6730790514396392,9.7216,1.0274,1288000.0,147693.03635,8.7278,13.4387,31.7369,15.6531,124.893,60.0,0.24676507077247023,0.009050384772972597
000589.SZ,汽车配件,2024-03-07,value_quality_sector_stopfall,1.5680743847729726,9.0631,1.0686,726324.4149,162797.3494,9.3696,9.0254,60.0705,12.5661,145.8808,60.0,0.24676507077247023,0.009050384772972597
002448.SZ,汽车配件,2024-03-07,value_quality_sector_stopfall,1.4515690514396393,12.2308,1.0567,349515.3297,107386.34295,8.1598,13.0794,31.8209,23.7465,83.2394,59.0,0.24676507077247023,0.009050384772972597
601098.SH,出版业,2024-03-07,value_quality_sector_stopfall,1.210889908783453,12.3434,1.4738,2270144.0,257122.49200000003,8.3931,14.0436,37.5437,5.9285,15.3766,60.0,0.2682311913803639,0.012472575450119816
600332.SH,中成药,2024-03-07,value_quality_sector_stopfall,1.150339843991315,11.3943,1.4081,4880624.4289,234169.83324999997,11.3638,6.7522,51.0769,6.1647,9.1206,60.0,0.16856879027145188,0.0004990537198630296
600469.SH,汽车配件,2024-03-07,value_quality_sector_stopfall,1.1303103847729725,12.8669,1.2115,389526.7651,84368.33135000001,9.149,6.6228,55.3935,13.6093,344.3709,53.0,0.24676507077247023,0.009050384772972597
600531.SH,铅锌,2024-03-07,value_quality_sector_stopfall,1.0943606248162845,10.1952,1.3829,654145.5804,145435.34509999998,10.7327,1.9008,69.5752,24.997,79.9716,60.0,0.2401121405721538,0.0033059581496177604
605196.SH,电气设备,2024-03-07,value_quality_sector_stopfall,1.0391789584156663,12.6539,1.7194,478275.6702,143067.9887,11.031,7.1093,52.1499,7.1452,71.8407,51.0,0.2627057272350133,0.004555625082333092
600522.SH,通信设备,2024-03-07,value_quality_sector_stopfall,1.019486717793829,13.5177,1.4022,4600656.1309,771312.93395,8.4698,8.4208,36.8944,12.1789,7.6768,60.0,0.3706169967387445,0.03598138446049548
600968.SH,石油开采,2024-03-07,value_quality_sector_stopfall,1.0082727687812214,12.4421,1.425,3384979.6983,142125.81195,9.311,7.0276,42.3415,0.7417,16.5312,60.0,0.1758785945738257,0.005174174207395632
000630.SZ,铜,2024-03-07,value_quality_sector_stopfall,0.8883420962480293,12.9405,1.3926,4458787.5154,697371.6943499999,8.9197,3.2534,50.7257,15.6851,-9.0025,60.0,0.2181985732428089,0.014207429581362563
600875.SH,电气设备,2024-03-07,value_quality_sector_stopfall,0.8417722917489998,15.4855,1.3778,5058261.8187,338670.42600000004,8.123,6.9249,68.0503,10.4059,16.4715,54.0,0.2627057272350133,0.004555625082333092
000521.SZ,家用电器,2024-03-07,value_quality_sector_stopfall,0.6691099339994291,16.2168,1.6868,942380.1992,251065.58084999997,9.2753,2.7076,69.1325,24.6644,207.5086,46.0,0.23508293863911045,0.007844600666095713
600368.SH,路桥,2024-03-08,value_quality_sector_stopfall,2.5249818356335396,7.0317,0.7636,472990.5951,100656.84765000001,9.2467,46.3684,36.4299,6.5085,19.7874,60.0,0.12597380605258324,0.0069866962476223815
601298.SH,港口,2024-03-08,value_quality_sector_stopfall,2.026925676389511,9.825,1.2167,4777449.6,151627.6257,9.8826,31.1129,27.6412,-7.7194,9.832,60.0,0.09693618441409457,0.000818825308749771
002129.SZ,电气设备,2024-03-08,value_quality_sector_stopfall,1.9953251863182546,6.7671,1.237,5417775.1358,1755570.7351,15.2013,13.5248,50.8961,-2.3891,23.7456,60.0,0.28279179521320175,0.012253186318254672
002131.SZ,互联网,2024-03-08,value_quality_sector_stopfall,1.9689874132372482,8.9948,1.1311,1563080.6594,413713.09595000005,16.5602,13.3569,42.0494,3.4845,2910.1317,60.0,0.300352091786515,0.015069413237248419
002128.SZ,煤炭开采,2024-03-08,value_quality_sector_stopfall,1.9060755370912272,9.0467,1.291,3900337.8778,255192.12495,13.3508,19.8451,33.4004,-0.6941,10.0635,60.0,0.15531023530487809,0.019009968453015835
600985.SH,煤炭开采,2024-03-08,value_quality_sector_stopfall,1.7542688704245606,6.7038,1.2605,4592403.1168,511452.15755,14.4463,8.6805,52.6366,-3.0073,-2.6616,60.0,0.15531023530487809,0.019009968453015835
600483.SH,新型电力,2024-03-08,value_quality_sector_stopfall,1.6985953229719652,9.5322,1.2075,2497747.8596,220367.43735000002,8.002,18.5222,46.5909,12.7183,1.6869,60.0,0.19170142484448416,0.009887231460814272
601163.SH,汽车配件,2024-03-08,value_quality_sector_stopfall,1.6547816255383228,9.8967,1.0459,1311200.0,146202.691,8.7278,13.4387,31.7369,15.6531,124.893,60.0,0.24884848447045704,0.014759625538322885
000589.SZ,汽车配件,2024-03-08,value_quality_sector_stopfall,1.5978036255383228,8.8978,1.0491,713074.7158,163508.7796,9.3696,9.0254,60.0705,12.5661,145.8808,60.0,0.24884848447045704,0.014759625538322885
601000.SH,港口,2024-03-08,value_quality_sector_stopfall,1.5536670097228444,14.2491,1.3899,2731853.0911,249617.56,8.3113,38.4728,10.5505,1.1294,16.417,60.0,0.09693618441409457,0.000818825308749771
002448.SZ,汽车配件,2024-03-08,value_quality_sector_stopfall,1.4419716255383228,12.3544,1.0673,353045.7876,106919.46095000001,8.1598,13.0794,31.8209,23.7465,83.2394,60.0,0.24884848447045704,0.014759625538322885
600332.SH,中成药,2024-03-08,value_quality_sector_stopfall,1.1811529379752324,11.3525,1.403,4862740.7285,231511.2475,11.3638,6.7522,51.0769,6.1647,9.1206,60.0,0.18752855502323418,0.006165716285331468
601098.SH,出版业,2024-03-08,value_quality_sector_stopfall,1.165019443671096,12.8316,1.5321,2359944.0,255895.2166,8.3931,14.0436,37.5437,5.9285,15.3766,59.0,0.29513899892164264,0.01661544367109613
600469.SH,汽车配件,2024-03-08,value_quality_sector_stopfall,1.1329462922049895,12.891,1.2137,390256.216,81356.68089999999,9.149,6.6228,55.3935,13.6093,344.3709,54.0,0.24884848447045704,0.014759625538322885
600531.SH,铅锌,2024-03-08,value_quality_sector_stopfall,1.0830724262249594,10.3141,1.399,661777.2788,151953.22454999998,10.7327,1.9008,69.5752,24.997,79.9716,60.0,0.25283140711066565,0.010677759558292754
605196.SH,电气设备,2024-03-08,value_quality_sector_stopfall,1.0441698529849213,12.6945,1.7249,479810.2446,145419.2098,11.031,7.1093,52.1499,7.1452,71.8407,50.0,0.28279179521320175,0.012253186318254672
600968.SH,石油开采,2024-03-08,value_quality_sector_stopfall,1.0054229198696432,12.6663,1.4506,3445970.3235,141204.79805,9.311,7.0276,42.3415,0.7417,16.5312,60.0,0.2042840978031799,0.010216253202976366
600522.SH,通信设备,2024-03-08,value_quality_sector_stopfall,0.9699303775272561,13.9388,1.4459,4744000.0163,807944.2249500001,8.4698,8.4208,36.8944,12.1789,7.6768,60.0,0.4131148386928889,0.04363171086058948
600875.SH,电气设备,2024-03-08,value_quality_sector_stopfall,0.8398031863182547,15.6478,1.3923,5111276.8933,335271.0168,8.123,6.9249,68.0503,10.4059,16.4715,53.0,0.28279179521320175,0.012253186318254672
000630.SZ,铜,2024-03-08,value_quality_sector_stopfall,0.7547629037581838,13.9699,1.5034,4813463.7951,816334.38915,8.9197,3.2534,50.7257,15.6851,-9.0025,59.0,0.2428051402521083,0.020854903758183774
600368.SH,路桥,2024-03-11,value_quality_sector_stopfall,2.5111871776488464,7.1053,0.7716,477943.3762,97064.23285,9.2467,46.3684,36.4299,6.5085,19.7874,60.0,0.11879284555038261,0.010612998765130222
601298.SH,港口,2024-03-11,value_quality_sector_stopfall,2.0718777487703655,9.518,1.1787,4628154.3,155546.846,9.8826,31.1129,27.6412,-7.7194,9.832,60.0,0.09259670486855232,0.00431037723514649
002129.SZ,电气设备,2024-03-11,value_quality_sector_stopfall,1.973908654527559,6.9438,1.2693,5559284.1879,1740212.5463999999,15.2013,13.5248,50.8961,-2.3891,23.7456,60.0,0.34202610988231186,0.024149987860892397
002478.SZ,钢加工,2024-03-11,value_quality_sector_stopfall,1.969166478314457,7.0888,1.046,529097.2798,155781.96755,12.8986,12.4617,33.1242,13.9465,79.5314,60.0,0.24047183692445273,0.007752478314457134
002131.SZ,互联网,2024-03-11,value_quality_sector_stopfall,1.9603840699159893,9.1117,1.1457,1583380.4082,415394.7482,16.5602,13.3569,42.0494,3.4845,2910.1317,60.0,0.3248850678279407,0.023992736582656216
002128.SZ,煤炭开采,2024-03-11,value_quality_sector_stopfall,1.909051410494824,8.8751,1.2666,3826365.9526,257689.77495,13.3508,19.8451,33.4004,-0.6941,10.0635,60.0,0.12840017164903905,0.021189238845785052
601006.SH,铁路,2024-03-11,value_quality_sector_stopfall,1.8800348380322347,10.5485,0.8726,12127924.232,1483317.1937,8.4238,20.5027,27.8312,3.461,2.7843,60.0,0.1405477687755663,0.004078402590002028
600985.SH,煤炭开采,2024-03-11,value_quality_sector_stopfall,1.7810047438281573,6.4358,1.2101,4408806.2337,539348.21305,14.4463,8.6805,52.6366,-3.0073,-2.6616,60.0,0.12840017164903905,0.021189238845785052
600483.SH,新型电力,2024-03-11,value_quality_sector_stopfall,1.7191957126808237,9.5031,1.2038,2490125.0279,221770.58714999998,8.002,18.5222,46.5909,12.7183,1.6869,60.0,0.21394793680042024,0.017782379347490274
600425.SH,水泥,2024-03-11,value_quality_sector_stopfall,1.6612173825996022,11.4563,0.9572,601763.8901,101656.21045,8.8034,15.2061,32.2901,6.5216,27.5418,60.0,0.2063864630273149,0.004098049266268999
601163.SH,汽车配件,2024-03-11,value_quality_sector_stopfall,1.6504599654614232,9.9933,1.0561,1324000.0,145977.11794999999,8.7278,13.4387,31.7369,15.6531,124.893,60.0,0.2764878801908066,0.02367796546142298
601000.SH,港口,2024-03-11,value_quality_sector_stopfall,1.6382924154370322,13.6,1.3266,2607408.5902,255564.61544999998,8.3113,38.4728,10.5505,1.1294,16.417,60.0,0.09259670486855232,0.00431037723514649
000589.SZ,汽车配件,2024-03-11,value_quality_sector_stopfall,1.617601965461423,8.8226,1.0403,707052.1253,163128.90944999998,9.3696,9.0254,60.0705,12.5661,145.8808,60.0,0.2764878801908066,0.02367796546142298
000012.SZ,玻璃,2024-03-11,value_quality_sector_stopfall,1.5123259213326938,9.5931,1.2824,1777930.73,100025.32595,10.9784,10.8026,49.9711,24.7706,-11.1392,60.0,0.22370147227646475,0.007576587999360562
002448.SZ,汽车配件,2024-03-11,value_quality_sector_stopfall,1.4355232987947562,12.4779,1.078,356576.2455,105619.47679999999,8.1598,13.0794,31.8209,23.7465,83.2394,60.0,0.2764878801908066,0.02367796546142298
002588.SZ,农药化肥,2024-03-11,value_quality_sector_stopfall,1.2276035612432077,12.2396,1.2137,726523.152,93216.52875,10.1587,7.7443,43.1034,10.4872,35.7668,60.0,0.18350003762009193,0.004718856956449136
600332.SH,中成药,2024-03-11,value_quality_sector_stopfall,1.2040734049474051,11.3297,1.4002,4852985.9828,229945.91424999997,11.3638,6.7522,51.0769,6.1647,9.1206,60.0,0.2059041420394272,0.013228071614071801
000543.SZ,火力发电,2024-03-11,value_quality_sector_stopfall,1.181202850329191,13.2716,1.2249,1720549.2682,262302.9878,9.7937,8.4753,65.9347,4.5714,161.0417,60.0,0.21606769767968026,0.008318183662524348
601098.SH,出版业,2024-03-11,value_quality_sector_stopfall,1.150528227430133,13.1344,1.5682,2415620.0,248645.95995,8.3931,14.0436,37.5437,5.9285,15.3766,58.0,0.31604150625303884,0.02231089409679954
600469.SH,汽车配件,2024-03-11,value_quality_sector_stopfall,1.1137446321280897,13.1078,1.2342,396821.2738,79073.83499999999,9.149,6.6228,55.3935,13.6093,344.3709,54.0,0.2764878801908066,0.02367796546142298
600368.SH,路桥,2024-03-12,value_quality_sector_stopfall,2.4999588546019984,7.0869,0.7696,476705.1809,90823.13095,9.2467,46.3684,36.4299,6.5085,19.7874,60.0,0.1017789898171495,0.013838531451515257
601298.SH,港口,2024-03-12,value_quality_sector_stopfall,2.0748888639852217,9.211,1.1407,4478859.0,155200.95515,9.8826,31.1129,27.6412,-7.7194,9.832,60.0,0.04510919181463735,0.00900900550391781
000598.SZ,水务,2024-03-12,value_quality_sector_stopfall,1.992736607768353,10.1205,1.121,1865622.7006,202269.92975,9.6987,26.8106,59.1671,15.1573,8.3753,60.0,0.12874452933511682,0.004390745099902782
002129.SZ,电气设备,2024-03-12,value_quality_sector_stopfall,1.9894017699891162,6.9388,1.2684,5555241.0721,1728572.284,15.2013,13.5248,50.8961,-2.3891,23.7456,60.0,0.2755598315571668,0.03870976998911613
002478.SZ,钢加工,2024-03-12,value_quality_sector_stopfall,1.9887190810494195,7.0526,1.0406,526393.2052,154469.70215,12.8986,12.4617,33.1242,13.9465,79.5314,60.0,0.23309369764301402,0.021291747716086107
002131.SZ,互联网,2024-03-12,value_quality_sector_stopfall,1.9793445368582434,9.0727,1.1409,1576613.8253,413716.96945000003,16.5602,13.3569,42.0494,3.4845,2910.1317,60.0,0.3381139390676504,0.03715320352491025
002128.SZ,煤炭开采,2024-03-12,value_quality_sector_stopfall,1.918245642875569,8.5788,1.2243,3698596.2635,256627.02790000002,13.3508,19.8451,33.4004,-0.6941,10.0635,60.0,0.08766788100787415,0.023162428534361457
601006.SH,铁路,2024-03-12,value_quality_sector_stopfall,1.898522530653345,10.3772,0.8585,11930989.0618,1438889.824,8.4238,20.5027,27.8312,3.461,2.7843,60.0,0.13051086743886042,0.011782996547818225
600985.SH,煤炭开采,2024-03-12,value_quality_sector_stopfall,1.7818789762089022,6.2293,1.1713,4267387.0129,561190.7973,14.4463,8.6805,52.6366,-3.0073,-2.6616,60.0,0.08766788100787415,0.023162428534361457
600483.SH,新型电力,2024-03-12,value_quality_sector_stopfall,1.743358758427587,9.154,1.1595,2398651.0473,220021.9078,8.002,18.5222,46.5909,12.7183,1.6869,60.0,0.16213604284969185,0.02700271557789491
600323.SH,环境保护,2024-03-12,value_quality_sector_stopfall,1.7070686668737383,9.1663,1.1164,1324123.7651,102210.68114999999,10.2523,13.3216,65.2456,-6.7364,34.5304,60.0,0.2530612064615434,0.008276666873738181
601163.SH,汽车配件,2024-03-12,value_quality_sector_stopfall,1.6798422963788167,9.8665,1.0427,1307200.0,142645.38765,8.7278,13.4387,31.7369,15.6531,124.893,60.0,0.27452825893305444,0.035673629712150046
601000.SH,港口,2024-03-12,value_quality_sector_stopfall,1.6606701973185551,13.1055,1.2783,2512593.7323,254003.80735000005,8.3113,38.4728,10.5505,1.1294,16.417,60.0,0.04510919181463735,0.00900900550391781
600425.SH,水泥,2024-03-12,value_quality_sector_stopfall,1.6579190268093378,11.5785,0.9674,608182.705,99850.99955,8.8034,15.2061,32.2901,6.5216,27.5418,60.0,0.20213594704132265,0.01574636014267128
000589.SZ,汽车配件,2024-03-12,value_quality_sector_stopfall,1.6492842963788166,8.6873,1.0243,696211.4624,164315.6206,9.3696,9.0254,60.0705,12.5661,145.8808,60.0,0.27452825893305444,0.035673629712150046
600461.SH,水务,2024-03-12,value_quality_sector_stopfall,1.5579926077683528,10.417,1.4309,1114710.7906,123136.51340000001,12.1211,17.6524,62.9107,5.5237,14.8545,60.0,0.12874452933511682,0.004390745099902782
000012.SZ,玻璃,2024-03-12,value_quality_sector_stopfall,1.4886160817910108,9.5931,1.2824,1777930.73,100661.46675,10.9784,10.8026,49.9711,24.7706,-11.1392,60.0,0.16414121632148504,0.019725532136192436
002448.SZ,汽车配件,2024-03-12,value_quality_sector_stopfall,1.4167789630454835,12.725,1.0994,363637.1612,105113.20355,8.1598,13.0794,31.8209,23.7465,83.2394,60.0,0.27452825893305444,0.035673629712150046
600428.SH,水运,2024-03-12,value_quality_sector_stopfall,1.2888688467545886,12.1102,1.0283,1169924.6702,136915.8523,8.2952,10.3447,58.0432,-3.3633,18.8795,60.0,0.09914425087413492,0.005973262547120273
000543.SZ,火力发电,2024-03-12,value_quality_sector_stopfall,1.227284511975682,12.7296,1.1749,1650276.505,268102.43885000004,9.7937,8.4753,65.9347,4.5714,161.0417,60.0,0.16557295123827664,0.01936022740407184
600368.SH,路桥,2024-03-13,value_quality_sector_stopfall,2.503326906138437,7.0501,0.7656,474228.7903,84685.5116,9.2467,46.3684,36.4299,6.5085,19.7874,60.0,0.0979807903795864,0.015884782425517496
002129.SZ,电气设备,2024-03-13,value_quality_sector_stopfall,2.0153993661590124,6.8479,1.2518,5482464.9882,1698877.3118499997,15.2013,13.5248,50.8961,-2.3891,23.7456,60.0,0.27369986273384206,0.04758069949234578
000598.SZ,水务,2024-03-13,value_quality_sector_stopfall,1.9987138877707975,10.0719,1.1157,1856667.7117,196283.43545000002,9.6987,26.8106,59.1671,15.1573,8.3753,60.0,0.12020134417871176,0.012137876925419011
002478.SZ,钢加工,2024-03-13,value_quality_sector_stopfall,1.9947530172411114,7.0767,1.0442,528195.9216,153644.21475,12.8986,12.4617,33.1242,13.9465,79.5314,60.0,0.23396188368427628,0.03133235057444472
002131.SZ,互联网,2024-03-13,value_quality_sector_stopfall,1.9792062121618672,9.1506,1.1506,1590146.9911,416662.84525,16.5602,13.3569,42.0494,3.4845,2910.1317,60.0,0.3747944212972145,0.04867487882853405
601006.SH,铁路,2024-03-13,value_quality_sector_stopfall,1.9027924675107561,10.363,0.8573,11914577.7976,1348121.5166500001,8.4238,20.5027,27.8312,3.461,2.7843,60.0,0.1267100844970106,0.0181070496804121
002128.SZ,煤炭开采,2024-03-13,value_quality_sector_stopfall,1.8828143512255804,8.636,1.2324,3723253.5719,250288.32735,13.3508,19.8451,33.4004,-0.6941,10.0635,60.0,0.06149105033061919,0.023121300894961117
600985.SH,煤炭开采,2024-03-13,value_quality_sector_stopfall,1.772321017892247,6.1424,1.155,4207842.0779,563995.19465,14.4463,8.6805,52.6366,-3.0073,-2.6616,60.0,0.06149105033061919,0.023121300894961117
600323.SH,环境保护,2024-03-13,value_quality_sector_stopfall,1.7307668357042707,9.0929,1.1074,1313524.2522,98591.21585000001,10.2523,13.3216,65.2456,-6.7364,34.5304,60.0,0.2516452905072488,0.02108150237093742
600483.SH,新型电力,2024-03-13,value_quality_sector_stopfall,1.7105256620132057,9.3189,1.1804,2441847.0937,220164.2829,8.002,18.5222,46.5909,12.7183,1.6869,60.0,0.14849613153381536,0.03273619714605669
601163.SH,汽车配件,2024-03-13,value_quality_sector_stopfall,1.6955394063199676,9.8121,1.037,1300000.0,140129.62995,8.7278,13.4387,31.7369,15.6531,124.893,60.0,0.28379706339007216,0.04394407298663405
600425.SH,水泥,2024-03-13,value_quality_sector_stopfall,1.6786089472175025,11.4563,0.9572,601763.8901,98171.58589999999,8.8034,15.2061,32.2901,6.5216,27.5418,60.0,0.19591913180829623,0.02557048207587309
000589.SZ,汽车配件,2024-03-13,value_quality_sector_stopfall,1.6662947396533005,8.6272,1.0172,691393.39,161791.67734999998,9.3696,9.0254,60.0705,12.5661,145.8808,60.0,0.28379706339007216,0.04394407298663405
600461.SH,水务,2024-03-13,value_quality_sector_stopfall,1.5930365544374643,10.2314,1.3957,1094849.918,122125.61605,12.1211,17.6524,62.9107,5.5237,14.8545,60.0,0.12020134417871176,0.012137876925419011
000012.SZ,玻璃,2024-03-13,value_quality_sector_stopfall,1.5042352771928125,9.5268,1.2735,1765647.9615,97852.95079999999,10.9784,10.8026,49.9711,24.7706,-11.1392,60.0,0.16193509486750113,0.02719751565864459
002448.SZ,汽车配件,2024-03-13,value_quality_sector_stopfall,1.4148294063199673,12.8073,1.1065,365990.7998,104250.9684,8.1598,13.0794,31.8209,23.7465,83.2394,60.0,0.28379706339007216,0.04394407298663405
600428.SH,水运,2024-03-13,value_quality_sector_stopfall,1.2893996586990886,12.1102,1.0283,1169924.6702,135084.7992,8.2952,10.3447,58.0432,-3.3633,18.8795,60.0,0.09334365448317805,0.01230467088257714
002588.SZ,农药化肥,2024-03-13,value_quality_sector_stopfall,1.236277393034316,12.1032,1.2002,718424.964,82469.81460000001,10.1587,7.7443,43.1034,10.4872,35.7668,60.0,0.15465239050695767,0.02414700252735824
000543.SZ,火力发电,2024-03-13,value_quality_sector_stopfall,1.2256784014826863,12.852,1.1862,1666144.5483,267402.0335,9.7937,8.4753,65.9347,4.5714,161.0417,60.0,0.17021518868891805,0.02880521279376813
601098.SH,出版业,2024-03-13,value_quality_sector_stopfall,1.1894855328056693,12.8023,1.5286,2354556.0,242121.12075,8.3931,14.0436,37.5437,5.9285,15.3766,56.0,0.36637552560693765,0.039128199472336034
600368.SH,路桥,2024-03-14,value_quality_sector_stopfall,2.4825341768501614,7.1237,0.7736,479181.5714,80915.52785,9.2467,46.3684,36.4299,6.5085,19.7874,60.0,0.08412843119421343,0.019184412322614586
002129.SZ,电气设备,2024-03-14,value_quality_sector_stopfall,2.0288671339565,6.7317,1.2306,5389473.3254,1662759.31795,15.2013,13.5248,50.8961,-2.3891,23.7456,60.0,0.18463928676765762,0.05452918052217548
002131.SZ,互联网,2024-03-14,value_quality_sector_stopfall,2.0120861081079244,8.9948,1.1311,1563080.6594,408546.86465,16.5602,13.3569,42.0494,3.4845,2910.1317,60.0,0.25212992865833783,0.05816810810792439
000598.SZ,水务,2024-03-14,value_quality_sector_stopfall,1.9441736110489998,10.25,1.1354,1889502.6712,184896.2532,9.6987,26.8106,59.1671,15.1573,8.3753,60.0,0.08323469538090911,0.01957091566809055
002478.SZ,钢加工,2024-03-14,value_quality_sector_stopfall,1.9394606220984565,7.0767,1.0442,528195.9216,153167.88915,12.8986,12.4617,33.1242,13.9465,79.5314,60.0,0.13699986046809043,0.03904009496369931
002128.SZ,煤炭开采,2024-03-14,value_quality_sector_stopfall,1.8650069684070696,8.6983,1.2413,3750152.4538,237275.34399999998,13.3508,19.8451,33.4004,-0.6941,10.0635,60.0,0.05482080657845301,0.0220708284952833
601006.SH,铁路,2024-03-14,value_quality_sector_stopfall,1.8458262698082755,10.4343,0.8632,11996634.1185,1273244.4329000001,8.4238,20.5027,27.8312,3.461,2.7843,60.0,0.07340498541030382,0.023132617731304927
600985.SH,煤炭开采,2024-03-14,value_quality_sector_stopfall,1.7507069684070697,6.2148,1.1686,4257462.8571,563890.7582,14.4463,8.6805,52.6366,-3.0073,-2.6616,60.0,0.05482080657845301,0.0220708284952833
601163.SH,汽车配件,2024-03-14,value_quality_sector_stopfall,1.7192719046683231,9.6914,1.0242,1284000.0,136552.91030000002,8.7278,13.4387,31.7369,15.6531,124.893,60.0,0.2019073252592143,0.05109657133498979
600323.SH,环境保护,2024-03-14,value_quality_sector_stopfall,1.715958724591651,9.0929,1.1074,1313524.2522,94570.87625,10.2523,13.3216,65.2456,-6.7364,34.5304,60.0,0.172245256817668,0.03402813444064967
000589.SZ,汽车配件,2024-03-14,value_quality_sector_stopfall,1.6887272380016565,8.522,1.0048,682961.7633,159727.52065000002,9.3696,9.0254,60.0705,12.5661,145.8808,60.0,0.2019073252592143,0.05109657133498979
600483.SH,新型电力,2024-03-14,value_quality_sector_stopfall,1.6613047290180527,9.4546,1.1976,2477420.3084,219619.8703,8.002,18.5222,46.5909,12.7183,1.6869,60.0,0.11615437469841927,0.0363703543196332
600425.SH,水泥,2024-03-14,value_quality_sector_stopfall,1.610204278554495,11.548,0.9648,606578.0012,96779.62455000001,8.8034,15.2061,32.2901,6.5216,27.5418,60.0,0.1310388419000419,0.03322610332111986
600461.SH,水务,2024-03-14,value_quality_sector_stopfall,1.558202944382333,10.2649,1.4003,1098431.7607,119483.8347,12.1211,17.6524,62.9107,5.5237,14.8545,60.0,0.08323469538090911,0.01957091566809055
000012.SZ,玻璃,2024-03-14,value_quality_sector_stopfall,1.4510901687706588,9.5102,1.2713,1762577.2694,92576.70275,10.9784,10.8026,49.9711,24.7706,-11.1392,60.0,0.10040857208303278,0.03300559668762593
002448.SZ,汽车配件,2024-03-14,value_quality_sector_stopfall,1.4143285713349898,12.8691,1.1118,367756.0288,102943.3034,8.1598,13.0794,31.8209,23.7465,83.2394,60.0,0.2019073252592143,0.05109657133498979
601098.SH,出版业,2024-03-14,value_quality_sector_stopfall,1.22361004722274,12.5192,1.4948,2302472.0,233511.03615,8.3931,14.0436,37.5437,5.9285,15.3766,56.0,0.2804989998231304,0.05091271388940655
000543.SZ,火力发电,2024-03-14,value_quality_sector_stopfall,1.187129776823615,12.9044,1.191,1672945.1383,265790.95305,9.7937,8.4753,65.9347,4.5714,161.0417,60.0,0.132044512104861,0.03512059805208745
002588.SZ,农药化肥,2024-03-14,value_quality_sector_stopfall,1.178986724573229,12.0642,1.1964,716111.196,78380.45525,10.1587,7.7443,43.1034,10.4872,35.7668,60.0,0.08692214301597567,0.029453248223920037
600428.SH,水运,2024-03-14,value_quality_sector_stopfall,1.1605765203359344,13.0434,1.1075,1260084.0026,158092.98935,8.2952,10.3447,58.0432,-3.3633,18.8795,60.0,0.07307833798512542,0.018760182350809007
600368.SH,路桥,2024-03-15,value_quality_sector_stopfall,2.43618737360332,7.1606,0.7776,481657.962,75759.6693,9.2467,46.3684,36.4299,6.5085,19.7874,60.0,0.04231088225064039,0.019781824686013083
002129.SZ,电气设备,2024-03-15,value_quality_sector_stopfall,2.028524004819779,6.6711,1.2195,5340955.9361,1634464.2947,15.2013,13.5248,50.8961,-2.3891,23.7456,60.0,0.1699313200560595,0.05745401809705242
002131.SZ,互联网,2024-03-15,value_quality_sector_stopfall,2.0012632817969718,9.0338,1.136,1569847.2423,395625.60135,16.5602,13.3569,42.0494,3.4845,2910.1317,60.0,0.18967691657143337,0.06353503189220522
000598.SZ,水务,2024-03-15,value_quality_sector_stopfall,1.9303586269453725,10.3148,1.1426,1901442.6565,171661.51415,9.6987,26.8106,59.1671,15.1573,8.3753,60.0,0.07383513028848565,0.024275496656886775
002478.SZ,钢加工,2024-03-15,value_quality_sector_stopfall,1.9220145506307567,7.1492,1.0549,533604.071,147559.0668,12.8986,12.4617,33.1242,13.9465,79.5314,60.0,0.12717916975065502,0.043381380880101794
601006.SH,铁路,2024-03-15,value_quality_sector_stopfall,1.8289790309745457,10.4629,0.8655,12029456.6469,1218895.1808500001,8.4238,20.5027,27.8312,3.461,2.7843,60.0,0.05757823941305529,0.025552124894823613
601163.SH,汽车配件,2024-03-15,value_quality_sector_stopfall,1.6980428911322063,9.8846,1.0446,1309600.0,129902.4348,8.7278,13.4387,31.7369,15.6531,124.893,60.0,0.19994064713887783,0.056406910659994924
600323.SH,环境保护,2024-03-15,value_quality_sector_stopfall,1.6950585420833553,9.2848,1.1308,1341246.0552,92730.62120000001,10.2523,13.3216,65.2456,-6.7364,34.5304,60.0,0.17000205159340287,0.043764490489952346
000589.SZ,汽车配件,2024-03-15,value_quality_sector_stopfall,1.6764982244655395,8.6422,1.019,692597.9081,153579.54435,9.3696,9.0254,60.0705,12.5661,145.8808,60.0,0.19994064713887783,0.056406910659994924
600483.SH,新型电力,2024-03-15,value_quality_sector_stopfall,1.6366074899526952,9.571,1.2124,2507911.6352,217199.65775,8.002,18.5222,46.5909,12.7183,1.6869,60.0,0.10824194206986104,0.03721221454950063
600425.SH,水泥,2024-03-15,value_quality_sector_stopfall,1.6041783253150976,11.6091,0.9699,609787.4087,92807.81055,8.8034,15.2061,32.2901,6.5216,27.5418,60.0,0.12691164209084005,0.03880068322425756
600461.SH,水务,2024-03-15,value_quality_sector_stopfall,1.5482079602787058,10.2984,1.4049,1102013.6034,114418.66184999999,12.1211,17.6524,62.9107,5.5237,14.8545,60.0,0.07383513028848565,0.024275496656886775
000012.SZ,玻璃,2024-03-15,value_quality_sector_stopfall,1.4334835683274376,9.5102,1.2713,1762577.2694,86102.86455,10.9784,10.8026,49.9711,24.7706,-11.1392,60.0,0.08032819005185177,0.03547937827558578
002448.SZ,汽车配件,2024-03-15,value_quality_sector_stopfall,1.3837595577988726,13.1574,1.1367,375993.7638,100754.38625000001,8.1598,13.0794,31.8209,23.7465,83.2394,60.0,0.19994064713887783,0.056406910659994924
601098.SH,出版业,2024-03-15,value_quality_sector_stopfall,1.2155324900305082,12.4117,1.4819,2282716.0,217642.98910000004,8.3931,14.0436,37.5437,5.9285,15.3766,56.0,0.16999781553913018,0.05707067449137804
002588.SZ,农药化肥,2024-03-15,value_quality_sector_stopfall,1.154288893007516,12.2981,1.2195,729993.804,71617.70585,10.1587,7.7443,43.1034,10.4872,35.7668,60.0,0.09021810944582898,0.032452783561687015
600428.SH,水运,2024-03-15,value_quality_sector_stopfall,1.1377206988752153,13.0434,1.1075,1260084.0026,168296.33405,8.2952,10.3447,58.0432,-3.3633,18.8795,60.0,0.04672948395234089,0.022253214922874465
000026.SZ,服饰,2024-03-15,value_quality_sector_stopfall,1.1332313080638523,12.749,1.2741,424770.0293,50637.27285,10.2988,7.291,20.7041,4.9515,24.9349,45.0,0.13544742736592763,0.04213188069792473
600332.SH,中成药,2024-03-15,value_quality_sector_stopfall,1.1215182527089733,11.4664,1.4171,4911514.4569,204053.32619999998,11.3638,6.7522,51.0769,6.1647,9.1206,60.0,0.11272881967361292,0.038324099702027103
000543.SZ,火力发电,2024-03-15,value_quality_sector_stopfall,1.0993313461601752,13.429,1.2394,1740951.0382,268586.82204999996,9.7937,8.4753,65.9347,4.5714,161.0417,60.0,0.1083498048825613,0.03825687461094729
600368.SH,路桥,2024-03-18,value_quality_sector_stopfall,2.423832821754825,7.271,0.7896,489087.1336,72990.7282,9.2467,46.3684,36.4299,6.5085,19.7874,60.0,0.046041709417776966,0.01905644567038145
002129.SZ,电气设备,2024-03-18,value_quality_sector_stopfall,2.004654667019249,6.863,1.2546,5494594.3355,1633872.0705999997,15.2013,13.5248,50.8961,-2.3891,23.7456,60.0,0.1841253814322188,0.055583952253696944
601298.SH,港口,2024-03-18,value_quality_sector_stopfall,2.0006606222770316,9.6515,1.1952,4693065.3,138409.04255,9.8826,31.1129,27.6412,-7.7194,9.832,60.0,0.03461986801345596,0.010970087596908984
002131.SZ,互联网,2024-03-18,value_quality_sector_stopfall,1.9932449609945357,9.1506,1.1506,1590146.9911,393538.9538,16.5602,13.3569,42.0494,3.4845,2910.1317,60.0,0.19822970252789962,0.06448392513330292
000598.SZ,水务,2024-03-18,value_quality_sector_stopfall,1.9377734694390683,10.3148,1.1426,1901442.6565,168260.3142,9.6987,26.8106,59.1671,15.1573,8.3753,60.0,0.08073250755972006,0.024792961879348097
002478.SZ,钢加工,2024-03-18,value_quality_sector_stopfall,1.8967876013355485,7.2578,1.0709,541716.295,143335.01015000002,12.8986,12.4617,33.1242,13.9465,79.5314,60.0,0.11940726742617636,0.043833000576039005
601006.SH,铁路,2024-03-18,value_quality_sector_stopfall,1.8388357445197183,10.4486,0.8644,12013045.3827,1158182.02615,8.4238,20.5027,27.8312,3.461,2.7843,60.0,0.0659200077195008,0.025380403466884083
000589.SZ,汽车配件,2024-03-18,value_quality_sector_stopfall,1.6933255410285508,8.537,1.0066,684166.2814,158787.7208,9.3696,9.0254,60.0705,12.5661,145.8808,60.0,0.21198904368263438,0.05789487436188412
600323.SH,环境保护,2024-03-18,value_quality_sector_stopfall,1.69260307758215,9.3582,1.1397,1351845.5681,93091.7747,10.2523,13.3216,65.2456,-6.7364,34.5304,60.0,0.17384338852005166,0.048294355728764726
601163.SH,汽车配件,2024-03-18,value_quality_sector_stopfall,1.6904302076952176,9.951,1.0517,1318400.0,126526.8133,8.7278,13.4387,31.7369,15.6531,124.893,60.0,0.21198904368263438,0.05789487436188412
600483.SH,新型电力,2024-03-18,value_quality_sector_stopfall,1.6272253869387774,9.6583,1.2234,2530780.1304,217694.29875,8.002,18.5222,46.5909,12.7183,1.6869,60.0,0.11380211680292218,0.035423270135855
601000.SH,港口,2024-03-18,value_quality_sector_stopfall,1.6195286222770315,13.3527,1.3025,2560001.1612,212750.72629999998,8.3113,38.4728,10.5505,1.1294,16.417,60.0,0.03461986801345596,0.010970087596908984
600425.SH,水泥,2024-03-18,value_quality_sector_stopfall,1.601272864878289,11.7007,0.9776,614601.5198,92282.0943,8.8034,15.2061,32.2901,6.5216,27.5418,60.0,0.1336983102258522,0.0403485546524367
600461.SH,水务,2024-03-18,value_quality_sector_stopfall,1.5187361361057348,10.5327,1.4368,1127086.5023,111221.25964999999,12.1211,17.6524,62.9107,5.5237,14.8545,60.0,0.08073250755972006,0.024792961879348097
000012.SZ,玻璃,2024-03-18,value_quality_sector_stopfall,1.4505949942112324,9.5434,1.2757,1768718.6536,83993.93675,10.9784,10.8026,49.9711,24.7706,-11.1392,60.0,0.10371155999110204,0.034354100886797134
002448.SZ,汽车配件,2024-03-18,value_quality_sector_stopfall,1.362286874361884,13.3427,1.1527,381289.4506,98004.56505,8.1598,13.0794,31.8209,23.7465,83.2394,60.0,0.21198904368263438,0.05789487436188412
601098.SH,出版业,2024-03-18,value_quality_sector_stopfall,1.1631760070364112,12.5777,1.5018,2313248.0,208443.20485,8.3931,14.0436,37.5437,5.9285,15.3766,55.0,0.13860423465242278,0.059241105717321885
002588.SZ,农药化肥,2024-03-18,value_quality_sector_stopfall,1.1442094360523014,12.376,1.2273,734621.34,68014.1219,10.1587,7.7443,43.1034,10.4872,35.7668,60.0,0.09074388819677814,0.032240881188856596
600428.SH,水运,2024-03-18,value_quality_sector_stopfall,1.1280585906079472,13.199,1.1207,1275110.558,174435.30565,8.2952,10.3447,58.0432,-3.3633,18.8795,60.0,0.05623284675261009,0.02226107718867043
600332.SH,中成药,2024-03-18,value_quality_sector_stopfall,1.1207037928179377,11.7294,1.3623,4757064.3168,222309.8315,12.1093,5.6403,53.3283,6.678,2.2477,60.0,0.10050263141237137,0.03797916140556645
600368.SH,路桥,2024-03-19,value_quality_sector_stopfall,2.417550258887931,7.2342,0.7856,486610.7431,72391.2944,9.2467,46.3684,36.4299,6.5085,19.7874,60.0,0.036878035362707395,0.016817556858557126
002129.SZ,电气设备,2024-03-19,value_quality_sector_stopfall,2.0030022508650918,6.7166,1.2278,5377343.9781,1631052.00515,15.2013,13.5248,50.8961,-2.3891,23.7456,60.0,0.16112162362902605,0.04930862723606544
002131.SZ,互联网,2024-03-19,value_quality_sector_stopfall,1.9859677344131852,8.9948,1.1311,1563080.6594,395810.87210000004,16.5602,13.3569,42.0494,3.4845,2910.1317,60.0,0.17319577122208796,0.05885396319109737
000598.SZ,水务,2024-03-19,value_quality_sector_stopfall,1.9377731608413207,10.2338,1.1336,1886517.6749,166673.351,9.6987,26.8106,59.1671,15.1573,8.3753,60.0,0.07249570475335365,0.021629456087966847
002478.SZ,钢加工,2024-03-19,value_quality_sector_stopfall,1.8803987765461996,7.282,1.0745,543519.0115,143654.25615,12.8986,12.4617,33.1242,13.9465,79.5314,60.0,0.11163151059299525,0.0392332659532042
600323.SH,环境保护,2024-03-19,value_quality_sector_stopfall,1.6788564912416972,9.1945,1.1198,1328200.5008,94748.7383,10.2523,13.3216,65.2456,-6.7364,34.5304,60.0,0.13802716732374032,0.046183990584623524
000589.SZ,汽车配件,2024-03-19,value_quality_sector_stopfall,1.6751255297246468,8.4318,0.9942,675734.6547,164490.81185,9.3696,9.0254,60.0705,12.5661,145.8808,60.0,0.17064220648841633,0.05377265656956376
601163.SH,汽车配件,2024-03-19,value_quality_sector_stopfall,1.67433686305798,9.8242,1.0383,1301600.0,125840.65854999998,8.7278,13.4387,31.7369,15.6531,124.893,60.0,0.17064220648841633,0.05377265656956376
600483.SH,新型电力,2024-03-19,value_quality_sector_stopfall,1.6273597305229617,9.5031,1.2038,2490125.0279,213865.99045,8.002,18.5222,46.5909,12.7183,1.6869,60.0,0.09476710153334245,0.031179295656285744
600425.SH,水泥,2024-03-19,value_quality_sector_stopfall,1.5531579923602277,11.7313,0.9801,616206.2235,94152.3263,8.8034,15.2061,32.2901,6.5216,27.5418,60.0,0.09267497074221409,0.03696368828468022
600461.SH,水务,2024-03-19,value_quality_sector_stopfall,1.5108291608413205,10.5103,1.4338,1124698.6072,108532.89339999999,12.1211,17.6524,62.9107,5.5237,14.8545,60.0,0.07249570475335365,0.021629456087966847
000012.SZ,玻璃,2024-03-19,value_quality_sector_stopfall,1.4370244824374327,9.444,1.2625,1750294.501,83489.2991,10.9784,10.8026,49.9711,24.7706,-11.1392,60.0,0.08035114055537806,0.02871734188205477
002448.SZ,汽车配件,2024-03-19,value_quality_sector_stopfall,1.3364601963913134,13.2809,1.1474,379524.2217,97185.1321,8.1598,13.0794,31.8209,23.7465,83.2394,60.0,0.17064220648841633,0.05377265656956376
601098.SH,出版业,2024-03-19,value_quality_sector_stopfall,1.1523197888412713,12.4899,1.4913,2297084.0,201722.28095,8.3931,14.0436,37.5437,5.9285,15.3766,55.0,0.12255686042965497,0.052778928411616466
000543.SZ,火力发电,2024-03-19,value_quality_sector_stopfall,1.1503586170198112,13.1317,1.212,1702414.3616,269081.3435,9.7937,8.4753,65.9347,4.5714,161.0417,60.0,0.12433683765823056,0.03521044602824719
600428.SH,水运,2024-03-19,value_quality_sector_stopfall,1.136856526026314,13.0434,1.1075,1260084.0026,183507.8167,8.2952,10.3447,58.0432,-3.3633,18.8795,60.0,0.04951993431345869,0.018598591712855272
002588.SZ,农药化肥,2024-03-19,value_quality_sector_stopfall,1.123907450443178,12.3955,1.2292,735778.224,67751.40475,10.1587,7.7443,43.1034,10.4872,35.7668,60.0,0.07723375515269604,0.02801569529048198
600332.SH,中成药,2024-03-19,value_quality_sector_stopfall,1.1160066628897276,11.6612,1.3544,4729425.8706,225693.8287,12.1093,5.6403,53.3283,6.678,2.2477,60.0,0.09249530326604538,0.031476026290348846
000026.SZ,服饰,2024-03-19,value_quality_sector_stopfall,1.0651753367762067,13.1478,1.314,438057.0684,52283.98525,10.2988,7.291,20.7041,4.9515,24.9349,47.0,0.12093798647165532,0.04177201697121813
600469.SH,汽车配件,2024-03-19,value_quality_sector_stopfall,1.0209548630579799,13.8307,1.3022,418704.8,76919.12019999999,9.149,6.6228,55.3935,13.6093,344.3709,54.0,0.17064220648841633,0.05377265656956376
600368.SH,路桥,2024-03-20,value_quality_sector_stopfall,2.409639739670624,7.3078,0.7936,491563.5242,70029.1514,9.2467,46.3684,36.4299,6.5085,19.7874,60.0,0.040195499595426565,0.01582957340853053
002129.SZ,电气设备,2024-03-20,value_quality_sector_stopfall,1.9743967478495315,6.8125,1.2453,5454163.1778,1626254.1766000001,15.2013,13.5248,50.8961,-2.3891,23.7456,60.0,0.15449867350876145,0.04538607434077013
002131.SZ,互联网,2024-03-20,value_quality_sector_stopfall,1.961961894941251,9.0727,1.1409,1576613.8253,391787.9143,16.5602,13.3569,42.0494,3.4845,2910.1317,60.0,0.1660751666998206,0.05369539490809716
000598.SZ,水务,2024-03-20,value_quality_sector_stopfall,1.943535512686835,10.25,1.1354,1889502.6712,161800.9131,9.6987,26.8106,59.1671,15.1573,8.3753,60.0,0.08214320580349943,0.020024306883335452
002128.SZ,煤炭开采,2024-03-20,value_quality_sector_stopfall,1.8791845156410825,8.3968,1.1983,3620141.1912,211619.61075,13.3508,19.8451,33.4004,-0.6941,10.0635,60.0,0.032869488180504725,0.009433027460577836
002478.SZ,钢加工,2024-03-20,value_quality_sector_stopfall,1.834857782282809,7.4752,1.103,557940.7431,143537.15255,12.8986,12.4617,33.1242,13.9465,79.5314,60.0,0.10164041275781033,0.03556336952499861
601006.SH,铁路,2024-03-20,value_quality_sector_stopfall,1.8024142168199606,10.4629,0.8655,12029456.6469,1052674.83585,8.4238,20.5027,27.8312,3.461,2.7843,60.0,0.03929386768679177,0.017271682466502014
600985.SH,煤炭开采,2024-03-20,value_quality_sector_stopfall,1.7307178489744157,6.1388,1.1543,4205361.0389,569785.60635,14.4463,8.6805,52.6366,-3.0073,-2.6616,60.0,0.032869488180504725,0.009433027460577836
600323.SH,环境保护,2024-03-20,value_quality_sector_stopfall,1.6684745750730272,9.172,1.117,1324939.1123,94167.17,10.2523,13.3216,65.2456,-6.7364,34.5304,60.0,0.12629993264869666,0.044162642424330656
601163.SH,汽车配件,2024-03-20,value_quality_sector_stopfall,1.6603233634977599,9.8,1.0357,1298400.0,119591.28675,8.7278,13.4387,31.7369,15.6531,124.893,60.0,0.15673041159063206,0.050324285240461064
000589.SZ,汽车配件,2024-03-20,value_quality_sector_stopfall,1.65562536349776,8.4469,0.9959,676939.1728,164720.28350000002,9.3696,9.0254,60.0705,12.5661,145.8808,60.0,0.15673041159063206,0.050324285240461064
600483.SH,新型电力,2024-03-20,value_quality_sector_stopfall,1.619430662763565,9.4546,1.1976,2477420.3084,201385.08604999998,8.002,18.5222,46.5909,12.7183,1.6869,60.0,0.08258451258343302,0.02806615018013181
600425.SH,水泥,2024-03-20,value_quality_sector_stopfall,1.556189742911748,11.7313,0.9801,616206.2235,92669.64635000001,8.8034,15.2061,32.2901,6.5216,27.5418,60.0,0.09948757988715329,0.033182829691261295
600461.SH,水务,2024-03-20,value_quality_sector_stopfall,1.494251512686835,10.6666,1.4551,1141413.8731,105440.71090000002,12.1211,17.6524,62.9107,5.5237,14.8545,60.0,0.08214320580349943,0.020024306883335452
000012.SZ,玻璃,2024-03-20,value_quality_sector_stopfall,1.4395978921050492,9.3777,1.2536,1738011.7326,81711.4674,10.9784,10.8026,49.9711,24.7706,-11.1392,60.0,0.07590942838933934,0.02537913038237649
002448.SZ,汽车配件,2024-03-20,value_quality_sector_stopfall,1.2858533634977598,13.5486,1.1705,387173.5471,99581.6337,8.1598,13.0794,31.8209,23.7465,83.2394,60.0,0.15673041159063206,0.050324285240461064
600428.SH,水运,2024-03-20,value_quality_sector_stopfall,1.1724020691722257,12.8879,1.0943,1245057.4472,184853.8176,8.2952,10.3447,58.0432,-3.3633,18.8795,60.0,0.06718427313789666,0.017313129367662494
000543.SZ,火力发电,2024-03-20,value_quality_sector_stopfall,1.1479399776372463,13.0968,1.2087,1697880.6349,266664.43080000003,9.7937,8.4753,65.9347,4.5714,161.0417,60.0,0.11928201302567798,0.0333199646115685
601098.SH,出版业,2024-03-20,value_quality_sector_stopfall,1.1458561241189322,12.5973,1.5041,2316840.0,194808.84350000002,8.3931,14.0436,37.5437,5.9285,15.3766,54.0,0.13472137261003492,0.04711075150889732
002588.SZ,农药化肥,2024-03-20,value_quality_sector_stopfall,1.1327689187563101,12.3176,1.2215,731150.688,67103.72215,10.1587,7.7443,43.1034,10.4872,35.7668,60.0,0.07860928667755362,0.025174965412089856
600368.SH,路桥,2024-03-21,value_quality_sector_stopfall,2.401600313699977,7.3078,0.7936,491563.5242,69649.2147,9.2467,46.3684,36.4299,6.5085,19.7874,60.0,0.035969994321514376,0.012015652711795166
002129.SZ,电气设备,2024-03-21,value_quality_sector_stopfall,1.9732266075296727,6.656,1.2167,5328826.5888,1620267.53945,15.2013,13.5248,50.8961,-2.3891,23.7456,60.0,0.12811291323052232,0.041101694299150004
000598.SZ,水务,2024-03-21,value_quality_sector_stopfall,1.9548990745525763,10.1853,1.1282,1877562.6859,159650.12775,9.6987,26.8106,59.1671,15.1573,8.3753,60.0,0.08774762546635562,0.016670115752887238
002131.SZ,互联网,2024-03-21,value_quality_sector_stopfall,1.9241065820450363,9.2285,1.1604,1603680.157,408817.67085,16.5602,13.3569,42.0494,3.4845,2910.1317,60.0,0.15749359090297355,0.04780832447539618
601006.SH,铁路,2024-03-21,value_quality_sector_stopfall,1.8003710714016308,10.5057,0.8691,12078690.4394,1014226.31565,8.4238,20.5027,27.8312,3.461,2.7843,60.0,0.046418486973251794,0.013357251095045708
002478.SZ,钢加工,2024-03-21,value_quality_sector_stopfall,1.755374026918597,7.9341,1.1707,592192.3558,158269.56495,12.8986,12.4617,33.1242,13.9465,79.5314,60.0,0.10280681388911783,0.03063987969614579
600323.SH,环境保护,2024-03-21,value_quality_sector_stopfall,1.6783812410469523,9.0309,1.0999,1304555.4336,96637.5989,10.2523,13.3216,65.2456,-6.7364,34.5304,60.0,0.12097977724097309,0.038582797139312675
601163.SH,汽车配件,2024-03-21,value_quality_sector_stopfall,1.6434528620777928,9.7155,1.0268,1287200.0,117980.72020000001,8.7278,13.4387,31.7369,15.6531,124.893,60.0,0.13291686367881006,0.045700665065649515
000589.SZ,汽车配件,2024-03-21,value_quality_sector_stopfall,1.6402681954111262,8.3567,0.9853,669712.0642,167770.4176,9.3696,9.0254,60.0705,12.5661,145.8808,60.0,0.13291686367881006,0.045700665065649515
600483.SH,新型电力,2024-03-21,value_quality_sector_stopfall,1.6119114920184665,9.4352,1.1952,2472338.4205,196627.3061,8.002,18.5222,46.5909,12.7183,1.6869,60.0,0.0752455653743731,0.02499259331075998
600425.SH,水泥,2024-03-21,value_quality_sector_stopfall,1.5472507533758175,11.7313,0.9801,616206.2235,92714.6852,8.8034,15.2061,32.2901,6.5216,27.5418,60.0,0.09500936697427287,0.028722053068211295
600461.SH,水务,2024-03-21,value_quality_sector_stopfall,1.489461741219243,10.7112,1.4612,1146189.6634,103647.92809999999,12.1211,17.6524,62.9107,5.5237,14.8545,60.0,0.08774762546635562,0.016670115752887238
000012.SZ,玻璃,2024-03-21,value_quality_sector_stopfall,1.4339852720836548,9.2949,1.2425,1722658.272,81464.2997,10.9784,10.8026,49.9711,24.7706,-11.1392,60.0,0.0610104520865864,0.021745486663734992
002448.SZ,汽车配件,2024-03-21,value_quality_sector_stopfall,1.231822862077793,13.7545,1.1883,393057.6435,102250.69065,8.1598,13.0794,31.8209,23.7465,83.2394,60.0,0.13291686367881006,0.045700665065649515
600428.SH,水运,2024-03-21,value_quality_sector_stopfall,1.1693760840574503,12.9101,1.0962,1247204.098,188131.48655,8.2952,10.3447,58.0432,-3.3633,18.8795,60.0,0.06958116901536449,0.014636915042085974
601098.SH,出版业,2024-03-21,value_quality_sector_stopfall,1.1610805424068082,12.5094,1.4936,2300676.0,193640.5179,8.3931,14.0436,37.5437,5.9285,15.3766,54.0,0.14668172441162763,0.040248151328514004
002588.SZ,农药化肥,2024-03-21,value_quality_sector_stopfall,1.1311340715153213,12.3176,1.2215,731150.688,68105.71845,10.1587,7.7443,43.1034,10.4872,35.7668,60.0,0.08001802744947506,0.022131377399179586
000543.SZ,火力发电,2024-03-21,value_quality_sector_stopfall,1.11142998083183,13.394,1.2362,1736417.3115,266712.1696,9.7937,8.4753,65.9347,4.5714,161.0417,60.0,0.12283080857617734,0.03140783892231913
600332.SH,中成药,2024-03-21,value_quality_sector_stopfall,1.1026302010957685,11.6773,1.3563,4735929.0344,223808.13145,12.1093,5.6403,53.3283,6.678,2.2477,60.0,0.08801358765602463,0.024921280106410704
000026.SZ,服饰,2024-03-21,value_quality_sector_stopfall,1.0056231157477666,13.5466,1.3538,451344.1074,56106.307700000005,10.2988,7.291,20.7041,4.9515,24.9349,49.0,0.1223691101699933,0.03390867224443994
002129.SZ,电气设备,2024-03-22,value_quality_sector_stopfall,2.0019536874019974,6.3631,1.1632,5094325.874,1618235.7903999998,15.2013,13.5248,50.8961,-2.3891,23.7456,60.0,0.10578410177028363,0.03696425229838041
000598.SZ,水务,2024-03-22,value_quality_sector_stopfall,1.9473503524805764,10.1043,1.1192,1862637.7043,160059.76909999998,9.6987,26.8106,59.1671,15.1573,8.3753,60.0,0.07210649445441542,0.013362524692827504
002131.SZ,互联网,2024-03-22,value_quality_sector_stopfall,1.922520375455715,9.1895,1.1555,1596913.5741,379965.51865,16.5602,13.3569,42.0494,3.4845,2910.1317,60.0,0.1554107553844506,0.04243828673793115
601006.SH,铁路,2024-03-22,value_quality_sector_stopfall,1.7987314641714416,10.4343,0.8632,11996634.1185,968371.3657500001,8.4238,20.5027,27.8312,3.461,2.7843,60.0,0.03936798081264792,0.010074816692126953
002478.SZ,钢加工,2024-03-22,value_quality_sector_stopfall,1.7787908252499576,7.6201,1.1244,568757.0419,163137.95325,12.8986,12.4617,33.1242,13.9465,79.5314,60.0,0.07935956558752966,0.025703926329094573
600323.SH,环境保护,2024-03-22,value_quality_sector_stopfall,1.6807163401382699,8.822,1.0744,1274387.5892,97626.9864,10.2523,13.3216,65.2456,-6.7364,34.5304,60.0,0.0985837222714756,0.03238728453346096
000589.SZ,汽车配件,2024-03-22,value_quality_sector_stopfall,1.627684804201689,8.2665,0.9747,662484.9556,169266.56535,9.3696,9.0254,60.0705,12.5661,145.8808,60.0,0.1129981891237195,0.03995594841130279
601163.SH,汽车配件,2024-03-22,value_quality_sector_stopfall,1.626082804201689,9.6551,1.0204,1279200.0,116497.67749999999,8.7278,13.4387,31.7369,15.6531,124.893,60.0,0.1129981891237195,0.03995594841130279
600483.SH,新型电力,2024-03-22,value_quality_sector_stopfall,1.591312304921221,9.4352,1.1952,2472338.4205,194972.5112,8.002,18.5222,46.5909,12.7183,1.6869,60.0,0.058052926406819694,0.02158604518106788
600425.SH,水泥,2024-03-22,value_quality_sector_stopfall,1.5296975862735365,11.7618,0.9827,617810.9272,93784.6213,8.8034,15.2061,32.2901,6.5216,27.5418,60.0,0.08519742604056324,0.024747493566306566
600461.SH,水务,2024-03-22,value_quality_sector_stopfall,1.4582396858139095,10.7893,1.4718,1154547.2963,103347.05649999999,12.1211,17.6524,62.9107,5.5237,14.8545,60.0,0.07210649445441542,0.013362524692827504
000012.SZ,玻璃,2024-03-22,value_quality_sector_stopfall,1.4308949000686546,9.1457,1.2226,1695022.0431,81414.335,10.9784,10.8026,49.9711,24.7706,-11.1392,60.0,0.038245146574003686,0.01820708682798422
002448.SZ,汽车配件,2024-03-22,value_quality_sector_stopfall,1.236832804201689,13.5074,1.167,385996.7278,102490.01365000001,8.1598,13.0794,31.8209,23.7465,83.2394,60.0,0.1129981891237195,0.03995594841130279
601098.SH,出版业,2024-03-22,value_quality_sector_stopfall,1.1914593130050992,12.734,1.5204,2341984.0,190732.23315000001,8.3931,14.0436,37.5437,5.9285,15.3766,53.0,0.2020992467980276,0.03654864633843258
600428.SH,水运,2024-03-22,value_quality_sector_stopfall,1.166413990462447,12.6212,1.0716,1219297.6379,190240.68305000002,8.2952,10.3447,58.0432,-3.3633,18.8795,60.0,0.03436373835142614,0.01123225211102108
002588.SZ,农药化肥,2024-03-22,value_quality_sector_stopfall,1.145564340052769,12.0837,1.1983,717268.08,67433.93535,10.1587,7.7443,43.1034,10.4872,35.7668,60.0,0.06605678869692522,0.019462884689177118
002469.SZ,化工原料,2024-03-22,value_quality_sector_stopfall,1.1388400332682522,12.8078,1.3297,361416.4849,50715.89565,10.6219,10.8878,17.8356,1.8237,3.0955,48.0,0.06770199847370661,0.02365536812787905
000543.SZ,火力发电,2024-03-22,value_quality_sector_stopfall,1.1244568244789566,13.2541,1.2233,1718282.4049,266877.39275,9.7937,8.4753,65.9347,4.5714,161.0417,60.0,0.12051912450748081,0.02881969997147582
600332.SH,中成药,2024-03-22,value_quality_sector_stopfall,1.0974277472054494,11.5731,1.3441,4693658.4698,224297.45694999996,12.1093,5.6403,53.3283,6.678,2.2477,60.0,0.07146405865467642,0.02118835521743989
000026.SZ,服饰,2024-03-22,value_quality_sector_stopfall,0.9778439483319464,13.5342,1.3526,450928.8874,58047.10765,10.2988,7.291,20.7041,4.9515,24.9349,50.0,0.09762906042832653,0.029242887903619952
600368.SH,路桥,2024-03-25,value_quality_sector_stopfall,2.393640334692968,7.3078,0.7936,491563.5242,65031.143449999996,9.2467,46.3684,36.4299,6.5085,19.7874,60.0,0.03343114395024216,0.006594524076058539
002129.SZ,电气设备,2024-03-25,value_quality_sector_stopfall,2.0044758126265205,6.1661,1.1272,4936644.3588,1602535.2075,15.2013,13.5248,50.8961,-2.3891,23.7456,60.0,0.07734193142626045,0.03079521453359324
000598.SZ,水务,2024-03-25,value_quality_sector_stopfall,1.9403561536011296,10.0557,1.1139,1853682.7153,154318.8748,9.6987,26.8106,59.1671,15.1573,8.3753,60.0,0.06032846651965085,0.011373020414811918
002131.SZ,互联网,2024-03-25,value_quality_sector_stopfall,1.917889095451103,8.917,1.1213,1549547.4935,362547.85255,16.5602,13.3569,42.0494,3.4845,2910.1317,60.0,0.11590936509794947,0.03634173035315347
002478.SZ,钢加工,2024-03-25,value_quality_sector_stopfall,1.7845353717925816,7.4511,1.0995,556138.0267,164396.23804999999,12.8986,12.4617,33.1242,13.9465,79.5314,60.0,0.06230892252994358,0.020632449262637964
600323.SH,环境保护,2024-03-25,value_quality_sector_stopfall,1.6442431927259686,8.8785,1.0813,1282541.0607,97427.96945,10.2523,13.3216,65.2456,-6.7364,34.5304,60.0,0.07797020036435232,0.024894325694949426
601163.SH,汽车配件,2024-03-25,value_quality_sector_stopfall,1.602743248243876,9.5404,1.0083,1264000.0,114219.39080000001,8.7278,13.4387,31.7369,15.6531,124.893,60.0,0.08192394218230725,0.03197730606156868
000589.SZ,汽车配件,2024-03-25,value_quality_sector_stopfall,1.5864319149105426,8.2815,0.9765,663689.4737,168121.82335000002,9.3696,9.0254,60.0705,12.5661,145.8808,60.0,0.08192394218230725,0.03197730606156868
600483.SH,新型电力,2024-03-25,value_quality_sector_stopfall,1.5135439995778788,9.8522,1.248,2581599.0085,201389.7035,8.002,18.5222,46.5909,12.7183,1.6869,60.0,0.047244311161901864,0.01762635508264343
600425.SH,水泥,2024-03-25,value_quality_sector_stopfall,1.5022717627316244,11.8535,0.9903,622625.0383,97219.08985000002,8.8034,15.2061,32.2901,6.5216,27.5418,60.0,0.07303540144744147,0.02066369461751627
600461.SH,水务,2024-03-25,value_quality_sector_stopfall,1.4497054869344626,10.7558,1.4673,1150965.4536,94867.2173,12.1211,17.6524,62.9107,5.5237,14.8545,60.0,0.06032846651965085,0.011373020414811918
000012.SZ,玻璃,2024-03-25,value_quality_sector_stopfall,1.4418854873211566,9.096,1.2159,1685809.9667,80978.95835,10.9784,10.8026,49.9711,24.7706,-11.1392,60.0,0.0457674922222191,0.013895328432270926
002448.SZ,汽车配件,2024-03-25,value_quality_sector_stopfall,1.2489665815772093,13.0956,1.1314,374228.5349,99119.69605,8.1598,13.0794,31.8209,23.7465,83.2394,60.0,0.08192394218230725,0.03197730606156868
002588.SZ,农药化肥,2024-03-25,value_quality_sector_stopfall,1.1363168672845294,12.0252,1.1925,713797.428,66977.56785,10.1587,7.7443,43.1034,10.4872,35.7668,60.0,0.052519999594051736,0.015985534357144227
601098.SH,出版业,2024-03-25,value_quality_sector_stopfall,1.1354128798728218,12.4508,1.4866,2289900.0,190154.3908,8.3931,14.0436,37.5437,5.9285,15.3766,53.0,0.121864892150644,0.030823987722177648
002469.SZ,化工原料,2024-03-25,value_quality_sector_stopfall,1.133900351848306,12.6009,1.3082,355576.7212,51747.90624999999,10.6219,10.8878,17.8356,1.8237,3.0955,48.0,0.04053043225672748,0.01776058625824506
000543.SZ,火力发电,2024-03-25,value_quality_sector_stopfall,1.1140348878372417,13.4989,1.2459,1750018.4915,267534.9059,9.7937,8.4753,65.9347,4.5714,161.0417,60.0,0.1415893661247194,0.028714188379189043
600332.SH,中成药,2024-03-25,value_quality_sector_stopfall,1.1020189455000142,11.3726,1.3209,4612368.9223,228979.80489999996,12.1093,5.6403,53.3283,6.678,2.2477,60.0,0.05251093092113379,0.015899347912213813
000026.SZ,服饰,2024-03-25,value_quality_sector_stopfall,1.0126777409497407,13.0357,1.3028,434320.0886,59738.56255000001,10.2988,7.291,20.7041,4.9515,24.9349,51.0,0.07124043169850314,0.02403197591790418
600469.SH,汽车配件,2024-03-25,value_quality_sector_stopfall,0.9634145815772092,13.4211,1.2637,406304.1351,76681.82694999999,9.149,6.6228,55.3935,13.6093,344.3709,54.0,0.08192394218230725,0.03197730606156868
600368.SH,路桥,2024-03-26,value_quality_sector_stopfall,2.4004539653702546,7.2894,0.7916,490325.3289,64247.62485,9.2467,46.3684,36.4299,6.5085,19.7874,60.0,0.03828011770333917,0.0059991810002486545
002129.SZ,电气设备,2024-03-26,value_quality_sector_stopfall,2.002342284023325,6.2267,1.1382,4985161.7481,1567449.90585,15.2013,13.5248,50.8961,-2.3891,23.7456,60.0,0.09279137383689018,0.024585576853101365
000598.SZ,水务,2024-03-26,value_quality_sector_stopfall,1.9326653619711607,10.1367,1.1228,1868607.6969,153304.89964999998,9.6987,26.8106,59.1671,15.1573,8.3753,60.0,0.06562984377013259,0.009714184867694708
002131.SZ,互联网,2024-03-26,value_quality_sector_stopfall,1.9000059613185258,8.8002,1.1066,1529247.7447,351206.95045,16.5602,13.3569,42.0494,3.4845,2910.1317,60.0,0.08865797139737763,0.028123323254481747
002478.SZ,钢加工,2024-03-26,value_quality_sector_stopfall,1.7157240344208788,7.8737,1.1618,587685.5647,166150.9391,12.8986,12.4617,33.1242,13.9465,79.5314,60.0,0.06851591768507714,0.015320783402468452
600323.SH,环境保护,2024-03-26,value_quality_sector_stopfall,1.6134187422097992,9.1494,1.1143,1321677.7237,98417.39600000001,10.2523,13.3216,65.2456,-6.7364,34.5304,60.0,0.09400225641219162,0.018097819130940884
000589.SZ,汽车配件,2024-03-26,value_quality_sector_stopfall,1.5894174240987868,8.2966,0.9782,664893.9918,166630.18065,9.3696,9.0254,60.0705,12.5661,145.8808,60.0,0.09566826251882299,0.023358494913297
601163.SH,汽车配件,2024-03-26,value_quality_sector_stopfall,1.5872020907654534,9.6914,1.0242,1284000.0,113570.94934999998,8.7278,13.4387,31.7369,15.6531,124.893,60.0,0.09566826251882299,0.023358494913297
600483.SH,新型电力,2024-03-26,value_quality_sector_stopfall,1.5233296066994149,9.8037,1.2418,2568894.289,202416.31315,8.002,18.5222,46.5909,12.7183,1.6869,60.0,0.05342626913385584,0.013863337565558798
000012.SZ,玻璃,2024-03-26,value_quality_sector_stopfall,1.4499361059874247,9.1623,1.2248,1698092.7352,80262.6094,10.9784,10.8026,49.9711,24.7706,-11.1392,60.0,0.06781200951639033,0.01025476313770124
600461.SH,水务,2024-03-26,value_quality_sector_stopfall,1.4252480286378273,10.9343,1.4916,1170068.6147,94159.376,12.1211,17.6524,62.9107,5.5237,14.8545,60.0,0.06562984377013259,0.009714184867694708
600425.SH,水泥,2024-03-26,value_quality_sector_stopfall,1.2606660711579665,12.9517,0.9636,600159.1864,104751.3139,8.0652,10.9619,33.2994,20.0143,11.527,60.0,0.0633868817247063,0.015121189433260351
002448.SZ,汽车配件,2024-03-26,value_quality_sector_stopfall,1.22849875743212,13.3015,1.1492,380112.6313,99192.17705,8.1598,13.0794,31.8209,23.7465,83.2394,60.0,0.09566826251882299,0.023358494913297
002541.SZ,钢加工,2024-03-26,value_quality_sector_stopfall,1.2181240344208788,9.2484,1.2551,1089527.7164,88483.3048,10.3221,5.2409,60.8189,17.6323,1.761,45.0,0.06851591768507714,0.015320783402468452
002588.SZ,农药化肥,2024-03-26,value_quality_sector_stopfall,1.131945098403155,12.0642,1.1964,716111.196,66562.64015,10.1587,7.7443,43.1034,10.4872,35.7668,60.0,0.0571790169622548,0.012154748107566782
002469.SZ,化工原料,2024-03-26,value_quality_sector_stopfall,1.1238229963675612,12.6929,1.3177,358172.1718,52911.55235,10.6219,10.8878,17.8356,1.8237,3.0955,48.0,0.04902928179707211,0.011651047903822542
601098.SH,出版业,2024-03-26,value_quality_sector_stopfall,1.113593254422874,12.4215,1.4831,2284512.0,188503.92135000002,8.3931,14.0436,37.5437,5.9285,15.3766,53.0,0.09981340364404168,0.026769184112165556
000543.SZ,火力发电,2024-03-26,value_quality_sector_stopfall,1.1127247881405642,13.6913,1.2636,1774953.9882,272644.46700000006,9.7937,8.4753,65.9347,4.5714,161.0417,60.0,0.16402741927483744,0.029592702199060072
600332.SH,中成药,2024-03-26,value_quality_sector_stopfall,1.0887544191414134,11.4408,1.3288,4640007.3684,228353.0853,12.1093,5.6403,53.3283,6.678,2.2477,60.0,0.05298164097101421,0.011977444837065754
000026.SZ,服饰,2024-03-26,value_quality_sector_stopfall,0.9859237981261463,13.2101,1.3202,440133.1682,60310.1625,10.2988,7.291,20.7041,4.9515,24.9349,52.0,0.07370595106541433,0.01803918039406538
600323.SH,环境保护,2024-03-27,value_quality_sector_stopfall,1.5455981079872634,9.2566,1.1274,1337169.3194,100164.21540000002,10.2523,13.3216,65.2456,-6.7364,34.5304,60.0,0.04611434692175154,0.014045094398845048
002588.SZ,农药化肥,2024-03-27,value_quality_sector_stopfall,1.1323230280905672,11.8888,1.179,705699.24,64049.452200000014,10.1587,7.7443,43.1034,10.4872,35.7668,60.0,0.036196966827523935,0.010221394596376498
601098.SH,出版业,2024-03-27,value_quality_sector_stopfall,1.0761201837665761,12.2164,1.4586,2246796.0,183975.47485000003,8.3931,14.0436,37.5437,5.9285,15.3766,53.0,0.03683371737129271,0.022269133061949997
600332.SH,中成药,2024-03-27,value_quality_sector_stopfall,1.0643294245751846,11.4728,1.3325,4653013.696,227555.01434999998,12.1093,5.6403,53.3283,6.678,2.2477,60.0,0.03559175691013006,0.009542334331721358
000543.SZ,火力发电,2024-03-27,value_quality_sector_stopfall,1.0338175459139043,13.9361,1.2862,1806690.0748,276077.4918,9.7937,8.4753,65.9347,4.5714,161.0417,60.0,0.11632276299115829,0.029776782922745992
600531.SH,铅锌,2024-03-27,value_quality_sector_stopfall,0.9409270610211758,10.3991,1.4105,667228.492,221657.27775000004,10.7327,1.9008,69.5752,24.997,79.9716,59.0,0.05670210971761658,0.02516361797022615
600522.SH,通信设备,2024-03-27,value_quality_sector_stopfall,0.8258547091974726,13.7583,1.4272,4682566.9225,1063008.7162,8.4698,8.4208,36.8944,12.1789,7.6768,50.0,0.04138798909703412,0.03366805343377188
002078.SZ,造纸,2024-03-27,value_quality_sector_stopfall,0.8105968116856126,12.817,1.5123,3937553.5247,231245.3305,8.8419,7.3556,50.3977,-1.4775,-5.7949,49.0,0.05302810070623143,0.013172710979381108
000630.SZ,铜,2024-03-27,value_quality_sector_stopfall,0.6957997343117016,13.8596,1.4915,4775462.7651,1573158.5548,8.9197,3.2534,50.7257,15.6851,-9.0025,52.0,0.11651089605673404,0.032360838254967605
601139.SH,供气供热,2024-03-27,value_quality_sector_stopfall,0.5933548865639531,14.6235,1.4669,2085629.6082,98376.08989999999,8.1092,5.3373,62.2456,2.8789,28.2278,59.0,0.031365003249184786,0.012545216648101709
002129.SZ,电气设备,2024-03-28,value_quality_sector_stopfall,1.9857942854045634,5.9591,1.0893,4770876.6121,1398881.90135,15.2013,13.5248,50.8961,-2.3891,23.7456,60.0,0.037159707082828675,0.013229244988401279
000598.SZ,水务,2024-03-28,value_quality_sector_stopfall,1.9110319788371302,10.0557,1.1139,1853682.7153,142329.64695,9.6987,26.8106,59.1671,15.1573,8.3753,60.0,0.03458039355904363,0.007796918611419734
002131.SZ,互联网,2024-03-28,value_quality_sector_stopfall,1.8535275024576345,8.7223,1.0968,1515714.5788,309941.5619,16.5602,13.3569,42.0494,3.4845,2910.1317,60.0,0.04542803370577131,0.013148135418530105
002478.SZ,钢加工,2024-03-28,value_quality_sector_stopfall,1.6964956368376538,7.7651,1.1458,579573.3406,168195.5559,12.8986,12.4617,33.1242,13.9465,79.5314,60.0,0.03885796265393893,0.0078436741837149
600323.SH,环境保护,2024-03-28,value_quality_sector_stopfall,1.5731945225593174,9.1776,1.1177,1325754.4594,100058.9534,10.2523,13.3216,65.2456,-6.7364,34.5304,60.0,0.06584112356265193,0.010181398996665258
601163.SH,汽车配件,2024-03-28,value_quality_sector_stopfall,1.5328044338266242,9.7095,1.0261,1286400.0,103784.80055000001,8.7278,13.4387,31.7369,15.6531,124.893,60.0,0.05459706059313363,0.012505373233490769
000589.SZ,汽车配件,2024-03-28,value_quality_sector_stopfall,1.526553100493291,8.3717,0.9871,670916.5823,159533.43715,9.3696,9.0254,60.0705,12.5661,145.8808,60.0,0.05459706059313363,0.012505373233490769
600461.SH,水务,2024-03-28,value_quality_sector_stopfall,1.41514797883713,10.7893,1.4718,1154547.2963,91908.94320000001,12.1211,17.6524,62.9107,5.5237,14.8545,60.0,0.03458039355904363,0.007796918611419734
002541.SZ,钢加工,2024-03-28,value_quality_sector_stopfall,1.2436023035043204,8.8502,1.201,1042606.9534,83815.89325,10.3221,5.2409,60.8189,17.6323,1.761,47.0,0.03885796265393893,0.0078436741837149
002448.SZ,汽车配件,2024-03-28,value_quality_sector_stopfall,1.2073144338266246,13.0544,1.1278,373051.7156,93435.2218,8.1598,13.0794,31.8209,23.7465,83.2394,60.0,0.05459706059313363,0.012505373233490769
002588.SZ,农药化肥,2024-03-28,value_quality_sector_stopfall,1.1129546800285897,12.0837,1.1983,717268.08,63190.7429,10.1587,7.7443,43.1034,10.4872,35.7668,60.0,0.045055303675828995,0.00785470968609392
601098.SH,出版业,2024-03-28,value_quality_sector_stopfall,1.0729014117186098,12.3336,1.4726,2268348.0,176636.6596,8.3931,14.0436,37.5437,5.9285,15.3766,53.0,0.05542590854107954,0.017604836510863642
600332.SH,中成药,2024-03-28,value_quality_sector_stopfall,1.0681594531004468,11.4849,1.3339,4657891.0689,225941.73754999996,12.1093,5.6403,53.3283,6.678,2.2477,60.0,0.04303853020314241,0.007665589563971231
000543.SZ,火力发电,2024-03-28,value_quality_sector_stopfall,1.0246396511880629,14.0235,1.2943,1818024.3915,275697.3261,9.7937,8.4753,65.9347,4.5714,161.0417,60.0,0.11864795167419251,0.029500366180537085
600362.SH,铜,2024-03-28,value_quality_sector_stopfall,1.0154357532865288,11.977,1.1556,7791141.1613,783193.77845,9.231,1.3366,54.3573,8.7416,8.5277,60.0,0.14017885353290116,0.03033023308696081
600531.SH,铅锌,2024-03-28,value_quality_sector_stopfall,0.8973628279807767,10.8409,1.4704,695574.8005,229303.47015,10.7327,1.9008,69.5752,24.997,79.9716,59.0,0.08575555784133337,0.0219326034727767
600469.SH,汽车配件,2024-03-28,value_quality_sector_stopfall,0.882349100493291,13.6861,1.2886,414328.0947,71119.94509999998,9.149,6.6228,55.3935,13.6093,344.3709,54.0,0.05459706059313363,0.012505373233490769
600968.SH,石油开采,2024-03-28,value_quality_sector_stopfall,0.8329103765814925,12.741,1.4592,3466300.5319,106039.14145,9.311,7.0276,42.3415,0.7417,16.5312,60.0,0.037797348247633034,0.010619695000526175
002078.SZ,造纸,2024-03-28,value_quality_sector_stopfall,0.823865330550234,12.8352,1.5145,3943142.6709,222501.5302,8.8419,7.3556,50.3977,-1.4775,-5.7949,48.0,0.0697447713723569,0.010937892511210467
600522.SH,通信设备,2024-03-28,value_quality_sector_stopfall,0.8016414430228265,14.0993,1.4626,4798607.2107,1046733.7910499999,8.4698,8.4208,36.8944,12.1789,7.6768,50.0,0.07002011640641648,0.027155993283076496
600368.SH,路桥,2024-03-29,value_quality_sector_stopfall,2.4431369032763177,7.7028,0.8072,508898.258,65083.64040000001,11.0048,40.2909,34.2123,7.787,13.5559,60.0,0.04758595438118607,0.007012282228465283
601298.SH,港口,2024-03-29,value_quality_sector_stopfall,2.104783040672475,9.7433,1.191,4796922.9,114567.62485,12.6764,30.3617,26.0718,-5.6567,8.7248,60.0,0.03696242885893741,0.004317945146870894
002129.SZ,电气设备,2024-03-29,value_quality_sector_stopfall,1.992930736489853,5.9793,1.093,4787049.0752,1351818.26395,15.2013,13.5248,50.8961,-2.3891,23.7456,60.0,0.05153588695740985,0.009802849532442925
002478.SZ,钢加工,2024-03-29,value_quality_sector_stopfall,1.8865730429755865,7.2751,1.0895,569658.4001,174036.0565,15.9671,12.0902,30.8085,7.0288,66.2366,60.0,0.049928255716399805,0.00629412059251977
000598.SZ,水务,2024-03-29,value_quality_sector_stopfall,1.8830562159429307,10.412,1.1533,1919352.6344,141111.6081,9.6987,26.8106,59.1671,15.1573,8.3753,60.0,0.05577015188972312,0.008651397386540971
002131.SZ,互联网,2024-03-29,value_quality_sector_stopfall,1.845062950711912,8.7223,1.0968,1515714.5788,299940.3776,16.5602,13.3569,42.0494,3.4845,2910.1317,60.0,0.04308010956545627,0.007031507813122673
601000.SH,港口,2024-03-29,value_quality_sector_stopfall,1.7863697073391416,12.591,1.2133,2423704.8031,191507.68120000002,9.8339,34.8619,10.0952,3.9972,13.9252,60.0,0.03696242885893741,0.004317945146870894
601326.SH,港口,2024-03-29,value_quality_sector_stopfall,1.6888357073391416,11.7499,0.9765,1799146.664,83476.87789999999,8.5673,22.1757,30.8783,1.9577,17.0269,60.0,0.03696242885893741,0.004317945146870894
600323.SH,环境保护,2024-03-29,value_quality_sector_stopfall,1.5762708953497844,9.3018,1.1329,1343692.0966,99523.1196,10.2523,13.3216,65.2456,-6.7364,34.5304,60.0,0.0881930431540241,0.009319185529093499
601163.SH,汽车配件,2024-03-29,value_quality_sector_stopfall,1.532641596025065,9.7759,1.0332,1295200.0,97736.8747,8.7278,13.4387,31.7369,15.6531,124.893,60.0,0.06637752564464239,0.009722070380422387
000589.SZ,汽车配件,2024-03-29,value_quality_sector_stopfall,1.5312102626917314,8.4018,0.9906,673325.6185,158457.84249999997,9.3696,9.0254,60.0705,12.5661,145.8808,60.0,0.06637752564464239,0.009722070380422387
603339.SH,专用机械,2024-03-29,value_quality_sector_stopfall,1.512603321162466,10.2313,1.3785,341313.616,52398.36575,14.2519,14.9687,27.2854,10.0876,9.1396,47.0,0.04159135232456901,0.003065968837897115
600461.SH,水务,2024-03-29,value_quality_sector_stopfall,1.414325549276264,10.9343,1.4916,1170068.6147,92215.18285000001,12.1211,17.6524,62.9107,5.5237,14.8545,60.0,0.05577015188972312,0.008651397386540971
688425.SH,工程机械,2024-03-29,value_quality_sector_stopfall,1.3355032208997608,12.9866,1.2517,2069396.836,105683.67364999998,9.9533,15.895,34.9286,-0.7334,-13.5922,60.0,0.09111387959870143,0.016664007967726047
002541.SZ,钢加工,2024-03-29,value_quality_sector_stopfall,1.2678430429755865,8.7564,1.1883,1031566.7739,86278.9357,10.3221,5.2409,60.8189,17.6323,1.761,48.0,0.049928255716399805,0.00629412059251977
002448.SZ,汽车配件,2024-03-29,value_quality_sector_stopfall,1.1830649293583981,13.3221,1.1509,380701.041,85458.47595,8.1598,13.0794,31.8209,23.7465,83.2394,60.0,0.06637752564464239,0.009722070380422387
002588.SZ,农药化肥,2024-03-29,value_quality_sector_stopfall,1.094139325351059,12.337,1.2234,732307.572,63560.82325,10.1587,7.7443,43.1034,10.4872,35.7668,60.0,0.06035674216842457,0.007357916515967622
601098.SH,出版业,2024-03-29,value_quality_sector_stopfall,1.062337825197388,12.3336,1.4726,2268348.0,172825.32295,8.3931,14.0436,37.5437,5.9285,15.3766,53.0,0.05119101208305854,0.01127614644766295
600332.SH,中成药,2024-03-29,value_quality_sector_stopfall,1.0613739964737197,11.565,1.3432,4690406.8879,222114.40609999996,12.1093,5.6403,53.3283,6.678,2.2477,60.0,0.048527066241879524,0.006931596898506864
600362.SH,铜,2024-03-29,value_quality_sector_stopfall,0.9990718128937001,12.3922,1.1956,8061234.0548,817619.8309500001,9.231,1.3366,54.3573,8.7416,8.5277,60.0,0.17538835407567377,0.03310345881802634
600368.SH,路桥,2024-04-01,value_quality_sector_stopfall,2.434175746834281,7.6653,0.8033,506421.8675,67992.55945,11.0048,40.2909,34.2123,7.787,13.5559,60.0,0.03369845657927284,0.00683862358834153
601298.SH,港口,2024-04-01,value_quality_sector_stopfall,2.128713558939444,9.651,1.1797,4751485.2,113534.75355,12.6764,30.3617,26.0718,-5.6567,8.7248,60.0,0.04651313563666326,0.005011089969447546
002129.SZ,电气设备,2024-04-01,value_quality_sector_stopfall,1.9747542677514718,6.2217,1.1373,4981118.6323,1334833.6543999999,15.2013,13.5248,50.8961,-2.3891,23.7456,60.0,0.07927858900967033,0.009577012075134839
000598.SZ,水务,2024-04-01,value_quality_sector_stopfall,1.8986895207719536,10.4281,1.1551,1922337.6307,137537.57345000003,9.6987,26.8106,59.1671,15.1573,8.3753,60.0,0.07219331645871252,0.01013487097990784
002478.SZ,钢加工,2024-04-01,value_quality_sector_stopfall,1.8771011448767108,7.5398,1.1292,590389.6393,178529.47535,15.9671,12.0902,30.8085,7.0288,66.2366,60.0,0.08302536910597413,0.007838442437403392
002131.SZ,互联网,2024-04-01,value_quality_sector_stopfall,1.8553121014520522,8.8002,1.1066,1529247.7447,292106.95355000003,16.5602,13.3569,42.0494,3.4845,2910.1317,60.0,0.06812192215995849,0.003965512625427214
601016.SH,新型电力,2024-04-01,value_quality_sector_stopfall,1.7809231516699093,12.7693,1.1712,1929465.3382,134800.12735,9.2769,31.0112,58.2253,-2.3718,-7.3128,60.0,0.03622390892795768,0.005709909408618374
601000.SH,港口,2024-04-01,value_quality_sector_stopfall,1.7562935589394442,12.8988,1.243,2482964.0893,193064.8449,9.8339,34.8619,10.0952,3.9972,13.9252,60.0,0.04651313563666326,0.005011089969447546
601326.SH,港口,2024-04-01,value_quality_sector_stopfall,1.6678528922727773,12.0053,0.9978,1838258.548,81319.7278,8.5673,22.1757,30.8783,1.9577,17.0269,60.0,0.04651313563666326,0.005011089969447546
600323.SH,环境保护,2024-04-01,value_quality_sector_stopfall,1.594821541892621,9.3921,1.1439,1356737.6509,98775.0075,10.2523,13.3216,65.2456,-6.7364,34.5304,60.0,0.11721669009476154,0.012199518464525827
601163.SH,汽车配件,2024-04-01,value_quality_sector_stopfall,1.5340714789820862,9.9631,1.0529,1320000.0,98721.25925,8.7278,13.4387,31.7369,15.6531,124.893,60.0,0.09187263308611815,0.011270179229301514
000589.SZ,汽车配件,2024-04-01,value_quality_sector_stopfall,1.4992668123154196,8.8076,1.0385,705847.6072,174735.56105,9.3696,9.0254,60.0705,12.5661,145.8808,60.0,0.09187263308611815,0.011270179229301514
603339.SH,专用机械,2024-04-01,value_quality_sector_stopfall,1.4741047856613987,10.6209,1.431,354310.1454,54238.28565,14.2519,14.9687,27.2854,10.0876,9.1396,48.0,0.06341514575864537,0.0037169732360866625
600461.SH,水务,2024-04-01,value_quality_sector_stopfall,1.446905520771954,10.9872,1.4643,1175728.6373,94111.58929999999,12.1211,17.6524,62.9107,5.5237,14.8545,60.0,0.07219331645871252,0.01013487097990784
600483.SH,新型电力,2024-04-01,value_quality_sector_stopfall,1.4437204850032428,10.1625,1.2873,2662909.2135,196374.67615,8.002,18.5222,46.5909,12.7183,1.6869,60.0,0.03622390892795768,0.005709909408618374
000012.SZ,玻璃,2024-04-01,value_quality_sector_stopfall,1.3989754915715786,9.3777,1.2536,1738011.7326,79092.47469999999,10.9784,10.8026,49.9711,24.7706,-11.1392,60.0,0.05908384536853428,0.001582312869711
688425.SH,工程机械,2024-04-01,value_quality_sector_stopfall,1.3312627584055094,13.2544,1.2775,2112064.812,104058.39545,9.9533,15.895,34.9286,-0.7334,-13.5922,60.0,0.12070914855332893,0.01788160985218057
002541.SZ,钢加工,2024-04-01,value_quality_sector_stopfall,1.306877144876711,9.6249,1.2748,1135068.4569,92705.0297,13.5135,5.01,60.5141,18.5989,1.4305,49.0,0.08302536910597413,0.007838442437403392
600987.SH,纺织,2024-04-01,value_quality_sector_stopfall,1.2352043542789706,11.7018,1.2982,801774.7894,63279.826049999996,11.4362,8.017,23.4627,0.9964,4.1282,59.0,0.13551167028849442,0.020598017323809614
600425.SH,水泥,2024-04-01,value_quality_sector_stopfall,1.21788093556138,13.0556,0.9713,604973.2975,93834.50055,8.0652,10.9619,33.2994,20.0143,11.527,60.0,0.04554961845918504,0.002233317102195098
600368.SH,路桥,2024-04-02,value_quality_sector_stopfall,2.427587950490401,7.7777,0.8151,513851.0391,71069.38055,11.0048,40.2909,34.2123,7.787,13.5559,60.0,0.042338108279362574,0.006971175544371766
601298.SH,港口,2024-04-02,value_quality_sector_stopfall,2.112772745255086,9.8224,1.2007,4835869.5,113419.8779,12.6764,30.3617,26.0718,-5.6567,8.7248,60.0,0.05432278748013064,0.006687291108289362
002129.SZ,电气设备,2024-04-02,value_quality_sector_stopfall,1.984455534115687,6.1762,1.129,4944730.5904,1301821.5250499998,15.2013,13.5248,50.8961,-2.3891,23.7456,60.0,0.07805328115170274,0.01193691963065091
000598.SZ,水务,2024-04-02,value_quality_sector_stopfall,1.8810224158359397,10.5901,1.1731,1952187.5939,138280.376,9.6987,26.8106,59.1671,15.1573,8.3753,60.0,0.07447346815320177,0.012987614349404542
002131.SZ,互联网,2024-04-02,value_quality_sector_stopfall,1.8459691571347412,8.7223,1.0968,1515714.5788,284539.74905000004,16.5602,13.3569,42.0494,3.4845,2910.1317,60.0,0.04659463690010601,0.004423186901302056
002478.SZ,钢加工,2024-04-02,value_quality_sector_stopfall,1.8439603863403775,7.7125,1.155,603910.0128,185324.13384999998,15.9671,12.0902,30.8085,7.0288,66.2366,60.0,0.0749472715822046,0.011489114758172825
601016.SH,新型电力,2024-04-02,value_quality_sector_stopfall,1.7782277001555769,12.8979,1.183,1948890.0843,137601.00055,9.2769,31.0112,58.2253,-2.3718,-7.3128,60.0,0.048811481805571155,0.0068668850166724305
601000.SH,港口,2024-04-02,value_quality_sector_stopfall,1.75368607858842,12.9912,1.2519,2500741.8751,197377.29935000002,9.8339,34.8619,10.0952,3.9972,13.9252,60.0,0.05432278748013064,0.006687291108289362
601006.SH,铁路,2024-04-02,value_quality_sector_stopfall,1.7179306133728791,11.2909,0.8881,12981433.5028,687980.6758999999,8.4238,20.5027,27.8312,3.461,2.7843,60.0,0.04001198905052061,0.0023366243223585936
601326.SH,港口,2024-04-02,value_quality_sector_stopfall,1.68627207858842,11.9323,0.9917,1827083.724,79932.3414,8.5673,22.1757,30.8783,1.9577,17.0269,60.0,0.05432278748013064,0.006687291108289362
600323.SH,环境保护,2024-04-02,value_quality_sector_stopfall,1.575086973640239,9.6498,1.1384,1379567.371,101486.8424,10.2523,13.3216,65.2456,-6.7364,34.5304,60.0,0.1061089668185553,0.01708600682168382
601163.SH,汽车配件,2024-04-02,value_quality_sector_stopfall,1.5205761227260786,9.9933,1.0561,1324000.0,99052.51060000001,8.7278,13.4387,31.7369,15.6531,124.893,60.0,0.07930787659217398,0.014486246133904368
000589.SZ,汽车配件,2024-04-02,value_quality_sector_stopfall,1.516684789392745,8.8681,0.9923,710700.7137,199568.6,9.3696,9.0254,60.0705,12.5661,145.8808,60.0,0.07930787659217398,0.014486246133904368
603339.SH,专用机械,2024-04-02,value_quality_sector_stopfall,1.472754743358513,10.6302,1.4322,354619.5866,54987.9574,14.2519,14.9687,27.2854,10.0876,9.1396,49.0,0.0605167624394749,0.00668531425237151
600483.SH,新型电力,2024-04-02,value_quality_sector_stopfall,1.4397450334889106,10.3103,1.2991,2701631.9772,194986.03315,8.002,18.5222,46.5909,12.7183,1.6869,60.0,0.048811481805571155,0.0068668850166724305
600461.SH,水务,2024-04-02,value_quality_sector_stopfall,1.4374784158359395,11.0836,1.4765,1186044.6766,92467.45385,12.1211,17.6524,62.9107,5.5237,14.8545,60.0,0.07447346815320177,0.012987614349404542
000012.SZ,玻璃,2024-04-02,value_quality_sector_stopfall,1.3889076937658194,9.4274,1.2602,1747223.8089,80139.71925,10.9784,10.8026,49.9711,24.7706,-11.1392,60.0,0.055245328356476664,0.003066365409342575
688425.SH,工程机械,2024-04-02,value_quality_sector_stopfall,1.3101667124711178,13.2209,1.2742,2106731.315,101875.36295,9.9533,15.895,34.9286,-0.7334,-13.5922,60.0,0.09275408617253156,0.0203072929652528
002541.SZ,钢加工,2024-04-02,value_quality_sector_stopfall,1.2589297196737108,9.9057,1.312,1168188.9955,110759.86795000001,13.5135,5.01,60.5141,18.5989,1.4305,50.0,0.0749472715822046,0.011489114758172825
600987.SH,纺织,2024-04-02,value_quality_sector_stopfall,1.2043819033651835,11.9932,1.3305,821740.3477,66662.5012,11.4362,8.017,23.4627,0.9964,4.1282,60.0,0.14014791596286447,0.026099320735652354
600368.SH,路桥,2024-04-03,value_quality_sector_stopfall,2.414687321979976,7.8902,0.8268,521280.2108,73185.85275,11.0048,40.2909,34.2123,7.787,13.5559,60.0,0.04441004480793098,0.007298610505378278
601298.SH,港口,2024-04-03,value_quality_sector_stopfall,2.1070123497883513,9.9542,1.2168,4900780.5,111260.6388,12.6764,30.3617,26.0718,-5.6567,8.7248,60.0,0.06561803504498354,0.009151648076701324
002129.SZ,电气设备,2024-04-03,value_quality_sector_stopfall,1.9874926863076754,6.0803,1.1115,4867911.3907,1247556.2891,15.2013,13.5248,50.8961,-2.3891,23.7456,60.0,0.06313461875506676,0.01183273421927522
001965.SZ,路桥,2024-04-03,value_quality_sector_stopfall,1.9164446553133092,11.3695,1.2125,7693340.5804,372903.62425,10.7759,74.1534,47.8429,17.2864,39.1885,60.0,0.04441004480793098,0.007298610505378278
000598.SZ,水务,2024-04-03,value_quality_sector_stopfall,1.8664445837195132,10.6063,1.1748,1955172.5903,136817.75405000002,9.6987,26.8106,59.1671,15.1573,8.3753,60.0,0.06093718779894841,0.014159395920564588
002478.SZ,钢加工,2024-04-03,value_quality_sector_stopfall,1.8280697399307297,7.724,1.1568,604811.371,188557.0624,15.9671,12.0902,30.8085,7.0288,66.2366,60.0,0.059736370477026624,0.012776036120369705
601016.SH,新型电力,2024-04-03,value_quality_sector_stopfall,1.761805010307506,12.9407,1.187,1955364.8022,129888.73115,9.2769,31.0112,58.2253,-2.3718,-7.3128,60.0,0.03809270337662407,0.006682973597548658
601006.SH,铁路,2024-04-03,value_quality_sector_stopfall,1.7239658784573724,11.3215,0.8905,13016565.9345,653083.8112000001,8.4238,20.5027,27.8312,3.461,2.7843,60.0,0.04814306278391478,0.0038808156734575494
601000.SH,港口,2024-04-03,value_quality_sector_stopfall,1.7190856831216847,13.3606,1.2875,2571853.0185,198596.02400000003,9.8339,34.8619,10.0952,3.9972,13.9252,60.0,0.06561803504498354,0.009151648076701324
601326.SH,港口,2024-04-03,value_quality_sector_stopfall,1.6822316831216848,12.0783,1.0038,1849433.372,78656.64749999999,8.5673,22.1757,30.8783,1.9577,17.0269,60.0,0.06561803504498354,0.009151648076701324
600323.SH,环境保护,2024-04-03,value_quality_sector_stopfall,1.5731979251898307,9.7068,1.1451,1387720.8425,104712.3968,10.2523,13.3216,65.2456,-6.7364,34.5304,60.0,0.11004000971663275,0.01953258213986464
000589.SZ,汽车配件,2024-04-03,value_quality_sector_stopfall,1.4990884937353668,8.836,0.9887,708125.7112,214894.83020000003,9.3696,9.0254,60.0705,12.5661,145.8808,60.0,0.05778785041254508,0.01386997665615497
601163.SH,汽车配件,2024-04-03,value_quality_sector_stopfall,1.4801864937353668,10.1261,1.0702,1341600.0,100878.74584999999,8.7278,13.4387,31.7369,15.6531,124.893,60.0,0.05778785041254508,0.01386997665615497
603339.SH,专用机械,2024-04-03,value_quality_sector_stopfall,1.4641201980125504,10.6024,1.4285,353691.263,55464.99125,14.2519,14.9687,27.2854,10.0876,9.1396,50.0,0.04796586717735041,0.006281664168533485
600483.SH,新型电力,2024-04-03,value_quality_sector_stopfall,1.4421090103075063,10.2223,1.288,2678584.8798,191515.11505,8.002,18.5222,46.5909,12.7183,1.6869,60.0,0.03809270337662407,0.006682973597548658
600461.SH,水务,2024-04-03,value_quality_sector_stopfall,1.4143939170528463,11.1524,1.4857,1193403.7956,91329.85160000001,12.1211,17.6524,62.9107,5.5237,14.8545,60.0,0.06093718779894841,0.014159395920564588
000012.SZ,玻璃,2024-04-03,value_quality_sector_stopfall,1.3873705768201834,9.4108,1.258,1744153.1168,81515.41145,10.9784,10.8026,49.9711,24.7706,-11.1392,60.0,0.050082936304490566,0.004118307182359393
688425.SH,工程机械,2024-04-03,value_quality_sector_stopfall,1.2946242650366242,13.1539,1.2678,2096064.321,97621.4328,9.9533,15.895,34.9286,-0.7334,-13.5922,60.0,0.06823313502067929,0.020552463349278183
600428.SH,水运,2024-04-03,value_quality_sector_stopfall,1.2391845458715756,12.0418,1.1106,1281550.5103,205726.79725,9.5775,8.9839,57.9661,-1.6429,29.575,60.0,0.09683339088080922,0.0029744883240996334
600987.SH,纺织,2024-04-03,value_quality_sector_stopfall,1.2034776622261927,11.9779,1.3288,820689.5289,69661.95264999999,11.4362,8.017,23.4627,0.9964,4.1282,60.0,0.1351544150924866,0.028035247133706198
600368.SH,路桥,2024-04-08,value_quality_sector_stopfall,2.413580366638317,7.9839,0.8367,527471.1872,76373.73915,11.0048,40.2909,34.2123,7.787,13.5559,60.0,0.055265062585861946,0.008183304052455487
601298.SH,港口,2024-04-08,value_quality_sector_stopfall,2.083350127588129,10.0992,1.2345,4972182.6,113257.345,12.6764,30.3617,26.0718,-5.6567,8.7248,60.0,0.06087865039693763,0.011695477191191461
001965.SZ,路桥,2024-04-08,value_quality_sector_stopfall,1.9115176999716506,11.4905,1.2254,7775184.6292,361368.69705,10.7759,74.1534,47.8429,17.2864,39.1885,60.0,0.055265062585861946,0.008183304052455487
000598.SZ,水务,2024-04-08,value_quality_sector_stopfall,1.8484781538573636,10.671,1.182,1967112.5755,135594.1508,9.6987,26.8106,59.1671,15.1573,8.3753,60.0,0.05078402329772569,0.015459463892971037
002478.SZ,钢加工,2024-04-08,value_quality_sector_stopfall,1.8265237278330104,7.5859,1.1361,593995.0723,190417.97915,15.9671,12.0902,30.8085,7.0288,66.2366,60.0,0.03417962201649938,0.013780105816511234
601016.SH,新型电力,2024-04-08,value_quality_sector_stopfall,1.7395103089495678,13.0693,1.1988,1974788.9558,131920.31034999999,9.2769,31.0112,58.2253,-2.3718,-7.3128,60.0,0.03167165510936676,0.0072493205068677735
601000.SH,港口,2024-04-08,value_quality_sector_stopfall,1.716890127588129,13.3606,1.2875,2571853.0185,200846.64935,9.8339,34.8619,10.0952,3.9972,13.9252,60.0,0.06087865039693763,0.011695477191191461
601006.SH,铁路,2024-04-08,value_quality_sector_stopfall,1.707114408935205,11.3978,0.8965,13104397.0137,645193.2896499999,8.4238,20.5027,27.8312,3.461,2.7843,60.0,0.03822455485465581,0.006034520747215888
601326.SH,港口,2024-04-08,value_quality_sector_stopfall,1.6934027942547958,11.9688,0.9947,1832671.136,79197.1933,8.5673,22.1757,30.8783,1.9577,17.0269,60.0,0.06087865039693763,0.011695477191191461
600323.SH,环境保护,2024-04-08,value_quality_sector_stopfall,1.521291999028274,9.8094,1.1572,1402397.0911,109031.36415,10.2523,13.3216,65.2456,-6.7364,34.5304,60.0,0.07114251795054338,0.02143081441106398
000589.SZ,汽车配件,2024-04-08,value_quality_sector_stopfall,1.4718832585764865,8.9324,0.9995,715850.7189,223034.518,9.3696,9.0254,60.0705,12.5661,145.8808,60.0,0.04401707210441108,0.014062186472075355
601163.SH,汽车配件,2024-04-08,value_quality_sector_stopfall,1.4674745919098198,10.1201,1.0695,1340800.0,102965.86265,8.7278,13.4387,31.7369,15.6531,124.893,60.0,0.04401707210441108,0.014062186472075355
600483.SH,新型电力,2024-04-08,value_quality_sector_stopfall,1.4318276422829013,10.2517,1.2917,2686267.2456,187514.0749,8.002,18.5222,46.5909,12.7183,1.6869,60.0,0.03167165510936676,0.0072493205068677735
600461.SH,水务,2024-04-08,value_quality_sector_stopfall,1.3791941538573633,11.4046,1.5193,1220387.2318,92967.68225,12.1211,17.6524,62.9107,5.5237,14.8545,59.0,0.05078402329772569,0.015459463892971037
002541.SZ,钢加工,2024-04-08,value_quality_sector_stopfall,1.208713061166344,9.9818,1.322,1177159.1413,132669.9334,13.5135,5.01,60.5141,18.5989,1.4305,52.0,0.03417962201649938,0.013780105816511234
600428.SH,水运,2024-04-08,value_quality_sector_stopfall,1.1997353394774164,11.9812,1.1051,1275110.558,211623.8211,9.5775,8.9839,57.9661,-1.6429,29.575,60.0,0.0467652773580558,0.00588672878602714
002448.SZ,汽车配件,2024-04-08,value_quality_sector_stopfall,1.1675512585764865,13.3015,1.1492,380112.6313,82715.95790000001,8.1598,13.0794,31.8209,23.7465,83.2394,60.0,0.04401707210441108,0.014062186472075355
002588.SZ,农药化肥,2024-04-08,value_quality_sector_stopfall,1.0677771874844284,12.7268,1.2621,755445.252,76616.87795000001,10.1587,7.7443,43.1034,10.4872,35.7668,60.0,0.07364863881092809,0.01949054867350042
600987.SH,纺织,2024-04-08,value_quality_sector_stopfall,1.0466654012810086,12.7907,1.419,876382.9284,79930.19410000001,11.4362,8.017,23.4627,0.9964,4.1282,60.0,0.09202272726712768,0.02867467401388102
002469.SZ,化工原料,2024-04-08,value_quality_sector_stopfall,0.9865137048130739,13.5896,1.4108,383477.8143,55013.47050000001,10.6219,10.8878,17.8356,1.8237,3.0955,50.0,0.034894612215769616,0.01032309259730435
600368.SH,路桥,2024-04-09,value_quality_sector_stopfall,2.408704197952427,8.0026,0.8386,528709.3824,77544.03675,11.0048,40.2909,34.2123,7.787,13.5559,60.0,0.053584377096183466,0.007501154189577308
601298.SH,港口,2024-04-09,value_quality_sector_stopfall,2.070040026271413,10.1784,1.2442,5011129.2,111203.51275,12.6764,30.3617,26.0718,-5.6567,8.7248,60.0,0.05873413242691705,0.012276560511162993
002129.SZ,电气设备,2024-04-09,value_quality_sector_stopfall,2.0043102523861283,5.9793,1.093,4787049.0752,1162749.85565,15.2013,13.5248,50.8961,-2.3891,23.7456,60.0,0.05978391612791123,0.01293433625821705
001965.SZ,路桥,2024-04-09,value_quality_sector_stopfall,1.8939015312857606,11.6013,1.2372,7850208.3405,352866.61525000003,10.7759,74.1534,47.8429,17.2864,39.1885,60.0,0.053584377096183466,0.007501154189577308
000598.SZ,水务,2024-04-09,value_quality_sector_stopfall,1.854573341123357,10.6225,1.1766,1958157.5866,134330.97055000003,9.6987,26.8106,59.1671,15.1573,8.3753,60.0,0.049651270243294965,0.015854070880062077
002478.SZ,钢加工,2024-04-09,value_quality_sector_stopfall,1.8477949935847457,7.4938,1.1223,586784.2064,191994.96110000001,15.9671,12.0902,30.8085,7.0288,66.2366,60.0,0.03942793585828719,0.014463057726458617
601016.SH,新型电力,2024-04-09,value_quality_sector_stopfall,1.74646502725221,13.0693,1.1988,1974788.9558,133841.81965000002,9.2769,31.0112,58.2253,-2.3718,-7.3128,60.0,0.0387316790086103,0.007144014910266394
601000.SH,港口,2024-04-09,value_quality_sector_stopfall,1.73950669293808,13.1759,1.2697,2536297.4468,199321.8083,9.8339,34.8619,10.0952,3.9972,13.9252,60.0,0.05873413242691705,0.012276560511162993
600874.SH,环境保护,2024-04-09,value_quality_sector_stopfall,1.7350906827101442,10.6545,1.0105,921835.4159,51709.7622,9.831,19.3661,58.2359,3.1603,15.1684,60.0,0.05737380439243056,0.022906878317713764
601006.SH,铁路,2024-04-09,value_quality_sector_stopfall,1.7345246094462423,11.3215,0.8905,13016565.9345,627140.3808,8.4238,20.5027,27.8312,3.461,2.7843,60.0,0.054474066918824615,0.008108542527417661
601326.SH,港口,2024-04-09,value_quality_sector_stopfall,1.7051993596047468,11.8594,0.9856,1815908.9,78754.27085,8.5673,22.1757,30.8783,1.9577,17.0269,60.0,0.05873413242691705,0.012276560511162993
600323.SH,环境保护,2024-04-09,value_quality_sector_stopfall,1.4974060160434777,9.8893,1.1666,1413811.9512,114107.01229999999,10.2523,13.3216,65.2456,-6.7364,34.5304,60.0,0.05737380439243056,0.022906878317713764
603339.SH,专用机械,2024-04-09,value_quality_sector_stopfall,1.4702411834458717,10.4632,1.4097,349049.6454,55630.29825000001,14.2519,14.9687,27.2854,10.0876,9.1396,52.0,0.03380966356018145,0.004745519885690275
600483.SH,新型电力,2024-04-09,value_quality_sector_stopfall,1.4623423605855435,10.0953,1.272,2645294.6279,183524.05525,8.002,18.5222,46.5909,12.7183,1.6869,60.0,0.0387316790086103,0.007144014910266394
000589.SZ,汽车配件,2024-04-09,value_quality_sector_stopfall,1.4565548482303763,8.9485,1.0013,717138.2202,229065.6521,9.3696,9.0254,60.0705,12.5661,145.8808,60.0,0.030537563994522676,0.0144866175691869
601163.SH,汽车配件,2024-04-09,value_quality_sector_stopfall,1.4411795148970428,10.2167,1.0797,1353600.0,105051.40120000001,8.7278,13.4387,31.7369,15.6531,124.893,60.0,0.030537563994522676,0.0144866175691869
600461.SH,水务,2024-04-09,value_quality_sector_stopfall,1.3940826744566905,11.2212,1.4949,1200762.9145,94589.81615,12.1211,17.6524,62.9107,5.5237,14.8545,59.0,0.049651270243294965,0.015854070880062077
000012.SZ,玻璃,2024-04-09,value_quality_sector_stopfall,1.3711126581924231,9.444,1.2625,1750294.501,83696.18415,10.9784,10.8026,49.9711,24.7706,-11.1392,60.0,0.03622688122487916,0.0069297769675440435
600894.SH,运输设备,2024-04-09,value_quality_sector_stopfall,1.3560244859434591,11.1431,0.9166,848767.5854,119982.11130000002,8.4631,9.7678,34.399,4.5395,48.5886,60.0,0.03305024015501701,0.012796912455108833
688425.SH,工程机械,2024-04-09,value_quality_sector_stopfall,1.2830230359748758,12.9531,1.2484,2064063.339,84109.117,9.9533,15.895,34.9286,-0.7334,-13.5922,60.0,0.03471345588302088,0.01615091342518804
600368.SH,路桥,2024-04-10,value_quality_sector_stopfall,2.405358684678596,8.0214,0.8406,529947.5777,77507.75895,11.0048,40.2909,34.2123,7.787,13.5559,60.0,0.05244275989113456,0.007883924787461583
600971.SH,煤炭开采,2024-04-10,value_quality_sector_stopfall,2.2746906442685786,7.7802,1.2569,1584006.4469,198861.77829999998,16.68,26.0886,40.3393,-7.2353,-19.4312,60.0,0.09226773895419194,0.0022162386477198037
601298.SH,港口,2024-04-10,value_quality_sector_stopfall,2.058530292443363,10.2443,1.2522,5043584.7,105649.74145,12.6764,30.3617,26.0718,-5.6567,8.7248,60.0,0.056762095732435736,0.012465530044260653
002129.SZ,电气设备,2024-04-10,value_quality_sector_stopfall,2.0132647579833147,5.8227,1.0644,4661712.4863,1087902.6372,15.2013,13.5248,50.8961,-2.3891,23.7456,60.0,0.0425623841078655,0.009603707208782675
001965.SZ,路桥,2024-04-10,value_quality_sector_stopfall,1.8806293513452628,11.692,1.2469,7911591.377,344745.9077,10.7759,74.1534,47.8429,17.2864,39.1885,60.0,0.05244275989113456,0.007883924787461583
000598.SZ,水务,2024-04-10,value_quality_sector_stopfall,1.8384918584014966,10.7034,1.1856,1973082.5682,133524.03514999998,9.6987,26.8106,59.1671,15.1573,8.3753,60.0,0.046646381069405995,0.014170810665423916
002128.SZ,煤炭开采,2024-04-10,value_quality_sector_stopfall,1.7639926442685783,9.4314,1.3459,4066214.3163,210399.2305,13.3508,19.8451,33.4004,-0.6941,10.0635,60.0,0.09226773895419194,0.0022162386477198037
601016.SH,新型电力,2024-04-10,value_quality_sector_stopfall,1.730969518535273,13.1121,1.2027,1981263.6737,129727.82080000002,9.2769,31.0112,58.2253,-2.3718,-7.3128,60.0,0.030549366987699722,0.005284151547573446
601006.SH,铁路,2024-04-10,value_quality_sector_stopfall,1.7206072315928014,11.3673,0.8941,13069264.582,621567.05315,8.4238,20.5027,27.8312,3.461,2.7843,60.0,0.044716227522074714,0.009402337404060157
600985.SH,煤炭开采,2024-04-10,value_quality_sector_stopfall,1.7128459776019116,7.9701,1.2375,4960982.542,583532.5601,17.6108,8.1081,52.2436,6.3092,-11.2135,60.0,0.09226773895419194,0.0022162386477198037
600874.SH,环境保护,2024-04-10,value_quality_sector_stopfall,1.70986708488762,10.6545,1.0105,921835.4159,50918.7972,9.831,19.3661,58.2359,3.1603,15.1684,60.0,0.03469204548901628,0.0203650393986039
601000.SH,港口,2024-04-10,value_quality_sector_stopfall,1.7095569591100297,13.3914,1.2904,2577778.9471,189193.21785000002,9.8339,34.8619,10.0952,3.9972,13.9252,60.0,0.056762095732435736,0.012465530044260653
601326.SH,港口,2024-04-10,value_quality_sector_stopfall,1.7078496257766962,11.8229,0.9826,1810321.488,78913.94165000001,8.5673,22.1757,30.8783,1.9577,17.0269,60.0,0.056762095732435736,0.012465530044260653
600323.SH,环境保护,2024-04-10,value_quality_sector_stopfall,1.4746557515542869,9.8722,1.1646,1411365.9097,115975.37874999999,10.2523,13.3216,65.2456,-6.7364,34.5304,60.0,0.03469204548901628,0.0203650393986039
600483.SH,新型电力,2024-04-10,value_quality_sector_stopfall,1.4567201852019398,10.066,1.2683,2637612.2621,180102.9473,8.002,18.5222,46.5909,12.7183,1.6869,60.0,0.030549366987699722,0.005284151547573446
600461.SH,水务,2024-04-10,value_quality_sector_stopfall,1.378354525068163,11.3358,1.5101,1213028.1129,91915.81945,12.1211,17.6524,62.9107,5.5237,14.8545,58.0,0.046646381069405995,0.014170810665423916
688425.SH,工程机械,2024-04-10,value_quality_sector_stopfall,1.3035887093317724,12.9531,1.2484,2064063.339,82051.06115,9.9533,15.895,34.9286,-0.7334,-13.5922,60.0,0.059530072680988644,0.01189996998411691
600428.SH,水运,2024-04-10,value_quality_sector_stopfall,1.2335492375123611,11.7594,1.0846,1251497.3995,214186.1497,9.5775,8.9839,57.9661,-1.6429,29.575,60.0,0.04879923169618472,0.009213339149509725
002588.SZ,农药化肥,2024-04-10,value_quality_sector_stopfall,1.046533066125726,12.8438,1.2737,762386.556,82433.8547,10.1587,7.7443,43.1034,10.4872,35.7668,60.0,0.0654864463333622,0.021941953125697022
600987.SH,纺织,2024-04-10,value_quality_sector_stopfall,1.032897104099882,12.6833,1.4071,869027.1964,89741.35185,11.4362,8.017,23.4627,0.9964,4.1282,60.0,0.06474074624572235,0.02709502452082635
600368.SH,路桥,2024-04-11,value_quality_sector_stopfall,2.4167563476789913,8.1151,0.8504,536138.5541,78297.68304999999,11.0048,40.2909,34.2123,7.787,13.5559,60.0,0.07428480611566157,0.010219541563329937
600971.SH,煤炭开采,2024-04-11,value_quality_sector_stopfall,2.25870548945397,8.0042,1.2931,1629606.6325,203373.68104999998,16.68,26.0886,40.3393,-7.2353,-19.4312,60.0,0.1104068732567558,0.0071586161972141404
601298.SH,港口,2024-04-11,value_quality_sector_stopfall,2.057419122240473,10.3761,1.2683,5108495.7,101489.74795,12.6764,30.3617,26.0718,-5.6567,8.7248,60.0,0.0742677441253694,0.013368711448437098
002129.SZ,电气设备,2024-04-11,value_quality_sector_stopfall,2.024886563029997,5.7621,1.0533,4613195.097,1031770.6643,15.2013,13.5248,50.8961,-2.3891,23.7456,60.0,0.04752399946239505,0.0048238969009353205
001965.SZ,路桥,2024-04-11,value_quality_sector_stopfall,1.8839936810123248,11.8432,1.263,8013896.438,321900.84985,10.7759,74.1534,47.8429,17.2864,39.1885,60.0,0.07428480611566157,0.010219541563329937
000598.SZ,水务,2024-04-11,value_quality_sector_stopfall,1.8236862903792832,10.8977,1.2071,2008902.524,138409.81815,9.6987,26.8106,59.1671,15.1573,8.3753,60.0,0.06095560706819625,0.0123426833110869
002128.SZ,煤炭开采,2024-04-11,value_quality_sector_stopfall,1.7618074894539697,9.5874,1.3682,4133461.5211,213989.61985,13.3508,19.8451,33.4004,-0.6941,10.0635,60.0,0.1104068732567558,0.0071586161972141404
601006.SH,铁路,2024-04-11,value_quality_sector_stopfall,1.719938340136279,11.4742,0.9026,13192228.0928,598341.9581500001,8.4238,20.5027,27.8312,3.461,2.7843,60.0,0.0559780072757059,0.010264999527239915
600985.SH,煤炭开采,2024-04-11,value_quality_sector_stopfall,1.70274748945397,8.1648,1.2678,5082179.1839,581858.6835,17.6108,8.1081,52.2436,6.3092,-11.2135,60.0,0.1104068732567558,0.0071586161972141404
601016.SH,新型电力,2024-04-11,value_quality_sector_stopfall,1.6989408522398057,13.3692,1.2263,2020111.9811,134216.0035,9.2769,31.0112,58.2253,-2.3718,-7.3128,60.0,0.033706896637481165,0.002971288935657901
600874.SH,环境保护,2024-04-11,value_quality_sector_stopfall,1.6955394684076173,10.836,1.0278,937539.5967,52413.87205,9.831,19.3661,58.2359,3.1603,15.1684,60.0,0.04786199831339699,0.01650080342755378
601326.SH,港口,2024-04-11,value_quality_sector_stopfall,1.6950984555738065,12.0783,1.0038,1849433.372,79502.1864,8.5673,22.1757,30.8783,1.9577,17.0269,60.0,0.0742677441253694,0.013368711448437098
601000.SH,港口,2024-04-11,value_quality_sector_stopfall,1.6796057889071399,13.7608,1.326,2648890.0905,184940.2648,9.8339,34.8619,10.0952,3.9972,13.9252,60.0,0.0742677441253694,0.013368711448437098
600323.SH,环境保护,2024-04-11,value_quality_sector_stopfall,1.4732214684076175,9.9463,1.1733,1421965.4226,116554.2357,10.2523,13.3216,65.2456,-6.7364,34.5304,60.0,0.04786199831339699,0.01650080342755378
600483.SH,新型电力,2024-04-11,value_quality_sector_stopfall,1.432558185573139,10.2321,1.2892,2681145.6684,176668.05459999997,8.002,18.5222,46.5909,12.7183,1.6869,60.0,0.033706896637481165,0.002971288935657901
600461.SH,水务,2024-04-11,value_quality_sector_stopfall,1.3952922903792833,11.5077,1.5111,1246144.1483,90646.43045,14.3946,15.4017,60.8622,3.4288,12.5925,57.0,0.06095560706819625,0.0123426833110869
688425.SH,工程机械,2024-04-11,value_quality_sector_stopfall,1.2820446879271872,13.4217,1.2936,2138732.297,84942.76495000001,9.9533,15.895,34.9286,-0.7334,-13.5922,60.0,0.10193544296464796,0.009323911629205872
600428.SH,水运,2024-04-11,value_quality_sector_stopfall,1.1981930593190757,12.2031,1.1255,1298723.7165,223802.98220000003,9.5775,8.9839,57.9661,-1.6429,29.575,60.0,0.07068767166168421,0.008815387657391316
002588.SZ,农药化肥,2024-04-11,value_quality_sector_stopfall,1.0316716451181114,12.9217,1.2814,767014.092,83636.69035,10.1587,7.7443,43.1034,10.4872,35.7668,60.0,0.06342229466211546,0.019471350455996017
002469.SZ,化工原料,2024-04-11,value_quality_sector_stopfall,0.9678015548629526,13.8196,1.4347,389966.4406,58149.08115,10.6219,10.8878,17.8356,1.8237,3.0955,53.0,0.047900903741164624,0.009871317788454625
600368.SH,路桥,2024-04-12,value_quality_sector_stopfall,2.397136460152618,8.1713,0.8563,539853.1399,80222.64064999999,11.0048,40.2909,34.2123,7.787,13.5559,60.0,0.060293049218619554,0.012271410933998306
600971.SH,煤炭开采,2024-04-12,value_quality_sector_stopfall,2.259983979457103,8.0101,1.2941,1630806.6374,205767.58755,16.68,26.0886,40.3393,-7.2353,-19.4312,60.0,0.10889751305689321,0.01100646640021008
002129.SZ,电气设备,2024-04-12,value_quality_sector_stopfall,2.044316947700968,5.5601,1.0164,4451470.4661,1010769.9265000001,15.2013,13.5248,50.8961,-2.3891,23.7456,60.0,0.03214741917777175,0.0015641951898630602
601298.SH,港口,2024-04-12,value_quality_sector_stopfall,2.029034232777636,10.4684,1.2796,5153933.4,101158.39915,12.6764,30.3617,26.0718,-5.6567,8.7248,60.0,0.05911557338241025,0.0138226593952262
001965.SZ,路桥,2024-04-12,value_quality_sector_stopfall,1.874860460152618,11.8231,1.2608,8000255.7632,307638.1182,10.7759,74.1534,47.8429,17.2864,39.1885,60.0,0.060293049218619554,0.012271410933998306
002478.SZ,钢加工,2024-04-12,value_quality_sector_stopfall,1.8147563387569459,7.6089,1.1395,595797.7887,196592.0128,15.9671,12.0902,30.8085,7.0288,66.2366,60.0,0.034709223565743574,0.005283115191202059
000598.SZ,水务,2024-04-12,value_quality_sector_stopfall,1.7988740940223373,11.0111,1.2197,2029797.4983,141888.454,9.6987,26.8106,59.1671,15.1573,8.3753,60.0,0.053156124542285355,0.011289969480051898
002128.SZ,煤炭开采,2024-04-12,value_quality_sector_stopfall,1.7515459794571033,9.6654,1.3793,4167085.1235,216481.4045,13.3508,19.8451,33.4004,-0.6941,10.0635,60.0,0.10889751305689321,0.01100646640021008
601006.SH,铁路,2024-04-12,value_quality_sector_stopfall,1.7224591976290204,11.4742,0.9026,13192228.0928,590725.4746999999,8.4238,20.5027,27.8312,3.461,2.7843,60.0,0.05809207524627169,0.010671789049415459
600985.SH,煤炭开采,2024-04-12,value_quality_sector_stopfall,1.7212993127904368,8.0696,1.253,5022927.4923,579120.24985,17.6108,8.1081,52.2436,6.3092,-11.2135,60.0,0.10889751305689321,0.01100646640021008
601326.SH,港口,2024-04-12,value_quality_sector_stopfall,1.689266899444303,12.0053,0.9978,1838258.548,79854.368,8.5673,22.1757,30.8783,1.9577,17.0269,60.0,0.05911557338241025,0.0138226593952262
600874.SH,环境保护,2024-04-12,value_quality_sector_stopfall,1.6887468135328483,10.7634,1.0209,931257.9244,53483.881149999994,9.831,19.3661,58.2359,3.1603,15.1684,60.0,0.03555738846527112,0.012572758400910544
601000.SH,港口,2024-04-12,value_quality_sector_stopfall,1.6649075661109698,13.7608,1.326,2648890.0905,183743.81439999997,9.8339,34.8619,10.0952,3.9972,13.9252,60.0,0.05911557338241025,0.0138226593952262
600323.SH,环境保护,2024-04-12,value_quality_sector_stopfall,1.5080601468661816,9.8266,1.1592,1404843.1326,120030.70205,12.4305,11.7185,64.1321,-2.5924,25.2348,60.0,0.03555738846527112,0.012572758400910544
600461.SH,水务,2024-04-12,value_quality_sector_stopfall,1.3826600940223375,11.5644,1.5186,1252276.7475,90770.52609999999,14.3946,15.4017,60.8622,3.4288,12.5925,56.0,0.053156124542285355,0.011289969480051898
688425.SH,工程机械,2024-04-12,value_quality_sector_stopfall,1.2868777647321417,13.3213,1.2839,2122731.806,84431.90625,9.9533,15.895,34.9286,-0.7334,-13.5922,60.0,0.09434069399927036,0.008591737399537891
600428.SH,水运,2024-04-12,value_quality_sector_stopfall,1.1958327277880767,12.4653,1.1497,1326630.1765,236205.63609999995,9.5775,8.9839,57.9661,-1.6429,29.575,60.0,0.10207207020130826,0.008683990920101747
002541.SZ,钢加工,2024-04-12,value_quality_sector_stopfall,1.116405672090279,10.5259,1.3941,1241330.1848,149354.97415,13.5135,5.01,60.5141,18.5989,1.4305,56.0,0.034709223565743574,0.005283115191202059
002588.SZ,农药化肥,2024-04-12,value_quality_sector_stopfall,1.016600372085371,12.9802,1.2872,770484.744,85484.08235,10.1587,7.7443,43.1034,10.4872,35.7668,60.0,0.05880047147267553,0.016788567279361954
002469.SZ,化工原料,2024-04-12,value_quality_sector_stopfall,0.9779039368721987,13.7046,1.4228,386722.1275,59159.238150000005,10.6219,10.8878,17.8356,1.8237,3.0955,54.0,0.04472881399082507,0.007545789548040194
600368.SH,路桥,2024-04-15,value_quality_sector_stopfall,2.4039915487359984,8.2275,0.8622,543567.7257,83523.53075,11.0048,40.2909,34.2123,7.787,13.5559,60.0,0.07328941455390847,0.013810134182089762
600971.SH,煤炭开采,2024-04-15,value_quality_sector_stopfall,2.2521665370147073,8.2046,1.3255,1670406.7985,211334.54395,16.68,26.0886,40.3393,-7.2353,-19.4312,60.0,0.1304400650430495,0.015546471971657594
601298.SH,港口,2024-04-15,value_quality_sector_stopfall,1.991213956551674,10.7716,1.3167,5303228.7,103673.253,12.6764,30.3617,26.0718,-5.6567,8.7248,60.0,0.06582223927985509,0.014242383938485537
001965.SZ,路桥,2024-04-15,value_quality_sector_stopfall,1.8477088820693315,12.1254,1.2931,8204865.885,304126.71245,10.7759,74.1534,47.8429,17.2864,39.1885,60.0,0.07328941455390847,0.013810134182089762
000598.SZ,水务,2024-04-15,value_quality_sector_stopfall,1.7604116931731304,11.173,1.2376,2059647.4615,147998.01165,9.6987,26.8106,59.1671,15.1573,8.3753,60.0,0.03891811196105133,0.009792247878745775
601006.SH,铁路,2024-04-15,value_quality_sector_stopfall,1.6924755446879673,11.5965,0.9122,13332757.8195,602833.01275,8.4238,20.5027,27.8312,3.461,2.7843,60.0,0.04302405052570846,0.010309494162258792
600985.SH,煤炭开采,2024-04-15,value_quality_sector_stopfall,1.6869952036813738,8.4244,1.3081,5243774.7064,587958.9046,17.6108,8.1081,52.2436,6.3092,-11.2135,60.0,0.1304400650430495,0.015546471971657594
002128.SZ,煤炭开采,2024-04-15,value_quality_sector_stopfall,1.6733152036813737,10.3101,1.4713,4445040.2366,239531.74960000004,13.3508,19.8451,33.4004,-0.6941,10.0635,60.0,0.1304400650430495,0.015546471971657594
601326.SH,港口,2024-04-15,value_quality_sector_stopfall,1.6652266232183406,12.2608,1.019,1877370.432,82101.5515,8.5673,22.1757,30.8783,1.9577,17.0269,60.0,0.06582223927985509,0.014242383938485537
601000.SH,港口,2024-04-15,value_quality_sector_stopfall,1.635767289885007,14.0378,1.3527,2702223.448,184167.8836,9.8339,34.8619,10.0952,3.9972,13.9252,60.0,0.06582223927985509,0.014242383938485537
600461.SH,水务,2024-04-15,value_quality_sector_stopfall,1.351071026506464,11.8022,1.5498,1278033.6639,94162.75555,14.3946,15.4017,60.8622,3.4288,12.5925,55.0,0.03891811196105133,0.009792247878745775
688425.SH,工程机械,2024-04-15,value_quality_sector_stopfall,1.2403405268239893,13.7564,1.3259,2192067.267,90006.20685,9.9533,15.895,34.9286,-0.7334,-13.5922,60.0,0.1040589604765998,0.009342899680722772
600428.SH,水运,2024-04-15,value_quality_sector_stopfall,1.110831460883285,13.0906,1.2074,1393176.3504,234440.02180000005,9.5775,8.9839,57.9661,-1.6429,29.575,60.0,0.09666241168571643,0.009245715864235171
600531.SH,铅锌,2024-04-15,value_quality_sector_stopfall,0.8708807570847977,13.2809,1.6007,771891.7849,486587.97199999995,12.6644,1.8045,67.4269,18.5631,36.7861,49.0,0.14433686307643834,0.045211227341692695
000543.SZ,火力发电,2024-04-15,value_quality_sector_stopfall,0.8380852983000258,15.5972,1.4395,2022042.0913,269202.7855,9.7937,8.4753,65.9347,4.5714,161.0417,52.0,0.09477734748078559,0.028716617485906815
600968.SH,石油开采,2024-04-15,value_quality_sector_stopfall,0.7813881222741623,14.3477,1.6432,3903400.0124,133035.08565,9.311,7.0276,42.3415,0.7417,16.5312,51.0,0.10945158200250527,0.021756540271657077
600362.SH,铜,2024-04-15,value_quality_sector_stopfall,0.7734333165854597,14.0902,1.3595,9165844.735,1233689.60615,9.231,1.3366,54.3573,8.7416,8.5277,60.0,0.15830807464278385,0.047011908609342345
600282.SH,普钢,2024-04-15,value_quality_sector_stopfall,0.7354441431422545,14.7071,1.1776,3125701.1426,163597.7175,8.0788,3.0942,61.2808,2.6545,-1.6735,55.0,0.06119765202392391,0.013494491118330565
601139.SH,供气供热,2024-04-15,value_quality_sector_stopfall,0.6663132632255204,15.4169,1.5686,2246729.8421,111208.5142,10.3981,5.3097,60.9848,2.8843,17.8048,50.0,0.053186794411254734,0.02021246881426575
600368.SH,路桥,2024-04-16,value_quality_sector_stopfall,2.4028265615681517,7.9839,0.8367,527471.1872,87954.4162,11.0048,40.2909,34.2123,7.787,13.5559,60.0,0.03832961394578338,0.014364947622368174
600971.SH,煤炭开采,2024-04-16,value_quality_sector_stopfall,2.261913268306996,8.1221,1.3122,1653606.7302,216712.1375,16.68,26.0886,40.3393,-7.2353,-19.4312,60.0,0.12219398924287406,0.01917261239745538
601298.SH,港口,2024-04-16,value_quality_sector_stopfall,1.9519589716422383,10.8508,1.3264,5342175.3,109222.09495000001,12.6764,30.3617,26.0718,-5.6567,8.7248,60.0,0.038441750417409715,0.014114554558162018
001965.SZ,路桥,2024-04-16,value_quality_sector_stopfall,1.8244105615681516,12.0448,1.2845,8150303.1858,303074.98990000004,10.7759,74.1534,47.8429,17.2864,39.1885,60.0,0.03832961394578338,0.014364947622368174
601326.SH,港口,2024-04-16,value_quality_sector_stopfall,1.6733849716422384,11.9688,0.9947,1832671.136,85873.04335,8.5673,22.1757,30.8783,1.9577,17.0269,60.0,0.038441750417409715,0.014114554558162018
600985.SH,煤炭开采,2024-04-16,value_quality_sector_stopfall,1.6581219349736627,8.5672,1.3302,5332652.2438,597377.30955,17.6108,8.1081,52.2436,6.3092,-11.2135,60.0,0.12219398924287406,0.01917261239745538
002128.SZ,煤炭开采,2024-04-16,value_quality_sector_stopfall,1.6375352683069961,10.5025,1.4988,4527978.4559,263562.05085,13.3508,19.8451,33.4004,-0.6941,10.0635,60.0,0.12219398924287406,0.01917261239745538
601000.SH,港口,2024-04-16,value_quality_sector_stopfall,1.620345638308905,13.9455,1.3438,2684445.6621,191040.64464999997,9.8339,34.8619,10.0952,3.9972,13.9252,60.0,0.038441750417409715,0.014114554558162018
600428.SH,水运,2024-04-16,value_quality_sector_stopfall,1.1086513424707762,12.6872,1.1702,1350243.335,252470.25100000002,9.5775,8.9839,57.9661,-1.6429,29.575,60.0,0.04449404367902554,0.007540632125083935
600968.SH,石油开采,2024-04-16,value_quality_sector_stopfall,0.9494749414898778,13.9224,1.7418,4289673.972,164305.8082,13.1237,6.4255,43.6494,3.1882,27.5181,50.0,0.11536292494001166,0.023140683216532842
600531.SH,铅锌,2024-04-16,value_quality_sector_stopfall,0.8718950035743622,12.1554,1.4651,706477.2268,495391.59854999994,12.6644,1.8045,67.4269,18.5631,36.7861,49.0,0.05439125742426287,0.03787107948343271
600362.SH,铜,2024-04-16,value_quality_sector_stopfall,0.789274865139404,13.4408,1.2968,8743391.7476,1214069.6431,9.231,1.3366,54.3573,8.7416,8.5277,60.0,0.09538944191851617,0.04067875655422104
600368.SH,路桥,2024-04-17,value_quality_sector_stopfall,2.4112759316824475,8.1713,0.8563,539853.1399,90236.86935,11.0048,40.2909,34.2123,7.787,13.5559,60.0,0.07104184232327393,0.01566208935917368
600971.SH,煤炭开采,2024-04-17,value_quality_sector_stopfall,2.247367286062465,8.3343,1.3464,1696806.906,213756.0603,16.68,26.0886,40.3393,-7.2353,-19.4312,60.0,0.14155512198256792,0.022212164079897123
601298.SH,港口,2024-04-17,value_quality_sector_stopfall,1.9396809951934915,11.1804,1.3666,5504452.8,110363.03885000001,12.6764,30.3617,26.0718,-5.6567,8.7248,60.0,0.07405397740242892,0.01499768445772931
001965.SZ,路桥,2024-04-17,value_quality_sector_stopfall,1.816793265015781,12.3472,1.3167,8354913.3077,302235.80425000004,10.7759,74.1534,47.8429,17.2864,39.1885,60.0,0.07104184232327393,0.01566208935917368
000598.SZ,水务,2024-04-17,value_quality_sector_stopfall,1.7556799013004163,11.2216,1.243,2068602.4505,158800.7298,9.6987,26.8106,59.1671,15.1573,8.3753,60.0,0.045962439344670036,0.004856128622412914
601006.SH,铁路,2024-04-17,value_quality_sector_stopfall,1.6836330961873858,11.6576,0.917,13403022.6829,646460.24885,8.4238,20.5027,27.8312,3.461,2.7843,60.0,0.04744649999999995,0.004317929520719188
600985.SH,煤炭开采,2024-04-17,value_quality_sector_stopfall,1.6760626193957984,8.5931,1.3343,5348811.7961,592650.5991999999,17.6108,8.1081,52.2436,6.3092,-11.2135,60.0,0.14155512198256792,0.022212164079897123
601326.SH,港口,2024-04-17,value_quality_sector_stopfall,1.6564203285268249,12.4067,1.0311,1899720.08,88884.22275,8.5673,22.1757,30.8783,1.9577,17.0269,60.0,0.07405397740242892,0.01499768445772931
002128.SZ,煤炭开采,2024-04-17,value_quality_sector_stopfall,1.6539359527291315,10.5805,1.5099,4561602.0583,267537.2858,13.3508,19.8451,33.4004,-0.6941,10.0635,59.0,0.14155512198256792,0.022212164079897123
601000.SH,港口,2024-04-17,value_quality_sector_stopfall,1.6205743285268248,14.2225,1.3705,2737779.0197,196587.44439999998,9.8339,34.8619,10.0952,3.9972,13.9252,60.0,0.07405397740242892,0.01499768445772931
600461.SH,水务,2024-04-17,value_quality_sector_stopfall,1.3433592346337497,11.9495,1.5691,1293978.4217,98541.7138,14.3946,15.4017,60.8622,3.4288,12.5925,53.0,0.045962439344670036,0.004856128622412914
688425.SH,工程机械,2024-04-17,value_quality_sector_stopfall,1.2157073851710551,13.8234,1.3323,2202734.261,99859.36775,9.9533,15.895,34.9286,-0.7334,-13.5922,60.0,0.08845440285303341,0.009047648984688239
600428.SH,水运,2024-04-17,value_quality_sector_stopfall,1.093972708779005,13.1713,1.2148,1401762.9535,265617.52685,9.5775,8.9839,57.9661,-1.6429,29.575,60.0,0.0915054149674639,0.0078572938115411
002588.SZ,农药化肥,2024-04-17,value_quality_sector_stopfall,1.005128233388527,12.8243,1.2717,761229.672,98752.81925,10.1587,7.7443,43.1034,10.4872,35.7668,60.0,0.0399991428571429,0.003391090531384089
600968.SH,石油开采,2024-04-17,value_quality_sector_stopfall,0.9740388638210158,13.8564,1.7336,4269343.7636,199709.913,13.1237,6.4255,43.6494,3.1882,27.5181,49.0,0.13354705849295034,0.02512047199473222
600987.SH,纺织,2024-04-17,value_quality_sector_stopfall,0.9284146971360937,13.2354,1.4683,906856.6753,105178.26885,11.4362,8.017,23.4627,0.9964,4.1282,59.0,0.063408695652174,0.0015513348172531138
600531.SH,铅锌,2024-04-17,value_quality_sector_stopfall,0.8544660245734086,12.6806,1.5284,737004.0206,498533.51515000005,12.6644,1.8045,67.4269,18.5631,36.7861,48.0,0.10148813513463528,0.031625222772106554
000543.SZ,火力发电,2024-04-17,value_quality_sector_stopfall,0.7927598067576759,14.2243,1.4682,2033376.4079,267896.21625,10.8098,6.2759,66.3592,8.2634,186.3655,52.0,0.056407825402060796,0.021849981355615
600362.SH,铜,2024-04-17,value_quality_sector_stopfall,0.7676565974545596,13.856,1.3369,9013484.6412,1192605.30705,9.231,1.3366,54.3573,8.7416,8.5277,60.0,0.1332550206309615,0.0356082434902647
600282.SH,普钢,2024-04-17,value_quality_sector_stopfall,0.6790953836715183,15.2293,1.2194,3236672.7808,166503.4805,8.0788,3.0942,61.2808,2.6545,-1.6735,54.0,0.0568183851540891,0.008918331850762629
600368.SH,路桥,2024-04-18,value_quality_sector_stopfall,2.410429326040005,8.0401,0.8425,531185.773,92304.31795,11.0048,40.2909,34.2123,7.787,13.5559,60.0,0.05323577169464966,0.01467488767868863
600971.SH,煤炭开采,2024-04-18,value_quality_sector_stopfall,2.2601625603045985,8.2282,1.3293,1675206.8181,214602.27250000002,16.68,26.0886,40.3393,-7.2353,-19.4312,60.0,0.13589863481349296,0.022190592157772082
601298.SH,港口,2024-04-18,value_quality_sector_stopfall,1.9574954217626852,11.0353,1.3489,5433050.7,111050.39485,12.6764,30.3617,26.0718,-5.6567,8.7248,60.0,0.07048733706728738,0.014905418028731132
001965.SZ,路桥,2024-04-18,value_quality_sector_stopfall,1.8521399927066715,11.9541,1.2748,8088920.1493,311819.6852,10.7759,74.1534,47.8429,17.2864,39.1885,60.0,0.05323577169464966,0.01467488767868863
000598.SZ,水务,2024-04-18,value_quality_sector_stopfall,1.75538554430955,11.1082,1.2304,2047707.4762,163745.18575,9.6987,26.8106,59.1671,15.1573,8.3753,60.0,0.031718915081589305,0.002845295894627231
002128.SZ,煤炭开采,2024-04-18,value_quality_sector_stopfall,1.6812178936379316,10.3361,1.475,4456248.1041,287063.35069999995,13.3508,19.8451,33.4004,-0.6941,10.0635,59.0,0.13589863481349296,0.022190592157772082
601006.SH,铁路,2024-04-18,value_quality_sector_stopfall,1.676861474880077,11.5506,0.9086,13280059.172,665319.3614999999,8.4238,20.5027,27.8312,3.461,2.7843,60.0,0.03050248169274994,0.0017569931873271383
600985.SH,煤炭开采,2024-04-18,value_quality_sector_stopfall,1.654171226971265,8.6883,1.3491,5408063.4877,582166.3483999999,17.6108,8.1081,52.2436,6.3092,-11.2135,60.0,0.13589863481349296,0.022190592157772082
601326.SH,港口,2024-04-18,value_quality_sector_stopfall,1.6393947550960186,12.5162,1.0402,1916482.316,93593.7727,8.5673,22.1757,30.8783,1.9577,17.0269,60.0,0.07048733706728738,0.014905418028731132
601000.SH,港口,2024-04-18,value_quality_sector_stopfall,1.6048220884293518,14.3149,1.3794,2755556.8055,201504.21725,9.8339,34.8619,10.0952,3.9972,13.9252,60.0,0.07048733706728738,0.014905418028731132
600461.SH,水务,2024-04-18,value_quality_sector_stopfall,1.3376782109762166,11.7909,1.5483,1276807.1441,100330.5453,14.3946,15.4017,60.8622,3.4288,12.5925,52.0,0.031718915081589305,0.002845295894627231
688425.SH,工程机械,2024-04-18,value_quality_sector_stopfall,1.2115328904332552,13.7229,1.3226,2186733.77,105086.23975,9.9533,15.895,34.9286,-0.7334,-13.5922,60.0,0.07277822338733375,0.007382667045921387
600428.SH,水运,2024-04-18,value_quality_sector_stopfall,1.1566902859488721,12.9494,1.1944,1378149.795,273985.99825,9.5775,8.9839,57.9661,-1.6429,29.575,60.0,0.12455387948367158,0.009133073131867064
600968.SH,石油开采,2024-04-18,value_quality_sector_stopfall,0.9491882252618844,13.8564,1.7336,4269343.7636,216878.47634999998,13.1237,6.4255,43.6494,3.1882,27.5181,48.0,0.109158226755945,0.024658665172606176
600531.SH,铅锌,2024-04-18,value_quality_sector_stopfall,0.8643988092105577,12.7557,1.5374,741364.9911,504163.40225,12.6644,1.8045,67.4269,18.5631,36.7861,47.0,0.1226604393917683,0.02539236981878923
600362.SH,铜,2024-04-18,value_quality_sector_stopfall,0.7111954915872777,14.5959,1.4083,9494804.0285,1221397.9784,9.231,1.3366,54.3573,8.7416,8.5277,60.0,0.1775087910801747,0.03182003384043641
600282.SH,普钢,2024-04-18,value_quality_sector_stopfall,0.6736519984407527,15.3743,1.231,3267498.2358,168788.9946,8.0788,3.0942,61.2808,2.6545,-1.6735,53.0,0.061580937206786146,0.006445727900633358
600368.SH,路桥,2024-04-19,value_quality_sector_stopfall,2.399903734351568,8.1338,0.8524,537376.7494,93811.96800000001,11.0048,40.2909,34.2123,7.787,13.5559,60.0,0.05710290236972182,0.013128831981846112
600971.SH,煤炭开采,2024-04-19,value_quality_sector_stopfall,2.2276196477436963,8.4168,1.3598,1713606.9744,219821.95679999999,16.68,26.0886,40.3393,-7.2353,-19.4312,60.0,0.1365988351862384,0.02185414589079082
601298.SH,港口,2024-04-19,value_quality_sector_stopfall,1.9371270507880736,11.2331,1.3731,5530417.2,112684.29070000001,12.6764,30.3617,26.0718,-5.6567,8.7248,60.0,0.07963075868130165,0.014713625440105238
001965.SZ,路桥,2024-04-19,value_quality_sector_stopfall,1.8405410676849012,12.0549,1.2856,8157123.5232,311573.22520000004,10.7759,74.1534,47.8429,17.2864,39.1885,60.0,0.05710290236972182,0.013128831981846112
002128.SZ,煤炭开采,2024-04-19,value_quality_sector_stopfall,1.6664083144103625,10.4297,1.4884,4496596.427,296110.01155000005,13.3508,19.8451,33.4004,-0.6941,10.0635,59.0,0.1365988351862384,0.02185414589079082
600985.SH,煤炭开采,2024-04-19,value_quality_sector_stopfall,1.6589949810770295,8.6624,1.345,5391903.9354,575138.59715,17.6108,8.1081,52.2436,6.3092,-11.2135,60.0,0.1365988351862384,0.02185414589079082
000598.SZ,水务,2024-04-19,value_quality_sector_stopfall,1.6530520584977926,11.7074,1.2968,2158152.3401,185611.89715,11.7335,23.366,59.1494,5.9879,13.9666,60.0,0.04865122798617949,0.0012208305116130358
601326.SH,港口,2024-04-19,value_quality_sector_stopfall,1.6349797174547402,12.6257,1.0493,1933244.552,96278.43370000001,8.5673,22.1757,30.8783,1.9577,17.0269,60.0,0.07963075868130165,0.014713625440105238
601000.SH,港口,2024-04-19,value_quality_sector_stopfall,1.5935803841214067,14.4688,1.3943,2785186.4486,206737.22415,9.8339,34.8619,10.0952,3.9972,13.9252,60.0,0.07963075868130165,0.014713625440105238
600461.SH,水务,2024-04-19,value_quality_sector_stopfall,1.3220260584977925,12.2553,1.6093,1327094.4571,103314.36110000001,14.3946,15.4017,60.8622,3.4288,12.5925,51.0,0.04865122798617949,0.0012208305116130358
688425.SH,工程机械,2024-04-19,value_quality_sector_stopfall,1.2050755497767915,13.7564,1.3259,2192067.267,109072.71035,9.9533,15.895,34.9286,-0.7334,-13.5922,60.0,0.0725132982508343,0.005623584859290487
600428.SH,水运,2024-04-19,value_quality_sector_stopfall,1.1666026482088772,13.2722,1.2241,1412496.2073,295994.0036,9.5775,8.9839,57.9661,-1.6429,29.575,60.0,0.17474960701753983,0.010169707858003862
600350.SH,路桥,2024-04-19,value_quality_sector_stopfall,1.0268190676849014,13.3443,1.517,4399921.4429,106733.55975000001,8.1051,15.6601,63.7874,18.6198,8.4741,58.0,0.05710290236972182,0.013128831981846112
600968.SH,石油开采,2024-04-19,value_quality_sector_stopfall,0.9506809421835583,15.242,1.9069,4696278.1399,255228.41565,13.1237,6.4255,43.6494,3.1882,27.5181,47.0,0.1853252313455025,0.026224377504722396
600531.SH,铅锌,2024-04-19,value_quality_sector_stopfall,0.83730422633166,12.887,1.5532,748996.6896,521808.89749999996,12.6644,1.8045,67.4269,18.5631,36.7861,46.0,0.11274408179066087,0.016967477874332504
600362.SH,铜,2024-04-19,value_quality_sector_stopfall,0.7346095285595533,14.4682,1.3959,9411698.5228,1260031.4909,9.231,1.3366,54.3573,8.7416,8.5277,60.0,0.18830469632342273,0.027658165569463877
600282.SH,普钢,2024-04-19,value_quality_sector_stopfall,0.6695012373729917,15.7224,1.2589,3341479.328,174678.30210000003,8.0788,3.0942,61.2808,2.6545,-1.6735,52.0,0.07778888956082497,0.004687014478833351
600368.SH,路桥,2024-04-22,value_quality_sector_stopfall,2.3984796851991024,8.0401,0.8425,531185.773,95044.32015,11.0048,40.2909,34.2123,7.787,13.5559,60.0,0.04467313407602469,0.011287884456411046
600971.SH,煤炭开采,2024-04-22,value_quality_sector_stopfall,2.2525696258603296,7.9806,1.2893,1624806.6129,225587.45470000003,16.68,26.0886,40.3393,-7.2353,-19.4312,60.0,0.08783566010276767,0.019487299090895416
601298.SH,港口,2024-04-22,value_quality_sector_stopfall,1.9460438865209169,11.0353,1.3489,5433050.7,116345.6057,12.6764,30.3617,26.0718,-5.6567,8.7248,60.0,0.060085516019138474,0.013855703835111699
001965.SZ,路桥,2024-04-22,value_quality_sector_stopfall,1.8568570185324356,11.8331,1.2619,8007076.1006,313328.78815000004,10.7759,74.1534,47.8429,17.2864,39.1885,60.0,0.04467313407602469,0.011287884456411046
600985.SH,煤炭开采,2024-04-22,value_quality_sector_stopfall,1.6829582925269966,8.221,1.2765,5117191.5471,589673.7287,17.6108,8.1081,52.2436,6.3092,-11.2135,60.0,0.08783566010276767,0.019487299090895416
002128.SZ,煤炭开采,2024-04-22,value_quality_sector_stopfall,1.6716382925269961,10.0813,1.4387,4346411.0029,308372.8091,13.3508,19.8451,33.4004,-0.6941,10.0635,59.0,0.08783566010276767,0.019487299090895416
000598.SZ,水务,2024-04-22,value_quality_sector_stopfall,1.656393032644858,11.675,1.2932,2152182.3474,197765.2256,11.7335,23.366,59.1494,5.9879,13.9666,60.0,0.04832601502410028,0.00032701762075748597
601326.SH,港口,2024-04-22,value_quality_sector_stopfall,1.6546765531875836,12.2972,1.022,1882957.844,97283.68980000001,8.5673,22.1757,30.8783,1.9577,17.0269,60.0,0.060085516019138474,0.013855703835111699
601000.SH,港口,2024-04-22,value_quality_sector_stopfall,1.6215372198542501,14.0994,1.3587,2714075.3052,211635.87805,9.8339,34.8619,10.0952,3.9972,13.9252,60.0,0.060085516019138474,0.013855703835111699
600461.SH,水务,2024-04-22,value_quality_sector_stopfall,1.3434603659781912,11.9155,1.5647,1290298.8622,104939.95390000001,14.3946,15.4017,60.8622,3.4288,12.5925,50.0,0.04832601502410028,0.00032701762075748597
688425.SH,工程机械,2024-04-22,value_quality_sector_stopfall,1.196232203259804,13.5891,1.3097,2165399.782,111241.18370000001,9.9533,15.895,34.9286,-0.7334,-13.5922,60.0,0.04492815407569917,0.0024120491841048697
600428.SH,水运,2024-04-22,value_quality_sector_stopfall,1.1775591286571148,12.7881,1.1795,1360976.5888,304992.36,9.5775,8.9839,57.9661,-1.6429,29.575,60.0,0.12397399212822413,0.009895136528890625
600350.SH,路桥,2024-04-22,value_quality_sector_stopfall,1.0056950185324358,13.4471,1.5287,4433804.2263,110449.66605,8.1051,15.6601,63.7874,18.6198,8.4741,57.0,0.04467313407602469,0.011287884456411046
600968.SH,石油开采,2024-04-22,value_quality_sector_stopfall,0.9390437950965744,14.1533,1.7707,4360829.7014,292356.96544999996,13.1237,6.4255,43.6494,3.1882,27.5181,46.0,0.11816490129167145,0.02530089380490308
600531.SH,铅锌,2024-04-22,value_quality_sector_stopfall,0.8622260673391672,12.2492,1.4764,711928.44,528093.8546,12.6644,1.8045,67.4269,18.5631,36.7861,46.0,0.08540436433527576,0.01097570300389128
600362.SH,铜,2024-04-22,value_quality_sector_stopfall,0.7505730397271907,13.9944,1.3502,9103515.6057,1289248.8991500002,9.231,1.3366,54.3573,8.7416,8.5277,60.0,0.1456177359908375,0.024255303736353317
600282.SH,普钢,2024-04-22,value_quality_sector_stopfall,0.6772643853035909,15.4324,1.2357,3279828.4179,179174.83714999998,8.0788,3.0942,61.2808,2.6545,-1.6735,51.0,0.07078285760784597,0.003989527695744899
600368.SH,路桥,2024-04-23,value_quality_sector_stopfall,2.4057235134086534,7.9464,0.8327,524994.7966,95011.08615,11.0048,40.2909,34.2123,7.787,13.5559,60.0,0.0391785016151629,0.011246345126823654
600971.SH,煤炭开采,2024-04-23,value_quality_sector_stopfall,2.2338303216271695,7.8745,1.2722,1603206.525,230199.21099999998,16.68,26.0886,40.3393,-7.2353,-19.4312,60.0,0.05379440730390761,0.016315914323262293
601298.SH,港口,2024-04-23,value_quality_sector_stopfall,1.9622469756919287,10.8376,1.3247,5335684.2,119641.4396,12.6764,30.3617,26.0718,-5.6567,8.7248,60.0,0.046397669448538625,0.01443330624339012
001965.SZ,路桥,2024-04-23,value_quality_sector_stopfall,1.85827418007532,11.7828,1.2565,7972974.4136,310799.8844,10.7759,74.1534,47.8429,17.2864,39.1885,60.0,0.0391785016151629,0.011246345126823654
600985.SH,煤炭开采,2024-04-23,value_quality_sector_stopfall,1.70537232162717,7.8706,1.2221,4899037.5917,583349.32555,17.6108,8.1081,52.2436,6.3092,-11.2135,60.0,0.05379440730390761,0.016315914323262293
002128.SZ,煤炭开采,2024-04-23,value_quality_sector_stopfall,1.6730989882938365,9.8422,1.4046,4243298.6222,320740.30015,13.3508,19.8451,33.4004,-0.6941,10.0635,59.0,0.05379440730390761,0.016315914323262293
000598.SZ,水务,2024-04-23,value_quality_sector_stopfall,1.6705053311041909,11.594,1.2843,2137257.3658,200739.4889,11.7335,23.366,59.1494,5.9879,13.9666,60.0,0.0486946326591331,0.002737365111724399
601326.SH,港口,2024-04-23,value_quality_sector_stopfall,1.6682929756919287,12.0783,1.0038,1849433.372,95546.37210000001,8.5673,22.1757,30.8783,1.9577,17.0269,60.0,0.046397669448538625,0.01443330624339012
601000.SH,港口,2024-04-23,value_quality_sector_stopfall,1.6407136423585955,13.8531,1.3349,2666667.8763,214125.13909999997,9.8339,34.8619,10.0952,3.9972,13.9252,60.0,0.046397669448538625,0.01443330624339012
600461.SH,水务,2024-04-23,value_quality_sector_stopfall,1.3552993311041908,11.7796,1.5468,1275580.6242,105514.01285000001,14.3946,15.4017,60.8622,3.4288,12.5925,49.0,0.0486946326591331,0.002737365111724399
688425.SH,工程机械,2024-04-23,value_quality_sector_stopfall,1.2458738582464424,13.1874,1.271,2101397.818,115408.48335000002,9.9533,15.895,34.9286,-0.7334,-13.5922,60.0,0.03999111734010907,0.004410740906333421
600428.SH,水运,2024-04-23,value_quality_sector_stopfall,1.1911981966714877,12.4653,1.1497,1326630.1765,311255.3497,9.5775,8.9839,57.9661,-1.6429,29.575,60.0,0.09364313246039702,0.012478397544424036
600350.SH,路桥,2024-04-23,value_quality_sector_stopfall,1.0128855134086534,13.2562,1.507,4370879.0572,112020.02595,8.1051,15.6601,63.7874,18.6198,8.4741,56.0,0.0391785016151629,0.011246345126823654
600968.SH,石油开采,2024-04-23,value_quality_sector_stopfall,0.9526969888989325,13.8234,1.7294,4259178.6594,312633.7774,13.1237,6.4255,43.6494,3.1882,27.5181,45.0,0.10977642820218136,0.025349227363417715
600531.SH,铅锌,2024-04-23,value_quality_sector_stopfall,0.9043574637244506,11.6302,1.4018,675950.4331,533886.8644000001,12.6644,1.8045,67.4269,18.5631,36.7861,46.0,0.03680104230470649,0.010710421419743987
600362.SH,铜,2024-04-23,value_quality_sector_stopfall,0.8150337874529305,13.1214,1.266,8535627.9833,1328800.7454,9.231,1.3366,54.3573,8.7416,8.5277,60.0,0.09469813715989961,0.025302316959697535
603995.SH,特种钢,2024-04-23,value_quality_sector_stopfall,0.6273770864568526,14.2216,1.3532,644256.7038,106880.08335,9.8368,1.5505,50.9297,0.8056,-6.9447,60.0,0.031389897020988045,0.0010718561025313544
600368.SH,路桥,2024-04-24,value_quality_sector_stopfall,2.4003667671712123,8.0776,0.8465,533662.1635,94853.095,11.0048,40.2909,34.2123,7.787,13.5559,60.0,0.05243195329620676,0.010582813875005481
600971.SH,煤炭开采,2024-04-24,value_quality_sector_stopfall,2.2333645869626766,7.8333,1.2655,1594806.4908,228638.6824,16.68,26.0886,40.3393,-7.2353,-19.4312,60.0,0.05011139585038049,0.012319857778963161
601298.SH,港口,2024-04-24,value_quality_sector_stopfall,1.942107950167834,11.009,1.3457,5420068.5,119605.80535,12.6764,30.3617,26.0718,-5.6567,8.7248,60.0,0.052110049453119034,0.014008567381381676
001965.SZ,路桥,2024-04-24,value_quality_sector_stopfall,1.8555441005045457,11.8936,1.2684,8047998.1249,298368.78705,10.7759,74.1534,47.8429,17.2864,39.1885,60.0,0.05243195329620676,0.010582813875005481
600985.SH,煤炭开采,2024-04-24,value_quality_sector_stopfall,1.713906586962677,7.7754,1.2073,4839785.9001,566958.8288,17.6108,8.1081,52.2436,6.3092,-11.2135,60.0,0.05011139585038049,0.012319857778963161
000598.SZ,水务,2024-04-24,value_quality_sector_stopfall,1.6750889374727993,11.6588,1.2914,2149197.3511,202749.28395,11.7335,23.366,59.1494,5.9879,13.9666,60.0,0.060678328400187276,0.004390609072612017
002128.SZ,煤炭开采,2024-04-24,value_quality_sector_stopfall,1.6746999202960102,9.785,1.3964,4218641.3138,321168.8657,13.3508,19.8451,33.4004,-0.6941,10.0635,59.0,0.05011139585038049,0.012319857778963161
601326.SH,港口,2024-04-24,value_quality_sector_stopfall,1.6602139501678341,12.1878,1.0129,1866195.608,94614.13045,8.5673,22.1757,30.8783,1.9577,17.0269,60.0,0.052110049453119034,0.014008567381381676
601000.SH,港口,2024-04-24,value_quality_sector_stopfall,1.6218212835011672,14.0378,1.3527,2702223.448,210780.0721,9.8339,34.8619,10.0952,3.9972,13.9252,60.0,0.052110049453119034,0.014008567381381676
600461.SH,水务,2024-04-24,value_quality_sector_stopfall,1.364409604139466,11.8475,1.5558,1282939.7432,103748.25379999999,14.3946,15.4017,60.8622,3.4288,12.5925,48.0,0.060678328400187276,0.004390609072612017
688425.SH,工程机械,2024-04-24,value_quality_sector_stopfall,1.2854081260729255,13.0201,1.2549,2074730.333,121834.45719999999,9.9533,15.895,34.9286,-0.7334,-13.5922,60.0,0.05745454913571124,0.00459491027054737
600428.SH,水运,2024-04-24,value_quality_sector_stopfall,1.1669524273167902,12.6872,1.1702,1350243.335,314353.98915,9.5775,8.9839,57.9661,-1.6429,29.575,60.0,0.09582180628564974,0.014513954364473669
600350.SH,路桥,2024-04-24,value_quality_sector_stopfall,1.0176421005045455,13.3737,1.5203,4409602.2382,111459.05834999999,8.1051,15.6601,63.7874,18.6198,8.4741,55.0,0.05243195329620676,0.010582813875005481
600531.SH,铅锌,2024-04-24,value_quality_sector_stopfall,0.8564550146069343,12.2304,1.4741,710838.1974,538247.62895,12.6644,1.8045,67.4269,18.5631,36.7861,46.0,0.0776171659556768,0.01020518198459075
600362.SH,铜,2024-04-24,value_quality_sector_stopfall,0.80331961819385,13.4674,1.2994,8760705.3947,1335862.5831,9.231,1.3366,54.3573,8.7416,8.5277,60.0,0.12759365979610648,0.026025958397743576
603995.SH,特种钢,2024-04-24,value_quality_sector_stopfall,0.6302192580266531,14.3188,1.3624,648656.8634,108660.19515,9.8368,1.5505,50.9297,0.8056,-6.9447,60.0,0.04542381307177301,0.0024934449548801307
600368.SH,路桥,2024-04-25,value_quality_sector_stopfall,2.402602143755889,8.1526,0.8543,538614.9446,95017.89885,11.0048,40.2909,34.2123,7.787,13.5559,60.0,0.06472131815173032,0.010728825604158665
600971.SH,煤炭开采,2024-04-25,value_quality_sector_stopfall,2.2601458095862466,7.7684,1.255,1581606.4371,228677.24019999997,16.68,26.0886,40.3393,-7.2353,-19.4312,60.0,0.06708322122215749,0.010802588364089205
601298.SH,港口,2024-04-25,value_quality_sector_stopfall,1.9180663943519112,11.1804,1.3666,5504452.8,120544.54915000002,12.6764,30.3617,26.0718,-5.6567,8.7248,60.0,0.05463262676623515,0.012804434252342789
001965.SZ,路桥,2024-04-25,value_quality_sector_stopfall,1.8735328104225557,11.8533,1.2641,8020716.7753,292897.1019,10.7759,74.1534,47.8429,17.2864,39.1885,60.0,0.06472131815173032,0.010728825604158665
600985.SH,煤炭开采,2024-04-25,value_quality_sector_stopfall,1.7095078095862468,7.8922,1.2254,4912503.8852,557934.6333999999,17.6108,8.1081,52.2436,6.3092,-11.2135,60.0,0.06708322122215749,0.010802588364089205
000598.SZ,水务,2024-04-25,value_quality_sector_stopfall,1.68852190451207,11.6264,1.2878,2143227.3585,203392.0601,11.7335,23.366,59.1494,5.9879,13.9666,60.0,0.06750644513926352,0.006435459372806429
002128.SZ,煤炭开采,2024-04-25,value_quality_sector_stopfall,1.6792478095862466,9.8526,1.406,4247781.7692,319983.69005,13.3508,19.8451,33.4004,-0.6941,10.0635,59.0,0.06708322122215749,0.010802588364089205
601326.SH,港口,2024-04-25,value_quality_sector_stopfall,1.6659657276852446,12.1513,1.0099,1860608.196,93719.45045,8.5673,22.1757,30.8783,1.9577,17.0269,60.0,0.05463262676623515,0.012804434252342789
601000.SH,港口,2024-04-25,value_quality_sector_stopfall,1.6352263943519112,13.9455,1.3438,2684445.6621,212156.14455,9.8339,34.8619,10.0952,3.9972,13.9252,60.0,0.05463262676623515,0.012804434252342789
600461.SH,水务,2024-04-25,value_quality_sector_stopfall,1.3763025711787369,11.8022,1.5498,1278033.6639,101604.3642,14.3946,15.4017,60.8622,3.4288,12.5925,47.0,0.06750644513926352,0.006435459372806429
688425.SH,工程机械,2024-04-25,value_quality_sector_stopfall,1.2843093699266228,12.9531,1.2484,2064063.339,123312.3236,9.9533,15.895,34.9286,-0.7334,-13.5922,60.0,0.047842136219131914,0.004308567040824052
600428.SH,水运,2024-04-25,value_quality_sector_stopfall,1.1713891207933897,12.8486,1.1851,1367416.5411,321678.2008,9.5775,8.9839,57.9661,-1.6429,29.575,60.0,0.11936704454868052,0.01609874291137592
600350.SH,路桥,2024-04-25,value_quality_sector_stopfall,1.011484143755889,13.6526,1.552,4501569.7931,111780.26865000001,8.1051,15.6601,63.7874,18.6198,8.4741,54.0,0.06472131815173032,0.010728825604158665
600531.SH,铅锌,2024-04-25,value_quality_sector_stopfall,0.8713609818480107,12.1741,1.4673,707567.4695,540303.65815,12.6644,1.8045,67.4269,18.5631,36.7861,46.0,0.08503812758643203,0.009403520928245257
600362.SH,铜,2024-04-25,value_quality_sector_stopfall,0.7847924044798911,13.6431,1.3163,8874975.465,1350997.1153000002,9.231,1.3366,54.3573,8.7416,8.5277,60.0,0.1332279231444906,0.024844481335400515
603995.SH,特种钢,2024-04-25,value_quality_sector_stopfall,0.5921544529133188,14.6749,1.3963,664790.782,112129.51060000001,9.8368,1.5505,50.9297,0.8056,-6.9447,60.0,0.05283754058455292,0.0033549123287659466
601298.SH,港口,2024-04-26,value_quality_sector_stopfall,1.9471179261661438,10.8639,1.328,5348666.4,125870.85789999999,12.6764,30.3617,26.0718,-5.6567,8.7248,60.0,0.03803710770106572,0.011618151798411303
001965.SZ,路桥,2024-04-26,value_quality_sector_stopfall,1.8924017136738136,11.5509,1.2318,7816106.6535,309005.25085,10.7759,74.1534,47.8429,17.2864,39.1885,60.0,0.041638641787742126,0.010987071886071398
002128.SZ,煤炭开采,2024-04-26,value_quality_sector_stopfall,1.7863913495371326,9.5274,1.4064,4344169.4294,328357.71725,16.7698,18.7022,29.2713,0.1964,14.3878,59.0,0.05487736867271442,0.01007531419775165
600985.SH,煤炭开采,2024-04-26,value_quality_sector_stopfall,1.723781349537133,7.7321,1.2006,4812853.313,552767.79935,17.6108,8.1081,52.2436,6.3092,-11.2135,60.0,0.05487736867271442,0.01007531419775165
601326.SH,港口,2024-04-26,value_quality_sector_stopfall,1.657117259499477,12.0783,1.0038,1849433.372,95408.46095000001,8.5673,22.1757,30.8783,1.9577,17.0269,60.0,0.03803710770106572,0.011618151798411303
601000.SH,港口,2024-04-26,value_quality_sector_stopfall,1.6537179261661437,13.6684,1.3171,2631112.3046,216400.596,9.8339,34.8619,10.0952,3.9972,13.9252,60.0,0.03803710770106572,0.011618151798411303
688425.SH,工程机械,2024-04-26,value_quality_sector_stopfall,1.2468101582444313,13.1874,1.271,2101397.818,127263.34895000001,9.9533,15.895,34.9286,-0.7334,-13.5922,60.0,0.03920848487433748,0.006129673370093958
600428.SH,水运,2024-04-26,value_quality_sector_stopfall,1.1671081316737675,12.7679,1.1776,1358829.938,326690.55,9.5775,8.9839,57.9661,-1.6429,29.575,60.0,0.10353608571051787,0.01726871262991625
600350.SH,路桥,2024-04-26,value_quality_sector_stopfall,0.9955130470071469,13.5498,1.5403,4467687.0097,113345.74000000002,8.1051,15.6601,63.7874,18.6198,8.4741,53.0,0.041638641787742126,0.010987071886071398
600531.SH,铅锌,2024-04-26,value_quality_sector_stopfall,0.8206879760030416,12.6243,1.5216,733733.2927,548947.7504499999,12.6644,1.8045,67.4269,18.5631,36.7861,45.0,0.08393633154132085,0.011645644461720561
600362.SH,铜,2024-04-26,value_quality_sector_stopfall,0.7478036861510351,14.1488,1.3651,9203934.7585,1388933.74035,9.231,1.3366,54.3573,8.7416,8.5277,60.0,0.16079868386038298,0.026531668957318733
603995.SH,特种钢,2024-04-26,value_quality_sector_stopfall,0.5969139042384766,14.6344,1.3925,662957.3821,116083.57480000002,9.8368,1.5505,50.9297,0.8056,-6.9447,60.0,0.05097493479050175,0.0047436361146415695
600894.SH,运输设备,2024-04-29,value_quality_sector_stopfall,1.2524829920957687,12.6221,1.0383,961420.6286,223484.13125,8.4631,9.7678,34.399,4.5395,48.5886,60.0,0.12080434567268283,0.0012346464230859056
688425.SH,工程机械,2024-04-29,value_quality_sector_stopfall,1.207641768114182,13.6225,1.3129,2170733.279,134475.0809,9.9533,15.895,34.9286,-0.7334,-13.5922,60.0,0.05422904896713643,0.00888071914704569
600428.SH,水运,2024-04-29,value_quality_sector_stopfall,1.1626913415106204,12.7276,1.1739,1354536.6365,331326.1241,9.5775,8.9839,57.9661,-1.6429,29.575,60.0,0.09139924145884071,0.019835433385112955
000543.SZ,火力发电,2024-04-29,value_quality_sector_stopfall,0.8799361495780429,13.4156,1.3848,1917766.378,272541.87875000003,10.8098,6.2759,66.3592,8.2634,186.3655,52.0,0.05519149458053785,0.0007293216641717226
002588.SZ,农药化肥,2024-08-30,value_quality_sector_stopfall,1.1505464343930383,10.0398,1.2628,815539.5218,77523.53865,8.0962,8.7583,39.548,9.0359,27.9771,60.0,0.045932551052600745,9.216673770628958e-06
002588.SZ,农药化肥,2024-09-02,value_quality_sector_stopfall,1.1270985756828946,10.1674,1.2789,825906.5497,79279.97895,8.0962,8.7583,39.548,9.0359,27.9771,60.0,0.04058200837822312,0.0011519006380049657
002588.SZ,农药化肥,2024-09-03,value_quality_sector_stopfall,1.1180333377342926,10.295,1.2949,836273.5775,80831.0426,8.0962,8.7583,39.548,9.0359,27.9771,60.0,0.049575870167565705,0.002266134233393613
002588.SZ,农药化肥,2024-09-04,value_quality_sector_stopfall,1.122363732020745,10.1958,1.2824,828210.3336,78987.5889,8.0962,8.7583,39.548,9.0359,27.9771,60.0,0.037654637494792365,0.0035710945259523896
002588.SZ,农药化肥,2024-09-05,value_quality_sector_stopfall,1.1344050985063057,10.139,1.2753,823602.7657,78314.2731,8.0962,8.7583,39.548,9.0359,27.9771,60.0,0.04110747036015039,0.0036396281461552604
300307.SZ,纺织机械,2024-09-18,value_quality_sector_stopfall,1.4637061412208883,13.5084,1.2624,408869.1217,63732.412549999994,9.1723,23.8926,35.5645,0.997,197.3815,52.0,0.04150853667494636,0.001045604545941714
300307.SZ,纺织机械,2024-09-19,value_quality_sector_stopfall,1.4367152302603998,13.8468,1.294,419110.5448,59820.9348,9.1723,23.8926,35.5645,0.997,197.3815,53.0,0.05715095338726739,0.002038943539799165
300307.SZ,纺织机械,2024-09-20,value_quality_sector_stopfall,1.4292572328929833,13.8728,1.2964,419898.3466,57129.4813,9.1723,23.8926,35.5645,0.997,197.3815,54.0,0.051976199470436635,0.0030890334225468496
300307.SZ,纺织机械,2024-09-23,value_quality_sector_stopfall,1.4196073041040846,13.9249,1.3013,421473.9502,55804.496049999994,9.1723,23.8926,35.5645,0.997,197.3815,55.0,0.04774409921996714,0.004411204884117392
300307.SZ,纺织机械,2024-09-24,value_quality_sector_stopfall,1.4137118243122946,14.3413,1.3402,434078.7786,56651.10280000001,9.1723,23.8926,35.5645,0.997,197.3815,56.0,0.0925194433001324,0.007433714345495446
603299.SH,食品,2024-09-24,value_quality_sector_stopfall,1.376489989515844,9.9594,1.416,811683.686,88195.6715,8.5356,17.202,43.3203,-2.5798,18.9193,60.0,0.06823517732926443,0.0013908121865795486
002532.SZ,铝,2024-09-24,value_quality_sector_stopfall,1.3583613757654112,10.2039,1.3106,3326098.0717,287477.13975000003,8.3804,15.0581,55.0182,-6.8299,103.4501,47.0,0.07445323757930833,0.0007488048527695135
002128.SZ,煤炭开采,2024-09-25,value_quality_sector_stopfall,1.9858158253439695,7.894,1.1935,3884646.8634,229933.86925,9.2825,24.2483,28.7959,6.9459,13.9892,51.0,0.12431752621534709,0.0038549657952891003
300307.SZ,纺织机械,2024-09-25,value_quality_sector_stopfall,1.4113076994844431,14.3934,1.3451,435654.3821,58780.05825,9.1723,23.8926,35.5645,0.997,197.3815,57.0,0.09429560678507776,0.009993426032698816
002532.SZ,铝,2024-09-25,value_quality_sector_stopfall,1.3734279853983893,10.2039,1.3106,3326098.0717,299567.15215,8.3804,15.0581,55.0182,-6.8299,103.4501,48.0,0.08523150778676136,0.005037144278294603
603299.SH,食品,2024-09-25,value_quality_sector_stopfall,1.3466627709789059,10.1993,1.4501,831232.9077,94330.412,8.5356,17.202,43.3203,-2.5798,18.9193,60.0,0.07200911584032044,0.006516321805251968
002588.SZ,农药化肥,2024-09-25,value_quality_sector_stopfall,1.2095006735797447,9.7136,1.2218,789046.0063,72771.4705,8.0962,8.7583,39.548,9.0359,27.9771,60.0,0.05379376552278514,0.002022241390293056
002128.SZ,煤炭开采,2024-09-26,value_quality_sector_stopfall,1.9794931704157206,8.263,1.2493,4066214.3163,226883.82919999998,9.2825,24.2483,28.7959,6.9459,13.9892,52.0,0.17336981340783342,0.010280023674553718
300307.SZ,纺织机械,2024-09-26,value_quality_sector_stopfall,1.3707179620144225,14.9139,1.3937,451410.4176,60296.897399999994,9.1723,23.8926,35.5645,0.997,197.3815,58.0,0.11526585785126642,0.0155334374964895
603299.SH,食品,2024-09-26,value_quality_sector_stopfall,1.3594795358736431,10.5543,1.5005,860165.7559,89334.42815,8.5356,17.202,43.3203,-2.5798,18.9193,59.0,0.13628336112041728,0.011992174753225893
002532.SZ,铝,2024-09-26,value_quality_sector_stopfall,1.3236526747409383,10.8461,1.3931,3535432.9154,313829.34845000005,8.3804,15.0581,55.0182,-6.8299,103.4501,49.0,0.12858288908448312,0.009723785656455153
002588.SZ,农药化肥,2024-09-26,value_quality_sector_stopfall,1.2063860704922518,9.9972,1.2575,812083.8459,71712.03355000001,8.0962,8.7583,39.548,9.0359,27.9771,60.0,0.08989147096076788,0.00551659953148409
002128.SZ,煤炭开采,2024-09-27,value_quality_sector_stopfall,1.975776326228864,8.4862,1.283,4176051.4175,235844.14665,9.2825,24.2483,28.7959,6.9459,13.9892,53.0,0.19972319654419612,0.017556463018000956
603299.SH,食品,2024-09-27,value_quality_sector_stopfall,1.414697760342895,10.6886,1.5196,871113.3201,90013.53929999999,8.5356,17.202,43.3203,-2.5798,18.9193,58.0,0.19230447591910127,0.020142617757127113
300307.SZ,纺织机械,2024-09-27,value_quality_sector_stopfall,1.3433157257379267,15.3043,1.4659,463227.4443,64733.401549999995,9.1723,23.8926,35.5645,0.997,197.3815,57.0,0.13499128350412382,0.02227910890046947
002532.SZ,铝,2024-09-27,value_quality_sector_stopfall,1.3108368718995285,11.2742,1.4481,3674989.4779,328032.5549,8.3804,15.0581,55.0182,-6.8299,103.4501,50.0,0.17422398494080782,0.01647355362538727
002588.SZ,农药化肥,2024-09-27,value_quality_sector_stopfall,1.2248506052095034,10.2099,1.2842,829362.2256,74414.14565,8.0962,8.7583,39.548,9.0359,27.9771,60.0,0.1348877181887742,0.010964887020729286
002128.SZ,煤炭开采,2024-09-30,value_quality_sector_stopfall,1.8961200330025574,9.0237,1.3643,4440557.0896,268138.0622,9.2825,24.2483,28.7959,6.9459,13.9892,54.0,0.28175307038470887,0.027656699669224016
603299.SH,食品,2024-09-30,value_quality_sector_stopfall,1.39752616624765,11.2547,1.6001,917249.4833,104728.95915000001,8.5356,17.202,43.3203,-2.5798,18.9193,57.0,0.31226595836383164,0.033015499580983265
300307.SZ,纺织机械,2024-09-30,value_quality_sector_stopfall,1.3955374577086772,17.6989,1.6952,535705.2077,75659.59705,9.1723,23.8926,35.5645,0.997,197.3815,56.0,0.23891477414343276,0.03222545770867735
002532.SZ,铝,2024-09-30,value_quality_sector_stopfall,1.2486940617145437,12.2161,1.5691,3982013.9152,361886.6643,8.3804,15.0581,55.0182,-6.8299,103.4501,50.0,0.28462585479212565,0.02594806171454378
002588.SZ,农药化肥,2024-09-30,value_quality_sector_stopfall,1.1501283762439638,11.2026,1.4091,909994.6642,88614.65285,8.0962,8.7583,39.548,9.0359,27.9771,60.0,0.24008402757766323,0.02057704291063045
002128.SZ,煤炭开采,2024-10-08,value_quality_sector_stopfall,1.932104247558364,8.8461,1.3374,4353135.7234,305780.43850000005,9.2825,24.2483,28.7959,6.9459,13.9892,55.0,0.2790297113253044,0.03386758089169728
300307.SZ,纺织机械,2024-10-08,value_quality_sector_stopfall,1.4067844627761599,20.8222,1.9944,630241.4208,96970.42305,9.1723,23.8926,35.5645,0.997,197.3815,55.0,0.3294949305679944,0.043472462776160015
603299.SH,食品,2024-10-08,value_quality_sector_stopfall,1.397627596642935,11.4466,1.6274,932888.8607,121393.92155,8.5356,17.202,43.3203,-2.5798,18.9193,56.0,0.37953572680921077,0.04591026330960157
002532.SZ,铝,2024-10-08,value_quality_sector_stopfall,1.2716819242197785,12.0163,1.5434,3916887.5194,418804.5507,8.3804,15.0581,55.0182,-6.8299,103.4501,50.0,0.3526507333226565,0.03561592421977844
920368.BJ,专用机械,2024-10-08,value_quality_sector_stopfall,1.18778780435836,12.191,2.2966,939135.5521,67252.7966,8.1104,12.9815,62.7262,33.787,38.2111,57.0,0.47285925661209127,0.04338847102502674
300815.SZ,环境保护,2024-10-08,value_quality_sector_stopfall,1.1568118048580425,12.064,1.6484,639740.16,51541.763549999996,8.7105,11.1842,44.2477,16.2908,2.8787,59.0,0.3839379227118833,0.03985180485804252
002588.SZ,农药化肥,2024-10-08,value_quality_sector_stopfall,1.081343516910877,11.7273,1.4751,952614.6675,100963.85079999999,8.0962,8.7583,39.548,9.0359,27.9771,60.0,0.3074614687593251,0.030772183577543633
603995.SH,特种钢,2024-10-08,value_quality_sector_stopfall,0.885972407131951,11.6313,1.4883,776205.1543,57667.07184999999,8.105,2.6027,55.0651,17.0855,100.3819,55.0,0.3261699278851391,0.04263574046528418
002128.SZ,煤炭开采,2024-10-09,value_quality_sector_stopfall,2.0016301061142836,8.2995,1.2548,4084146.9042,322309.55335,9.2825,24.2483,28.7959,6.9459,13.9892,56.0,0.17729815478664745,0.034588617994302684
603299.SH,食品,2024-10-09,value_quality_sector_stopfall,1.4453476987615912,10.8421,1.5414,883624.822,130257.79675000001,8.5356,17.202,43.3203,-2.5798,18.9193,55.0,0.24594227952425407,0.053330365428257975
002532.SZ,铝,2024-10-09,value_quality_sector_stopfall,1.4147609478808183,10.9317,1.4041,3563344.2279,454075.9556,8.3804,15.0581,55.0182,-6.8299,103.4501,51.0,0.2590369322544399,0.04245494788081805
300307.SZ,纺织机械,2024-10-09,value_quality_sector_stopfall,1.4046788898159472,17.9331,1.7177,542795.4237,113305.80889999999,9.1723,23.8926,35.5645,0.997,197.3815,54.0,0.19246488519554905,0.04890200462039829
300815.SZ,环境保护,2024-10-09,value_quality_sector_stopfall,1.3018617389535971,10.5758,1.4451,560818.944,59112.92934999999,8.7105,11.1842,44.2477,16.2908,2.8787,59.0,0.26599868521637915,0.04908840562026384
002588.SZ,农药化肥,2024-10-09,value_quality_sector_stopfall,1.1636724479618148,11.1317,1.4002,904235.2043,109324.96935,8.0962,8.7583,39.548,9.0359,27.9771,60.0,0.1874249722492627,0.036036142379218816
920368.BJ,专用机械,2024-10-09,value_quality_sector_stopfall,1.1544572929756383,12.8821,2.4268,992373.47,120613.44759999998,8.1104,12.9815,62.7262,33.787,38.2111,56.0,0.32557446391954104,0.056131292975638125
603995.SH,特种钢,2024-10-09,value_quality_sector_stopfall,1.0616202489494506,10.5081,1.3446,701253.6438,62689.9184,8.105,2.6027,55.0651,17.0855,100.3819,55.0,0.20164867203839276,0.04760358228278383
002128.SZ,煤炭开采,2024-10-10,value_quality_sector_stopfall,1.9668403185619625,8.6548,1.3085,4258989.6367,339641.27115000004,9.2825,24.2483,28.7959,6.9459,13.9892,57.0,0.2310956348968769,0.036583651895296
603299.SH,食品,2024-10-10,value_quality_sector_stopfall,1.440338665478845,10.9765,1.5605,894572.3861,135726.2372,8.5356,17.202,43.3203,-2.5798,18.9193,54.0,0.2560258229394947,0.057281332145511676
300307.SZ,纺织机械,2024-10-10,value_quality_sector_stopfall,1.4148320565075578,17.9852,1.7226,544371.0272,120382.1271,9.1723,23.8926,35.5645,0.997,197.3815,53.0,0.2027254493002142,0.051520056507557976
002532.SZ,铝,2024-10-10,value_quality_sector_stopfall,1.3317754188729707,11.5025,1.4774,3749419.6445,483469.88289999997,8.3804,15.0581,55.0182,-6.8299,103.4501,52.0,0.26232671182262535,0.046389418872970545
300815.SZ,环境保护,2024-10-10,value_quality_sector_stopfall,1.2343022512605961,11.1696,1.5262,592307.712,68248.26324999999,8.7105,11.1842,44.2477,16.2908,2.8787,58.0,0.2921601769777955,0.05771558459392945
002588.SZ,农药化肥,2024-10-10,value_quality_sector_stopfall,1.1864435998516727,11.0891,1.3948,900779.5284,114274.0962,8.0962,8.7583,39.548,9.0359,27.9771,60.0,0.20404527476976608,0.03979226651833945
920368.BJ,专用机械,2024-10-10,value_quality_sector_stopfall,1.1086834027115582,13.7096,2.5827,1056118.8717,156841.48105,8.1104,12.9815,62.7262,33.787,38.2111,55.0,0.3246130145641335,0.06552406937822486
603995.SH,特种钢,2024-10-10,value_quality_sector_stopfall,1.032603815189956,10.7054,1.3698,714415.8603,65589.36104999999,8.105,2.6027,55.0651,17.0855,100.3819,55.0,0.21292350119839476,0.04854048185662241
002128.SZ,煤炭开采,2024-10-11,value_quality_sector_stopfall,1.991582316214818,8.509,1.2865,4187259.2849,351050.65635,9.2825,24.2483,28.7959,6.9459,13.9892,58.0,0.20584876529342422,0.036938982881485005
603299.SH,食品,2024-10-11,value_quality_sector_stopfall,1.4556983700776978,10.7462,1.5278,875805.1333,138180.52834999998,8.5356,17.202,43.3203,-2.5798,18.9193,53.0,0.22034250344513517,0.057287703411031066
300307.SZ,纺织机械,2024-10-11,value_quality_sector_stopfall,1.4044272892823944,16.918,1.6204,512071.1544,126416.84839999999,9.1723,23.8926,35.5645,0.997,197.3815,52.0,0.18869355216459094,0.05242173711780351
002532.SZ,铝,2024-10-11,value_quality_sector_stopfall,1.352820873862577,11.3741,1.4609,3707552.6758,499720.9404999999,8.3804,15.0581,55.0182,-6.8299,103.4501,53.0,0.23067984453677548,0.04787487386257716
300815.SZ,环境保护,2024-10-11,value_quality_sector_stopfall,1.3001681923824466,10.666,1.4574,565602.048,72104.93065,8.7105,11.1842,44.2477,16.2908,2.8787,58.0,0.23456757307320308,0.06160819238244675
920368.BJ,专用机械,2024-10-11,value_quality_sector_stopfall,1.2175426735112138,12.1244,2.2841,933998.56,175959.93635,8.1104,12.9815,62.7262,33.787,38.2111,54.0,0.2517277729733596,0.06870334017788049
002588.SZ,农药化肥,2024-10-11,value_quality_sector_stopfall,1.1969855607287345,10.763,1.3538,874286.0128,118425.6936,8.0962,8.7583,39.548,9.0359,27.9771,60.0,0.16096315878676126,0.040297735275306446
603995.SH,特种钢,2024-10-11,value_quality_sector_stopfall,1.0704167162368212,10.4534,1.3376,697597.4726,67889.19875000001,8.105,2.6027,55.0651,17.0855,100.3819,55.0,0.208858266791778,0.04808671623682104
002128.SZ,煤炭开采,2024-10-14,value_quality_sector_stopfall,1.954766940494372,8.7185,1.3181,4290371.6656,362131.81225,9.2825,24.2483,28.7959,6.9459,13.9892,59.0,0.23734398466590445,0.035156940494372124
603299.SH,食品,2024-10-14,value_quality_sector_stopfall,1.4354324579910454,10.9765,1.5605,894572.3861,140430.3591,8.5356,17.202,43.3203,-2.5798,18.9193,52.0,0.24299418941727446,0.05237512465771199
300307.SZ,纺织机械,2024-10-14,value_quality_sector_stopfall,1.413252128238892,17.5427,1.6803,530978.397,132757.7773,9.1723,23.8926,35.5645,0.997,197.3815,52.0,0.21779544488207225,0.049940128238892045
002532.SZ,铝,2024-10-14,value_quality_sector_stopfall,1.2730819935642397,12.1876,1.5654,3972710.1444,548022.9247,8.3804,15.0581,55.0182,-6.8299,103.4501,53.0,0.2887331459819724,0.048435993564239554
002588.SZ,农药化肥,2024-10-14,value_quality_sector_stopfall,1.2302343375927585,10.6637,1.3413,866222.769,128336.3276,8.0962,8.7583,39.548,9.0359,27.9771,60.0,0.18270849630647668,0.036847841286281824
300815.SZ,环境保护,2024-10-14,value_quality_sector_stopfall,1.223569832678627,11.3951,1.557,604265.472,80593.13395,8.7105,11.1842,44.2477,16.2908,2.8787,57.0,0.30684682163412047,0.06201649934529363
920368.BJ,专用机械,2024-10-14,value_quality_sector_stopfall,1.1651463702670073,12.8882,2.428,992840.4693,194515.481,8.1104,12.9815,62.7262,33.787,38.2111,53.0,0.2990272243637364,0.06722703693367382
603995.SH,特种钢,2024-10-14,value_quality_sector_stopfall,0.9945583948142065,10.93,1.3986,729406.1624,71877.33455,8.105,2.6027,55.0651,17.0855,100.3819,55.0,0.24846239778510348,0.04466839481420637
002128.SZ,煤炭开采,2024-10-15,value_quality_sector_stopfall,1.9898311931258346,8.4908,1.2837,4178292.991,372583.10069999995,9.2825,24.2483,28.7959,6.9459,13.9892,59.0,0.19885242284577775,0.033255436946723504
603299.SH,食品,2024-10-15,value_quality_sector_stopfall,1.4446809225552153,10.727,1.5251,874241.1955,143639.0262,8.5356,17.202,43.3203,-2.5798,18.9193,51.0,0.22143762880401763,0.04499025588854866
300307.SZ,纺织机械,2024-10-15,value_quality_sector_stopfall,1.4090697543683925,18.4016,1.7625,556975.8556,148367.7883,9.1723,23.8926,35.5645,0.997,197.3815,52.0,0.23346846130521248,0.04575775436839269
002532.SZ,铝,2024-10-15,value_quality_sector_stopfall,1.3144708413779669,11.6167,1.4921,3786634.7278,574066.1313,8.3804,15.0581,55.0182,-6.8299,103.4501,54.0,0.26371290744599074,0.046498174711300244
300815.SZ,环境保护,2024-10-15,value_quality_sector_stopfall,1.2441970759793284,11.0117,1.5046,583937.28,85997.87275,8.7105,11.1842,44.2477,16.2908,2.8787,56.0,0.2714708612137946,0.05708374264599492
002588.SZ,农药化肥,2024-10-15,value_quality_sector_stopfall,1.2313446874956635,10.4936,1.3199,852400.0652,138088.95859999998,8.0962,8.7583,39.548,9.0359,27.9771,60.0,0.1642639461086315,0.030796074720365496
920368.BJ,专用机械,2024-10-15,value_quality_sector_stopfall,1.2061863133305664,12.1516,2.2892,936100.0568,210660.09655,8.1104,12.9815,62.7262,33.787,38.2111,52.0,0.28602315245396936,0.05916031333056626
603995.SH,特种钢,2024-10-15,value_quality_sector_stopfall,1.0509599431758838,10.5191,1.346,701984.8781,74167.77505,8.105,2.6027,55.0651,17.0855,100.3819,56.0,0.22143068994826054,0.03860994317588373
002128.SZ,煤炭开采,2024-10-16,value_quality_sector_stopfall,1.9853877863422746,8.55,1.2927,4207433.4464,374847.75574999995,9.2825,24.2483,28.7959,6.9459,13.9892,60.0,0.20244889448199932,0.03761111967560793
603299.SH,食品,2024-10-16,value_quality_sector_stopfall,1.4481542623820545,10.6503,1.5142,867985.4446,145317.45429999998,8.5356,17.202,43.3203,-2.5798,18.9193,50.0,0.21916850954611555,0.043350262382054305
300307.SZ,纺织机械,2024-10-16,value_quality_sector_stopfall,1.4118989784970362,18.0893,1.7326,547522.2343,157559.81745,9.1723,23.8926,35.5645,0.997,197.3815,51.0,0.23133468897540221,0.048586978497036304
002532.SZ,铝,2024-10-16,value_quality_sector_stopfall,1.3028720555110118,11.7452,1.5086,3828501.6965,587638.94775,8.3804,15.0581,55.0182,-6.8299,103.4501,54.0,0.266474625633923,0.048732722177678545
300815.SZ,环境保护,2024-10-16,value_quality_sector_stopfall,1.27256906204972,10.8163,1.4779,573573.888,89336.19769999999,8.7105,11.1842,44.2477,16.2908,2.8787,56.0,0.28082283630478155,0.05769572871638684
002588.SZ,农药化肥,2024-10-16,value_quality_sector_stopfall,1.2523683815913509,10.3801,1.3056,843184.9294,144983.961,8.0962,8.7583,39.548,9.0359,27.9771,60.0,0.16812805498405536,0.030855659940628888
920368.BJ,专用机械,2024-10-16,value_quality_sector_stopfall,1.23234920800831,11.7394,2.2115,904344.1057,221712.19529999996,8.1104,12.9815,62.7262,33.787,38.2111,51.0,0.29204384790692695,0.05784320800831
603995.SH,特种钢,2024-10-16,value_quality_sector_stopfall,1.0581663381512596,10.4753,1.3404,699059.9411,77026.90520000001,8.105,2.6027,55.0651,17.0855,100.3819,57.0,0.2304519327380803,0.03916300481792612
002128.SZ,煤炭开采,2024-10-17,value_quality_sector_stopfall,1.9948764715163216,8.427,1.2741,4146910.9621,380443.31259999995,9.2825,24.2483,28.7959,6.9459,13.9892,60.0,0.1882822428316595,0.03821756201799542
603299.SH,食品,2024-10-17,value_quality_sector_stopfall,1.4647495103372505,10.4775,1.4896,853910.0049,146895.92435,8.5356,17.202,43.3203,-2.5798,18.9193,50.0,0.210191745870572,0.041492177003917385
300307.SZ,纺织机械,2024-10-17,value_quality_sector_stopfall,1.4145889217032648,18.714,1.7924,566429.4769,171136.0041,9.1723,23.8926,35.5645,0.997,197.3815,50.0,0.24826184694474684,0.05127692170326492
002532.SZ,铝,2024-10-17,value_quality_sector_stopfall,1.3279531262708186,11.5596,1.4848,3768027.1862,604807.78925,8.3804,15.0581,55.0182,-6.8299,103.4501,55.0,0.2756863710392923,0.05130712627081846
300815.SZ,环境保护,2024-10-17,value_quality_sector_stopfall,1.2797574368729554,10.7637,1.4707,570783.744,91662.57835,8.7105,11.1842,44.2477,16.2908,2.8787,56.0,0.2733250540031198,0.056577436872955245
002588.SZ,农药化肥,2024-10-17,value_quality_sector_stopfall,1.2436947592114738,10.3376,1.3003,839729.2534,148256.639,8.0962,8.7583,39.548,9.0359,27.9771,60.0,0.15379408077792345,0.03014934510021705
920368.BJ,专用机械,2024-10-17,value_quality_sector_stopfall,1.1756138495496116,12.579,2.3697,969023.506,244639.46199999997,8.1104,12.9815,62.7262,33.787,38.2111,50.0,0.2989332542963399,0.05708118288294495
603995.SH,特种钢,2024-10-17,value_quality_sector_stopfall,1.0713160841830036,10.404,1.3313,694306.9185,78559.07525000001,8.105,2.6027,55.0651,17.0855,100.3819,58.0,0.2574042440535482,0.04149275084967008
002128.SZ,煤炭开采,2024-10-18,value_quality_sector_stopfall,1.9828473552889285,8.5591,1.294,4211916.5933,388529.6988,9.2825,24.2483,28.7959,6.9459,13.9892,60.0,0.1958400574534711,0.040703964502124323
603299.SH,食品,2024-10-18,value_quality_sector_stopfall,1.4548917169444153,10.5447,1.4992,859383.787,150957.5149,8.5356,17.202,43.3203,-2.5798,18.9193,50.0,0.2377615360134182,0.04251438361108195
300307.SZ,纺织机械,2024-10-18,value_quality_sector_stopfall,1.4176316053774576,18.9742,1.8174,574307.4947,186946.15545000002,9.1723,23.8926,35.5645,0.997,197.3815,49.0,0.2554107938153214,0.054319605377457725
002532.SZ,铝,2024-10-18,value_quality_sector_stopfall,1.3213293585534693,11.631,1.4939,3791286.6132,629150.6414000001,8.3804,15.0581,55.0182,-6.8299,103.4501,55.0,0.29821048492666846,0.05551002522013615
002588.SZ,农药化肥,2024-10-18,value_quality_sector_stopfall,1.2509817715927996,10.451,1.3146,848944.3893,155637.7449,8.0962,8.7583,39.548,9.0359,27.9771,60.0,0.1761516019574032,0.032172169635396486
300815.SZ,环境保护,2024-10-18,value_quality_sector_stopfall,1.2418536161157647,11.0869,1.5149,587923.2,96268.2439,8.7105,11.1842,44.2477,16.2908,2.8787,55.0,0.3120553870008882,0.059753616115764796
920368.BJ,专用机械,2024-10-18,value_quality_sector_stopfall,1.0503252337491933,14.5371,2.7386,1119864.2734,277587.99110000004,8.1104,12.9815,62.7262,33.787,38.2111,50.0,0.36199385593412425,0.06233256708252655
603995.SH,特种钢,2024-10-18,value_quality_sector_stopfall,1.0426176735053259,10.6287,1.36,709297.2206,81654.60780000001,8.105,2.6027,55.0651,17.0855,100.3819,59.0,0.32256594975058883,0.046907673505325764
002128.SZ,煤炭开采,2024-10-21,value_quality_sector_stopfall,1.9860269966154025,8.5454,1.292,4205191.8729,397608.38535,9.2825,24.2483,28.7959,6.9459,13.9892,60.0,0.1967013185462787,0.040775678069123966
603299.SH,食品,2024-10-21,value_quality_sector_stopfall,1.4735946768793362,10.4392,1.4842,850782.1295,154334.179,8.5356,17.202,43.3203,-2.5798,18.9193,50.0,0.25480856726513545,0.04418401021266938
300307.SZ,纺织机械,2024-10-21,value_quality_sector_stopfall,1.4199434569139802,19.9112,1.9071,602668.3586,208590.25865,9.1723,23.8926,35.5645,0.997,197.3815,48.0,0.261855131272674,0.056631456913980305
002588.SZ,农药化肥,2024-10-21,value_quality_sector_stopfall,1.3814220737542684,10.4863,1.239,823602.7657,173653.30534999998,10.4067,8.1504,41.2411,3.6426,14.6079,60.0,0.18465433793126818,0.03390640248966692
002532.SZ,铝,2024-10-21,value_quality_sector_stopfall,1.3019885543648897,11.8879,1.5269,3875020.5507,649056.9771,8.3804,15.0581,55.0182,-6.8299,103.4501,55.0,0.31227261435202847,0.057362554364889684
300815.SZ,环境保护,2024-10-21,value_quality_sector_stopfall,1.249410231491234,10.9967,1.5026,583140.096,101387.10835,8.7105,11.1842,44.2477,16.2908,2.8787,54.0,0.33976276187916854,0.06129689815790074
603995.SH,特种钢,2024-10-21,value_quality_sector_stopfall,1.0621505585836148,10.5191,1.346,701984.8781,84752.5398,8.105,2.6027,55.0651,17.0855,100.3819,60.0,0.2776640422169865,0.04980055858361476
920368.BJ,专用机械,2024-10-21,value_quality_sector_stopfall,1.0251091305887645,17.1438,3.2297,1320673.9638,324280.13949999993,8.1104,12.9815,62.7262,33.787,38.2111,49.0,0.4147833653193991,0.06797646392209789
002128.SZ,煤炭开采,2024-10-22,value_quality_sector_stopfall,1.9835348870020102,8.4862,1.283,4176051.4175,408092.3272,9.2825,24.2483,28.7959,6.9459,13.9892,60.0,0.18249275496734363,0.042545465367999746
002083.SZ,纺织,2024-10-22,value_quality_sector_stopfall,1.5243946761584044,10.2693,0.9736,387523.1943,74319.9096,8.5474,8.0944,48.3648,0.7262,36.9357,60.0,0.2510643305378335,0.0463720094917377
603299.SH,食品,2024-10-22,value_quality_sector_stopfall,1.4506166851602418,10.679,1.5183,870331.3512,155307.52435000002,8.5356,17.202,43.3203,-2.5798,18.9193,49.0,0.2815898931201659,0.04772601849357505
300307.SZ,纺织机械,2024-10-22,value_quality_sector_stopfall,1.4211815911129972,19.651,1.8822,594790.3409,223622.28999999998,9.1723,23.8926,35.5645,0.997,197.3815,47.0,0.27835230979515013,0.05786959111299739
002588.SZ,农药化肥,2024-10-22,value_quality_sector_stopfall,1.3783015837378683,10.633,1.2564,835121.6855,184012.3543,10.4067,8.1504,41.2411,3.6426,14.6079,60.0,0.20330054335580527,0.03682025040453496
002532.SZ,铝,2024-10-22,value_quality_sector_stopfall,1.2876669359141748,12.159,1.5617,3963406.3736,665270.5282,8.3804,15.0581,55.0182,-6.8299,103.4501,54.0,0.33227269881284505,0.06111426924750818
300815.SZ,环境保护,2024-10-22,value_quality_sector_stopfall,1.2466554927997668,11.0794,1.5139,587524.608,103717.0595,8.7105,11.1842,44.2477,16.2908,2.8787,53.0,0.3427152294166229,0.06405549279976674
920368.BJ,专用机械,2024-10-22,value_quality_sector_stopfall,1.0558802667747385,14.625,2.7551,1126635.763,362262.7552,8.1104,12.9815,62.7262,33.787,38.2111,48.0,0.4166545795642682,0.07374760010807169
603995.SH,特种钢,2024-10-22,value_quality_sector_stopfall,1.0548019042477843,10.5903,1.3551,706737.9007,86502.19865,8.105,2.6027,55.0651,17.0855,100.3819,60.0,0.27026662294535875,0.05326523758111734
002128.SZ,煤炭开采,2024-10-23,value_quality_sector_stopfall,1.9629144410779262,8.5545,1.2978,4209675.0199,416061.69484999997,9.2825,24.2483,28.7959,6.9459,13.9892,60.0,0.17626028775598845,0.04257748665527128
002083.SZ,纺织,2024-10-23,value_quality_sector_stopfall,1.5191880732887333,10.3316,0.9795,389871.8197,78667.0867,8.5474,8.0944,48.3648,0.7262,36.9357,60.0,0.2271003726139511,0.04925207328873338
603299.SH,食品,2024-10-23,value_quality_sector_stopfall,1.454032596763284,10.6886,1.5196,871113.3201,156490.1453,8.5356,17.202,43.3203,-2.5798,18.9193,48.0,0.2553616166671282,0.05178193009661736
300307.SZ,纺织机械,2024-10-23,value_quality_sector_stopfall,1.4218775887300001,19.2605,1.8448,582973.3142,235374.4842,9.1723,23.8926,35.5645,0.997,197.3815,46.0,0.263022306080811,0.058565588730000284
002588.SZ,农药化肥,2024-10-23,value_quality_sector_stopfall,1.3606925061594533,10.7796,1.2737,846640.6053,191750.9398,10.4067,8.1504,41.2411,3.6426,14.6079,60.0,0.21580838113730616,0.040517839492786756
002532.SZ,铝,2024-10-23,value_quality_sector_stopfall,1.2845656989290783,12.2589,1.5746,3995969.5715,682049.1831,8.3804,15.0581,55.0182,-6.8299,103.4501,53.0,0.2922245765126019,0.06467303226241161
300815.SZ,环境保护,2024-10-23,value_quality_sector_stopfall,1.2540223434469446,11.0117,1.5046,583937.28,106810.47915,8.7105,11.1842,44.2477,16.2908,2.8787,52.0,0.32056778856460477,0.06690901011361117
000404.SZ,家用电器,2024-10-23,value_quality_sector_stopfall,1.2499253060272828,10.9275,1.2663,505989.0767,173164.64165,9.6151,5.3829,62.9823,-9.6885,36.6774,60.0,0.26977885853956773,0.05859130602728291
603995.SH,特种钢,2024-10-23,value_quality_sector_stopfall,1.0565103631767043,10.6013,1.3565,707469.1349,87811.95074999999,8.105,2.6027,55.0651,17.0855,100.3819,60.0,0.2539702598237936,0.05664036317670429
920368.BJ,专用机械,2024-10-23,value_quality_sector_stopfall,1.037101187161755,15.0675,2.8385,1160726.7104,387066.02125,8.1104,12.9815,62.7262,33.787,38.2111,47.0,0.42415019280722044,0.0799685204950884
002128.SZ,煤炭开采,2024-10-24,value_quality_sector_stopfall,2.0801276572429863,8.4,1.334,4514529.0149,441383.48185,13.5706,22.9945,28.2547,10.5381,22.7287,60.0,0.17732833209727072,0.042825325145715576
002083.SZ,纺织,2024-10-24,value_quality_sector_stopfall,1.5400817422305537,10.1864,0.9657,384391.6937,80895.06120000001,8.5474,8.0944,48.3648,0.7262,36.9357,60.0,0.22633620919495345,0.05126574223055358
603299.SH,食品,2024-10-24,value_quality_sector_stopfall,1.4529073084850068,10.7462,1.5278,875805.1333,156932.0947,8.5356,17.202,43.3203,-2.5798,18.9193,47.0,0.2572568921904359,0.05449664181834013
300307.SZ,纺织机械,2024-10-24,value_quality_sector_stopfall,1.423446988855463,20.1715,1.9321,610546.3764,256907.671,9.1723,23.8926,35.5645,0.997,197.3815,45.0,0.3004305007423125,0.0601349888554632
002588.SZ,农药化肥,2024-10-24,value_quality_sector_stopfall,1.3815534097368787,10.6623,1.2598,837425.4695,195320.0048,10.4067,8.1504,41.2411,3.6426,14.6079,60.0,0.22819959620576213,0.04429207640354549
300815.SZ,环境保护,2024-10-24,value_quality_sector_stopfall,1.2829252810068292,10.8238,1.479,573972.48,109000.78534999999,8.7105,11.1842,44.2477,16.2908,2.8787,52.0,0.3228407817180561,0.0692852810068294
002532.SZ,铝,2024-10-24,value_quality_sector_stopfall,1.274467452411141,12.4444,1.5984,4056444.0819,686354.7208,8.3804,15.0581,55.0182,-6.8299,103.4501,52.0,0.30416934031913345,0.06694145241114113
000404.SZ,家用电器,2024-10-24,value_quality_sector_stopfall,1.2319290425191787,11.0778,1.2837,512949.0365,177255.1536,9.6151,5.3829,62.9823,-9.6885,36.6774,60.0,0.2814922510648805,0.062215042519178754
002008.SZ,专用机械,2024-10-24,value_quality_sector_stopfall,1.138478277494272,15.8064,1.602,2545254.867,1021218.9874499999,9.2337,14.5157,48.4018,7.8998,124.2135,46.0,0.42080908167988706,0.08527361082760532
603995.SH,特种钢,2024-10-24,value_quality_sector_stopfall,1.0701310282023355,10.5136,1.3453,701619.261,88672.93555000001,8.105,2.6027,55.0651,17.0855,100.3819,60.0,0.237365938025363,0.056947694869001975
920368.BJ,专用机械,2024-10-24,value_quality_sector_stopfall,1.0447729441609388,14.9645,2.8191,1152787.7227,405297.16495,8.1104,12.9815,62.7262,33.787,38.2111,46.0,0.42080908167988706,0.08527361082760532
600368.SH,路桥,2024-10-25,value_quality_sector_stopfall,2.2933374013607226,8.8674,0.891,600400.889,97949.44570000001,8.6855,46.3254,30.6102,3.122,2.985,60.0,0.10729796522573687,0.0237794361349859
002128.SZ,煤炭开采,2024-10-25,value_quality_sector_stopfall,2.055266417746018,8.4626,1.344,4548152.6173,451854.71785,13.5706,22.9945,28.2547,10.5381,22.7287,60.0,0.16410969887501903,0.042022718870999176
000598.SZ,水务,2024-10-25,value_quality_sector_stopfall,1.8532432558699328,11.5184,1.2818,2280108.1268,382351.96174999996,9.4448,26.8684,59.3469,9.1716,9.1358,59.0,0.16620837915323428,0.0360562100500319
603299.SH,食品,2024-10-25,value_quality_sector_stopfall,1.435596892558596,11.0436,1.5701,900046.1682,160522.9087,8.5356,17.202,43.3203,-2.5798,18.9193,46.0,0.275285795523567,0.057012892558595984
002083.SZ,纺织,2024-10-25,value_quality_sector_stopfall,1.4097287931243516,11.2029,1.0621,422752.5756,98234.72385,8.5474,8.0944,48.3648,0.7262,36.9357,60.0,0.2506396085004734,0.05294612645768515
002588.SZ,农药化肥,2024-10-25,value_quality_sector_stopfall,1.3515510293065147,10.897,1.2876,855855.7411,202497.64724999998,10.4067,8.1504,41.2411,3.6426,14.6079,60.0,0.25810950232944796,0.048469695973181626
002532.SZ,铝,2024-10-25,value_quality_sector_stopfall,1.3007094936681811,12.0734,1.5507,3935495.0611,703806.40255,8.3804,15.0581,55.0182,-6.8299,103.4501,51.0,0.31627076435977,0.06845016033484774
300815.SZ,环境保护,2024-10-25,value_quality_sector_stopfall,1.2863946534417303,10.8163,1.4779,573573.888,112563.35045,8.7105,11.1842,44.2477,16.2908,2.8787,52.0,0.3554159184286607,0.07152132010839707
000404.SZ,家用电器,2024-10-25,value_quality_sector_stopfall,1.215481753278644,11.2131,1.2994,519213.0003,184065.5629,9.6151,5.3829,62.9823,-9.6885,36.6774,60.0,0.31618844018042047,0.06525441994531067
002008.SZ,专用机械,2024-10-25,value_quality_sector_stopfall,1.1424223877826523,16.0547,1.6271,2585238.201,1057801.2519,9.2337,14.5157,48.4018,7.8998,124.2135,45.0,0.44826046868001557,0.08921772111598547
920368.BJ,专用机械,2024-10-25,value_quality_sector_stopfall,1.046350387782652,15.5101,2.9219,1194817.6579,446009.13659999997,8.1104,12.9815,62.7262,33.787,38.2111,45.0,0.44826046868001557,0.08921772111598547
603995.SH,特种钢,2024-10-25,value_quality_sector_stopfall,1.0431127830649427,10.678,1.3663,712587.7747,90452.48445,8.105,2.6027,55.0651,17.0855,100.3819,60.0,0.2496957021586319,0.05488944973160925
603967.SH,仓储物流,2024-10-25,value_quality_sector_stopfall,0.8105621252204818,13.4345,1.4892,342506.7095,60724.4554,8.7674,2.6843,40.9603,69.8501,7.9616,48.0,0.26551663194646435,0.05882279188714845
600368.SH,路桥,2024-10-28,value_quality_sector_stopfall,2.2509030279452964,9.0814,0.9125,614887.7738,101864.45825,8.6855,46.3254,30.6102,3.122,2.985,60.0,0.09160382965686753,0.025639198288428755
002128.SZ,煤炭开采,2024-10-28,value_quality_sector_stopfall,1.9694360750411977,8.6669,1.3764,4657989.7185,464222.69340000005,13.5706,22.9945,28.2547,10.5381,22.7287,60.0,0.11390792515901849,0.04161414988217915
000598.SZ,水务,2024-10-28,value_quality_sector_stopfall,1.8269905964925566,11.624,1.2936,2300999.1699,383747.82885,9.4448,26.8684,59.3469,9.1716,9.1358,60.0,0.1520754474553936,0.038843149037163016
000543.SZ,火力发电,2024-10-28,value_quality_sector_stopfall,1.561757124321844,10.1835,1.1278,1738684.1749,506071.2543,10.8158,9.9628,65.7132,11.5242,21.2933,59.0,0.18651596783400848,0.04128248982116878
600323.SH,环境保护,2024-10-28,value_quality_sector_stopfall,1.5493859903119718,11.313,1.4215,1865514.27,263675.62945,10.9758,16.1272,63.132,-2.5764,18.8151,57.0,0.35821073062057285,0.07464732364530535
002532.SZ,铝,2024-10-28,value_quality_sector_stopfall,1.5155095581878797,11.0819,1.5328,4047140.3111,724830.5213499999,12.2114,14.8372,54.9293,-6.9278,88.3624,50.0,0.3180160437086055,0.07127355818787984
002083.SZ,纺织,2024-10-28,value_quality_sector_stopfall,1.4416363334102305,10.9747,1.0405,414140.9491,118405.0501,8.5474,8.0944,48.3648,0.7262,36.9357,60.0,0.24858125714884616,0.05524033341023049
603299.SH,食品,2024-10-28,value_quality_sector_stopfall,1.4399773852677182,11.034,1.5687,899264.1994,164320.3272,8.5356,17.202,43.3203,-2.5798,18.9193,45.0,0.27297023332037007,0.06075338526771823
600970.SH,建筑工程,2024-10-28,value_quality_sector_stopfall,1.4223352896306127,9.1153,1.3382,2710714.334,267767.968,10.4689,6.8506,61.0388,0.7027,2.8968,57.0,0.3503394193016931,0.07504595629727939
002588.SZ,农药化肥,2024-10-28,value_quality_sector_stopfall,1.324936500909229,11.117,1.3135,873134.1208,211160.2024,10.4067,8.1504,41.2411,3.6426,14.6079,60.0,0.2483381464750387,0.05378850090922915
300815.SZ,环境保护,2024-10-28,value_quality_sector_stopfall,1.2196673236453053,11.6431,1.5909,617419.008,122264.42825,8.7105,11.1842,44.2477,16.2908,2.8787,51.0,0.35821073062057285,0.07464732364530535
000404.SZ,家用电器,2024-10-28,value_quality_sector_stopfall,1.166641586328472,11.5738,1.3412,535916.9038,191731.5753,9.6151,5.3829,62.9823,-9.6885,36.6774,60.0,0.3154276070111921,0.06832758632847202
600332.SH,中成药,2024-10-28,value_quality_sector_stopfall,1.0274951709032885,13.5348,1.3026,4633504.2047,433114.49025,8.8808,5.5697,51.9868,1.5046,-16.6772,60.0,0.24361803075895483,0.05732650423662178
603995.SH,特种钢,2024-10-28,value_quality_sector_stopfall,1.001994110168641,10.9574,1.4021,731234.248,95247.19009999999,8.105,2.6027,55.0651,17.0855,100.3819,60.0,0.22456939217142358,0.056264110168640746
002429.SZ,家用电器,2024-10-28,value_quality_sector_stopfall,0.9836729196618055,14.1763,1.525,2394751.5811,533358.8258499999,8.9998,9.0132,46.7324,27.3922,7.9283,46.0,0.3154276070111921,0.06832758632847202
603967.SH,仓储物流,2024-10-28,value_quality_sector_stopfall,0.7963910723514067,13.5705,1.5043,345973.3766,63178.81305,8.7674,2.6843,40.9603,69.8501,7.9616,47.0,0.2632015488604931,0.06091840568474005
600368.SH,路桥,2024-10-29,value_quality_sector_stopfall,2.236354938148623,8.8912,0.8934,602010.5429,103344.10205,8.6855,46.3254,30.6102,3.122,2.985,60.0,0.05327708024314304,0.024004524572146968
002128.SZ,煤炭开采,2024-10-29,value_quality_sector_stopfall,1.9599443228711537,8.45,1.342,4541427.8968,461047.7931,13.5706,22.9945,28.2547,10.5381,22.7287,60.0,0.072489824360916,0.03614716517690453
601101.SH,煤炭开采,2024-10-29,value_quality_sector_stopfall,1.8727669895378203,10.908,1.0394,1252798.1956,226704.52705,9.642,23.9575,48.7629,11.8206,10.7388,60.0,0.072489824360916,0.03614716517690453
000598.SZ,水务,2024-10-29,value_quality_sector_stopfall,1.83228134258525,11.247,1.2516,2226388.3019,382692.39099999995,9.4448,26.8684,59.3469,9.1716,9.1358,60.0,0.10583481788358329,0.03724119136833326
600323.SH,环境保护,2024-10-29,value_quality_sector_stopfall,1.5744723607277973,11.1448,1.4004,1837792.4671,260618.26339999997,10.9758,16.1272,63.132,-2.5764,18.8151,57.0,0.31379269113664754,0.07445369406113089
002532.SZ,铝,2024-10-29,value_quality_sector_stopfall,1.5332863025011498,10.8271,1.4976,3954102.6028,719508.34965,12.2114,14.8372,54.9293,-6.9278,88.3624,50.0,0.29394042348213034,0.07046363583448323
000543.SZ,火力发电,2024-10-29,value_quality_sector_stopfall,1.5006345802848788,10.3694,1.1484,1770420.2615,513271.4699,10.8158,9.9628,65.7132,11.5242,21.2933,59.0,0.15182989289517823,0.040972687389700724
002083.SZ,纺织,2024-10-29,value_quality_sector_stopfall,1.4572049947403567,10.8502,1.0287,409443.6982,135317.27649999998,8.5474,8.0944,48.3648,0.7262,36.9357,60.0,0.2161954255357199,0.05464232807369007
600970.SH,建筑工程,2024-10-29,value_quality_sector_stopfall,1.4368144296450096,9.0265,1.3252,2684294.1163,271521.3827,10.4689,6.8506,61.0388,0.7027,2.8968,57.0,0.319784772593358,0.07493842964500952
300815.SZ,环境保护,2024-10-29,value_quality_sector_stopfall,1.4194143607277976,11.1261,1.5381,620209.152,132763.2575,12.9551,11.0549,46.7946,16.7014,7.8978,50.0,0.31379269113664754,0.07445369406113089
002588.SZ,农药化肥,2024-10-29,value_quality_sector_stopfall,1.374839339220731,10.7796,1.2737,846640.6053,216116.15475,10.4067,8.1504,41.2411,3.6426,14.6079,60.0,0.21498831074277702,0.054664672554064486
002078.SZ,造纸,2024-10-29,value_quality_sector_stopfall,1.2505477589966199,11.0131,1.3559,3753111.6988,428708.18614999996,9.1521,7.9681,46.3695,6.0697,15.0795,58.0,0.202882910488426,0.05700042566328656
000404.SZ,家用电器,2024-10-29,value_quality_sector_stopfall,1.1575818524269885,11.634,1.3482,538700.8877,198084.70364999998,9.6151,5.3829,62.9823,-9.6885,36.6774,60.0,0.2929193359147231,0.06794785242698853
600866.SH,饲料,2024-10-29,value_quality_sector_stopfall,1.0431469948253629,12.3396,1.4007,1068326.8921,434914.9199,8.9173,5.3302,45.7321,0.4788,38.3774,58.0,0.27663396590708644,0.06522166149202979
600332.SH,中成药,2024-10-29,value_quality_sector_stopfall,1.0369220488502608,13.4018,1.2898,4587982.0581,429944.02400000003,8.8808,5.5697,51.9868,1.5046,-16.6772,60.0,0.19411305066678342,0.055240331516810626
603995.SH,特种钢,2024-10-29,value_quality_sector_stopfall,1.0246630580403944,10.6835,1.367,712953.3918,97457.23535,8.105,2.6027,55.0651,17.0855,100.3819,60.0,0.183856084476838,0.05341697356355635
002429.SZ,家用电器,2024-10-29,value_quality_sector_stopfall,1.0036931857603217,13.9083,1.4962,2349482.175,561903.12845,8.9998,9.0132,46.7324,27.3922,7.9283,46.0,0.2929193359147231,0.06794785242698853
600469.SH,汽车配件,2024-10-29,value_quality_sector_stopfall,0.909339994960263,14.0112,1.4203,480708.124,132831.39615,8.3216,5.6517,54.7389,14.783,-2.0483,52.0,0.29066057677296997,0.06903266162692967
603967.SH,仓储物流,2024-10-29,value_quality_sector_stopfall,0.8289263511768115,13.3122,1.4757,339386.7091,64551.309199999996,8.7674,2.6843,40.9603,69.8501,7.9616,47.0,0.23666773243122496,0.06003368451014479
000630.SZ,铜,2024-10-29,value_quality_sector_stopfall,0.6948809998548279,15.2004,1.298,4336800.0159,1014982.2046,8.3434,3.3475,51.355,3.6193,5.9743,57.0,0.08117210937243402,0.03372289048239385
600368.SH,路桥,2024-10-30,value_quality_sector_stopfall,2.223934643355502,8.915,0.8958,603620.1968,102887.38810000001,8.6855,46.3254,30.6102,3.122,2.985,60.0,0.046449204340925254,0.0215987723479103
000598.SZ,水务,2024-10-30,value_quality_sector_stopfall,1.8311893199907971,11.0812,1.2332,2193559.5199,377415.53055,9.4448,26.8684,59.3469,9.1716,9.1358,60.0,0.0847429585893722,0.03392102806809172
600323.SH,环境保护,2024-10-30,value_quality_sector_stopfall,1.5969333488117012,10.9866,1.3805,1811701.3584,259019.5832,10.9758,16.1272,63.132,-2.5764,18.8151,57.0,0.2844811656213573,0.07310134881170138
002532.SZ,铝,2024-10-30,value_quality_sector_stopfall,1.5453644823668746,10.7379,1.4852,3921539.4048,713258.3096,12.2114,14.8372,54.9293,-6.9278,88.3624,50.0,0.2334158276401932,0.06832848236687483
601065.SH,化工原料,2024-10-30,value_quality_sector_stopfall,1.5185533926566264,11.8387,1.3815,588140.1123,93747.8067,8.5243,18.4817,23.0978,-9.0154,0.4917,59.0,0.25893908498681695,0.07177139265662635
000543.SZ,火力发电,2024-10-30,value_quality_sector_stopfall,1.5050011558013938,10.1304,1.1219,1729616.7216,488585.04565000004,10.8158,9.9628,65.7132,11.5242,21.2933,60.0,0.12345863439777838,0.040110521403615484
002083.SZ,纺织,2024-10-30,value_quality_sector_stopfall,1.4597800660119642,10.6428,1.009,401614.9468,143639.38545,8.5474,8.0944,48.3648,0.7262,36.9357,60.0,0.17746060717142198,0.05279679217387545
300815.SZ,环境保护,2024-10-30,value_quality_sector_stopfall,1.4483486821450346,10.7758,1.4896,600678.144,137357.50385,12.9551,11.0549,46.7946,16.7014,7.8978,50.0,0.2844811656213573,0.07310134881170138
600970.SH,建筑工程,2024-10-30,value_quality_sector_stopfall,1.423083319876378,9.1064,1.3369,2708072.3122,272473.8863,10.4689,6.8506,61.0388,0.7027,2.8968,57.0,0.2957707895674302,0.07433398654304457
600428.SH,水运,2024-10-30,value_quality_sector_stopfall,1.393495363588541,11.8659,1.3223,1603548.1259,340107.0984,10.1599,11.3533,60.27,32.999,31.3786,60.0,0.3421950973245427,0.08124936358854096
002588.SZ,农药化肥,2024-10-30,value_quality_sector_stopfall,1.3714516902770177,10.6476,1.2581,836273.5775,218842.50669999997,10.4067,8.1504,41.2411,3.6426,14.6079,60.0,0.1778777485666776,0.0541992750436735
000612.SZ,铝,2024-10-30,value_quality_sector_stopfall,1.339669815700208,11.0265,1.3706,846461.5697,523518.04650000005,8.8162,11.0258,21.6435,2.7117,49.4133,59.0,0.2334158276401932,0.06832848236687483
601216.SH,化工原料,2024-10-30,value_quality_sector_stopfall,1.2865313926566264,12.6869,1.337,3535529.2864,353980.11010000005,8.392,12.4862,37.2334,30.0203,2.9229,59.0,0.25893908498681695,0.07177139265662635
002078.SZ,造纸,2024-10-30,value_quality_sector_stopfall,1.226861947407844,10.8819,1.3397,3708398.5289,425509.87245,9.1521,7.9681,46.3695,6.0697,15.0795,58.0,0.1595052568584523,0.05426269054939148
603995.SH,特种钢,2024-10-30,value_quality_sector_stopfall,1.1958839983955338,9.5979,1.2906,692478.8329,100479.1864,10.9059,2.3857,57.0606,12.1842,85.1165,60.0,0.13034828462922254,0.050036380432977756
000404.SZ,家用电器,2024-10-30,value_quality_sector_stopfall,1.138294740675051,11.7693,1.3639,544964.8516,205832.06245,9.6151,5.3829,62.9823,-9.6885,36.6774,60.0,0.2562373809463778,0.06814740734171765
600866.SH,饲料,2024-10-30,value_quality_sector_stopfall,1.0343862514799618,12.3971,1.4072,1073311.3099,425591.16275,8.9173,5.3302,45.7321,0.4788,38.3774,58.0,0.23126242789160667,0.06462758481329511
600531.SH,铅锌,2024-10-30,value_quality_sector_stopfall,1.0046969945788382,11.7484,1.4583,760989.3585,320213.64029999997,10.992,1.9106,69.7309,13.3564,13.6444,49.0,0.21310594955359097,0.056756994578838205
600332.SH,中成药,2024-10-30,value_quality_sector_stopfall,0.988711895200834,13.4113,1.2907,4591233.64,419236.78745,8.8808,5.5697,51.9868,1.5046,-16.6772,60.0,0.150184259514907,0.052192302352593645
002429.SZ,家用电器,2024-10-30,value_quality_sector_stopfall,0.9602660740083844,14.5247,1.5625,2453601.809,597070.6487,8.9998,9.0132,46.7324,27.3922,7.9283,45.0,0.2562373809463778,0.06814740734171765
600368.SH,路桥,2024-10-31,value_quality_sector_stopfall,2.2187267089487364,8.9387,0.8982,605229.8506,104175.4966,8.6855,46.3254,30.6102,3.122,2.985,60.0,0.04741716985494082,0.018602872427129435
000598.SZ,水务,2024-10-31,value_quality_sector_stopfall,1.8075297281979477,11.1264,1.2382,2202512.8241,371097.54445,9.4448,26.8684,59.3469,9.1716,9.1358,60.0,0.06984533087489209,0.03150573065638884
600323.SH,环境保护,2024-10-31,value_quality_sector_stopfall,1.6092431447240692,10.9026,1.3699,1797840.4569,257251.1133,10.9758,16.1272,63.132,-2.5764,18.8151,57.0,0.2525429624131732,0.0727444780574027
002532.SZ,铝,2024-10-31,value_quality_sector_stopfall,1.559716555099781,10.5469,1.4588,3851761.1236,712912.8151,12.2114,14.8372,54.9293,-6.9278,88.3624,50.0,0.18700531106033846,0.06534191070610929
600897.SH,机场,2024-10-31,value_quality_sector_stopfall,1.5478965380853047,13.2931,1.3776,607472.838,72648.29925,8.676,27.9309,16.8644,13.8602,38.4239,60.0,0.050356216949256405,0.024076987802714944
601065.SH,化工原料,2024-10-31,value_quality_sector_stopfall,1.5163647499691846,11.8387,1.3815,588140.1123,93476.06074999999,8.5243,18.4817,23.0978,-9.0154,0.4917,59.0,0.2074025391649923,0.06958274996918457
000543.SZ,火力发电,2024-10-31,value_quality_sector_stopfall,1.4619775631939027,10.3561,1.1469,1768153.3982,462518.39465000003,10.8158,9.9628,65.7132,11.5242,21.2933,60.0,0.11201323382004458,0.04024566270719143
300815.SZ,环境保护,2024-10-31,value_quality_sector_stopfall,1.4348651447240692,10.8687,1.5025,605859.84,140073.15499999997,12.9551,11.0549,46.7946,16.7014,7.8978,49.0,0.2525429624131732,0.0727444780574027
600428.SH,水运,2024-10-31,value_quality_sector_stopfall,1.4291483576454675,11.6117,1.294,1569201.7136,363351.9924,10.1599,11.3533,60.27,32.999,31.3786,60.0,0.29716890906767257,0.08108902431213427
600970.SH,建筑工程,2024-10-31,value_quality_sector_stopfall,1.411514274838904,9.1775,1.3474,2729208.4863,271984.6466,10.4689,6.8506,61.0388,0.7027,2.8968,57.0,0.264406257711292,0.07450494150557074
002083.SZ,纺织,2024-10-31,value_quality_sector_stopfall,1.3938543388508462,10.7673,1.0208,406312.1977,150743.19025,8.5474,8.0944,48.3648,0.7262,36.9357,60.0,0.1289254642548836,0.05157287459596249
000065.SZ,建筑工程,2024-10-31,value_quality_sector_stopfall,1.3365896081722373,10.47,1.1588,1031347.7541,217684.05655,8.6562,5.5911,58.9856,-3.4755,9.7005,60.0,0.264406257711292,0.07450494150557074
002588.SZ,农药化肥,2024-10-31,value_quality_sector_stopfall,1.3235331490348772,10.6623,1.2598,837425.4695,221842.15395,10.4067,8.1504,41.2411,3.6426,14.6079,60.0,0.13367684474468322,0.05259497095686072
601216.SH,化工原料,2024-10-31,value_quality_sector_stopfall,1.259429416635851,12.8686,1.3562,3586157.3908,356538.1003,8.392,12.4862,37.2334,30.0203,2.9229,59.0,0.2074025391649923,0.06958274996918457
000612.SZ,铝,2024-10-31,value_quality_sector_stopfall,1.2424485550997812,11.5701,1.4381,888188.5485,518360.253,8.8162,11.0258,21.6435,2.7117,49.4133,59.0,0.18700531106033846,0.06534191070610929
002078.SZ,造纸,2024-10-31,value_quality_sector_stopfall,1.2082214024056541,10.6687,1.3135,3635739.6278,419233.61695,9.1521,7.9681,46.3695,6.0697,15.0795,58.0,0.1124301346373513,0.05101726776830273
000338.SZ,汽车配件,2024-10-31,value_quality_sector_stopfall,1.2074415655585515,10.6741,1.4429,11649953.356,1676531.41815,10.1375,6.3857,64.7327,0.9792,29.2326,53.0,0.19708574150543656,0.06553915738644833
000404.SZ,家用电器,2024-10-31,value_quality_sector_stopfall,1.165236782974074,11.5738,1.3412,535916.9038,213143.4006,9.6151,5.3829,62.9823,-9.6885,36.6774,60.0,0.2053106572021164,0.06692278297407395
603995.SH,特种钢,2024-10-31,value_quality_sector_stopfall,1.1651275008263826,9.6029,1.2912,692844.45,100846.21235,10.9059,2.3857,57.0606,12.1842,85.1165,60.0,0.10389312077830648,0.046468380048076074
600866.SH,饲料,2024-10-31,value_quality_sector_stopfall,1.0074047188218627,12.3012,1.3963,1065003.9469,427880.96325000003,8.9173,5.3302,45.7321,0.4788,38.3774,58.0,0.16149761322509382,0.062488438930102363
600368.SH,路桥,2024-11-01,value_quality_sector_stopfall,2.2246491432933717,8.9625,0.9006,606839.5045,105155.33745000002,8.6855,46.3254,30.6102,3.122,2.985,60.0,0.05945338969280045,0.015675753600571607
000598.SZ,水务,2024-11-01,value_quality_sector_stopfall,1.7968504482957892,10.9304,1.2164,2163715.1727,351013.99395,9.4448,26.8684,59.3469,9.1716,9.1358,60.0,0.03687286171564552,0.026198919913476892
600897.SH,机场,2024-11-01,value_quality_sector_stopfall,1.555535291686059,13.1927,1.3672,602886.564,72669.31330000001,8.676,27.9309,16.8644,13.8602,38.4239,60.0,0.04822959572867336,0.020215695957385593
600323.SH,环境保护,2024-11-01,value_quality_sector_stopfall,1.4955414697529545,11.046,1.388,1821485.5242,261159.41705,10.9758,16.1272,63.132,-2.5764,18.8151,57.0,0.11388651551179141,0.0667829542411631
601065.SH,化工原料,2024-11-01,value_quality_sector_stopfall,1.4703819021520481,11.5541,1.3483,573999.0385,95609.5917,8.5243,18.4817,23.0978,-9.0154,0.4917,59.0,0.12046822056989726,0.06202501491548418
000543.SZ,火力发电,2024-11-01,value_quality_sector_stopfall,1.440061813361192,10.2632,1.1366,1752285.3549,433563.69845,10.8158,9.9628,65.7132,11.5242,21.2933,60.0,0.08205670931416642,0.03522643738035902
002532.SZ,铝,2024-11-01,value_quality_sector_stopfall,1.4391360995092712,10.7507,1.487,3926191.2903,716432.0455,12.2114,14.8372,54.9293,-6.9278,88.3624,50.0,0.10541450402746655,0.05873892881513809
300815.SZ,环境保护,2024-11-01,value_quality_sector_stopfall,1.3910968030862878,10.5541,1.459,588321.792,140086.83415,12.9551,11.0549,46.7946,16.7014,7.8978,49.0,0.11388651551179141,0.0667829542411631
600970.SH,建筑工程,2024-11-01,value_quality_sector_stopfall,1.356322261015968,9.2664,1.3604,2755628.704,277177.76465,10.4689,6.8506,61.0388,0.7027,2.8968,57.0,0.16420596661855313,0.06970029439741499
600428.SH,水运,2024-11-01,value_quality_sector_stopfall,1.3402551002473555,12.2153,1.3612,1650774.4429,389043.9131,10.1599,11.3533,60.27,32.999,31.3786,60.0,0.21539377153308892,0.07723576691402201
000065.SZ,建筑工程,2024-11-01,value_quality_sector_stopfall,1.3245575943493013,10.2665,1.1363,1011302.1223,220254.98425000004,8.6562,5.5911,58.9856,-3.4755,9.7005,60.0,0.16420596661855313,0.06970029439741499
002588.SZ,农药化肥,2024-11-01,value_quality_sector_stopfall,1.2869181821824471,10.5596,1.2477,829362.2256,224568.6488,10.4067,8.1504,41.2411,3.6426,14.6079,60.0,0.08866174144834926,0.0460817740674313
002083.SZ,纺织,2024-11-01,value_quality_sector_stopfall,1.2800939363608954,11.4238,1.0132,431088.8333,155392.1256,8.5474,8.0944,48.3648,0.7262,36.9357,60.0,0.06064988111728731,0.04478805524360818
601216.SH,化工原料,2024-11-01,value_quality_sector_stopfall,1.172339902152048,12.8686,1.3562,3586157.3908,365905.015,8.392,12.4862,37.2334,30.0203,2.9229,59.0,0.12046822056989726,0.06202501491548418
000404.SZ,家用电器,2024-11-01,value_quality_sector_stopfall,1.144115384049043,11.0929,1.2855,513645.0325,216305.39845000004,9.6151,5.3829,62.9823,-9.6885,36.6774,60.0,0.11652157187370116,0.06008647884200857
603995.SH,特种钢,2024-11-01,value_quality_sector_stopfall,1.1324862161534388,9.5219,1.2803,686994.576,103191.66025,10.9059,2.3857,57.0606,12.1842,85.1165,60.0,0.06501055879664919,0.04004299069012296
002078.SZ,造纸,2024-11-01,value_quality_sector_stopfall,1.1207267083491206,10.8819,1.3397,3708398.5289,410256.1129,9.1521,7.9681,46.3695,6.0697,15.0795,58.0,0.06506223529073552,0.042570473058384906
000338.SZ,汽车配件,2024-11-01,value_quality_sector_stopfall,1.1164940442279458,10.7621,1.4124,11745945.4811,1652949.7289,10.1375,6.3857,64.7327,0.9792,29.2326,54.0,0.098516572307487,0.05869413858712558
000612.SZ,铝,2024-11-01,value_quality_sector_stopfall,1.0767480995092713,12.1137,1.5057,929915.5273,534835.5104,8.8162,11.0258,21.6435,2.7117,49.4133,58.0,0.10541450402746655,0.05873892881513809
600531.SH,铅锌,2024-11-01,value_quality_sector_stopfall,0.9605535421125336,11.9167,1.4792,771891.7849,338847.08745,10.992,1.9106,69.7309,13.3564,13.6444,49.0,0.18278991112888576,0.05497696431698129
600368.SH,路桥,2024-11-04,value_quality_sector_stopfall,2.2188064948379758,9.0101,0.9053,610058.8122,97471.65280000001,8.6855,46.3254,30.6102,3.122,2.985,60.0,0.06652170955770109,0.009071451946941478
000598.SZ,水务,2024-11-04,value_quality_sector_stopfall,1.7878383545088978,10.9757,1.2214,2172668.4769,322497.97325,9.4448,26.8684,59.3469,9.1716,9.1358,60.0,0.04362432974559938,0.016788691429965086
600897.SH,机场,2024-11-04,value_quality_sector_stopfall,1.55698093470193,13.2749,1.3757,606638.97,65533.469750000004,8.676,27.9309,16.8644,13.8602,38.4239,60.0,0.06836853213167782,0.012669069236918906
600323.SH,环境保护,2024-11-04,value_quality_sector_stopfall,1.493405369473166,11.0558,1.3892,1823116.2185,245769.74625,10.9758,16.1272,63.132,-2.5764,18.8151,57.0,0.12601017157626138,0.05397653123023782
601065.SH,化工原料,2024-11-04,value_quality_sector_stopfall,1.471014093073953,11.6576,1.3604,579141.2472,84301.0788,8.5243,18.4817,23.0978,-9.0154,0.4917,59.0,0.14856977867168863,0.04952231440226451
002532.SZ,铝,2024-11-04,value_quality_sector_stopfall,1.4376528222945393,10.8526,1.5011,3963406.3736,695056.9369,12.2114,14.8372,54.9293,-6.9278,88.3624,49.0,0.13099180590455495,0.04713834972331776
000543.SZ,火力发电,2024-11-04,value_quality_sector_stopfall,1.430907394007552,10.2898,1.1396,1756819.0815,390107.95115,10.8158,9.9628,65.7132,11.5242,21.2933,60.0,0.08661086959232778,0.02529119108189093
600970.SH,建筑工程,2024-11-04,value_quality_sector_stopfall,1.3482524112771717,9.3907,1.3787,2792617.0088,258217.81064999997,10.4689,6.8506,61.0388,0.7027,2.8968,57.0,0.1865486878389353,0.05977439010490304
300815.SZ,环境保护,2024-11-04,value_quality_sector_stopfall,1.3359073694731658,10.9617,1.5153,611041.536,135171.40094999998,12.9551,11.0549,46.7946,16.7014,7.8978,48.0,0.12601017157626138,0.05397653123023782
000065.SZ,建筑工程,2024-11-04,value_quality_sector_stopfall,1.3141210779438384,10.4293,1.1543,1027338.6277,208410.27535,8.6562,5.5911,58.9856,-3.4755,9.7005,60.0,0.1865486878389353,0.05977439010490304
600428.SH,水运,2024-11-04,value_quality_sector_stopfall,1.3096243252918993,12.3742,1.3789,1672240.9506,387572.24960000004,10.1599,11.3533,60.27,32.999,31.3786,60.0,0.2478513179745443,0.06899832529189931
002083.SZ,纺织,2024-11-04,value_quality_sector_stopfall,1.2933386738490598,11.4691,1.0172,432796.1158,153643.31235,8.5474,8.0944,48.3648,0.7262,36.9357,60.0,0.09095444671408504,0.03341489380164142
002588.SZ,农药化肥,2024-11-04,value_quality_sector_stopfall,1.2857787346725373,10.5743,1.2494,830514.1176,214850.32195,10.4067,8.1504,41.2411,3.6426,14.6079,60.0,0.10159955310682722,0.034117848232376735
601216.SH,化工原料,2024-11-04,value_quality_sector_stopfall,1.1672454264072865,13.02,1.3721,3628347.4777,341086.68745,8.392,12.4862,37.2334,30.0203,2.9229,59.0,0.14856977867168863,0.04952231440226451
000338.SZ,汽车配件,2024-11-04,value_quality_sector_stopfall,1.1592985904622877,10.786,1.4155,11772125.1515,1570279.15765,10.1375,6.3857,64.7327,0.9792,29.2326,54.0,0.15515784085857498,0.04851741627037942
000404.SZ,家用电器,2024-11-04,value_quality_sector_stopfall,1.1536649025132748,11.1379,1.2907,515733.0204,209744.4614,9.6151,5.3829,62.9823,-9.6885,36.6774,60.0,0.1443832744391036,0.04824096140750456
603995.SH,特种钢,2024-11-04,value_quality_sector_stopfall,1.140051980032962,9.5624,1.2858,689919.513,99100.75515000001,10.9059,2.3857,57.0606,12.1842,85.1165,60.0,0.08997973134763648,0.02900624868532553
000612.SZ,铝,2024-11-04,value_quality_sector_stopfall,1.1240914889612061,11.8652,1.4748,910840.337,528048.6923,8.8162,11.0258,21.6435,2.7117,49.4133,58.0,0.13099180590455495,0.04713834972331776
002078.SZ,造纸,2024-11-04,value_quality_sector_stopfall,1.1039290343715624,10.9967,1.3539,3747522.5526,385838.45125,9.1521,7.9681,46.3695,6.0697,15.0795,58.0,0.07819886505255935,0.029756169319003156
600866.SH,饲料,2024-11-04,value_quality_sector_stopfall,0.9576332125750955,12.282,1.3941,1063342.4742,420896.39135,8.9173,5.3302,45.7321,0.4788,38.3774,58.0,0.12836989715253022,0.04309798208923188
600368.SH,路桥,2024-11-05,value_quality_sector_stopfall,2.203431451054932,9.1289,0.9173,618107.0815,88466.8058,8.6855,46.3254,30.6102,3.122,2.985,60.0,0.07101650605142606,0.005121611670173332
000598.SZ,水务,2024-11-05,value_quality_sector_stopfall,1.7907286618483,11.0963,1.2348,2196543.9547,291196.8456,9.4448,26.8684,59.3469,9.1716,9.1358,60.0,0.06969302187831472,0.010583639969985237
600897.SH,机场,2024-11-05,value_quality_sector_stopfall,1.5906993647806005,13.357,1.3842,610391.376,59884.81345,8.676,27.9309,16.8644,13.8602,38.4239,60.0,0.11705800349220286,0.008838027955064387
600323.SH,环境保护,2024-11-05,value_quality_sector_stopfall,1.5192330754441157,11.0558,1.3892,1823116.2185,233744.41290000002,10.9758,16.1272,63.132,-2.5764,18.8151,57.0,0.16410099897209096,0.04171340980535798
601065.SH,化工原料,2024-11-05,value_quality_sector_stopfall,1.4720948083905823,11.7999,1.377,586211.784,71157.9361,8.5243,18.4817,23.0978,-9.0154,0.4917,59.0,0.1822377218968676,0.03748841982704798
600461.SH,水务,2024-11-05,value_quality_sector_stopfall,1.4682353285149665,11.0403,1.3811,1233021.803,222378.65385000003,10.8563,18.3138,58.5327,-1.2249,3.8247,45.0,0.06969302187831472,0.010583639969985237
002532.SZ,铝,2024-11-05,value_quality_sector_stopfall,1.4595939176473047,11.0309,1.5258,4028532.7694,646153.5531,12.2114,14.8372,54.9293,-6.9278,88.3624,48.0,0.174644395039238,0.03731352260806675
000543.SZ,火力发电,2024-11-05,value_quality_sector_stopfall,1.4384279552139345,10.303,1.1411,1759085.9449,346778.51800000004,10.8158,9.9628,65.7132,11.5242,21.2933,60.0,0.10388309266993279,0.017419529210668472
300815.SZ,环境保护,2024-11-05,value_quality_sector_stopfall,1.3464817421107822,11.1905,1.547,623796.48,123849.33815,12.9551,11.0549,46.7946,16.7014,7.8978,47.0,0.16410099897209096,0.04171340980535798
600970.SH,建筑工程,2024-11-05,value_quality_sector_stopfall,1.3402154606213366,9.4618,1.3891,2813753.1829,237050.70364999998,10.4689,6.8506,61.0388,0.7027,2.8968,57.0,0.2233333286663881,0.04995946062133649
000065.SZ,建筑工程,2024-11-05,value_quality_sector_stopfall,1.286364127288003,10.6532,1.179,1049388.8226,199953.3398,8.6562,5.5911,58.9856,-3.4755,9.7005,60.0,0.2233333286663881,0.04995946062133649
002588.SZ,农药化肥,2024-11-05,value_quality_sector_stopfall,1.279906662862157,10.7796,1.2737,846640.6053,204102.4166,10.4067,8.1504,41.2411,3.6426,14.6079,60.0,0.13544804848957015,0.02428394770592024
002083.SZ,纺织,2024-11-05,value_quality_sector_stopfall,1.2763087720439088,11.6727,1.0352,440478.8871,151942.8457,8.5474,8.0944,48.3648,0.7262,36.9357,60.0,0.11101344666340074,0.021899325380507983
600428.SH,水运,2024-11-05,value_quality_sector_stopfall,1.2677398553961639,12.6124,1.4055,1704440.7122,380538.91260000004,10.1599,11.3533,60.27,32.999,31.3786,60.0,0.28470957029780286,0.06072718872949712
000404.SZ,家用电器,2024-11-05,value_quality_sector_stopfall,1.1620789687502253,11.2432,1.3029,520604.9923,200009.49165,9.6151,5.3829,62.9823,-9.6885,36.6774,60.0,0.17968282555717918,0.03650880985971283
000338.SZ,汽车配件,2024-11-05,value_quality_sector_stopfall,1.1503431111764204,11.0259,1.447,12033921.8562,1472845.9653999999,10.1375,6.3857,64.7327,0.9792,29.2326,54.0,0.1942578190875257,0.037455292088894865
603995.SH,特种钢,2024-11-05,value_quality_sector_stopfall,1.1414407488909657,9.755,1.3117,703812.9637,91951.80945,10.9059,2.3857,57.0606,12.1842,85.1165,60.0,0.12856479584139668,0.021916619716235708
601216.SH,化工原料,2024-11-05,value_quality_sector_stopfall,1.1100594750572488,13.5953,1.4328,3788669.8081,310243.07185,8.392,12.4862,37.2334,30.0203,2.9229,59.0,0.1822377218968676,0.03748841982704798
002078.SZ,造纸,2024-11-05,value_quality_sector_stopfall,1.106113754811827,11.0459,1.3599,3764289.9913,338939.31305,9.1521,7.9681,46.3695,6.0697,15.0795,58.0,0.09869455264955596,0.018725202162271026
000612.SZ,铝,2024-11-05,value_quality_sector_stopfall,1.0945325843139715,12.564,1.5617,964489.3097,516179.95765000005,8.8162,11.0258,21.6435,2.7117,49.4133,57.0,0.174644395039238,0.03731352260806675
600368.SH,路桥,2024-11-06,value_quality_sector_stopfall,2.1879317143746086,9.0814,0.9125,614887.7738,85316.09495,8.6855,46.3254,30.6102,3.122,2.985,60.0,0.048531052567535315,0.005740661807073444
000598.SZ,水务,2024-11-06,value_quality_sector_stopfall,1.7957287865715554,11.1264,1.2382,2202512.8241,280371.052,9.4448,26.8684,59.3469,9.1716,9.1358,60.0,0.07971706179185545,0.009833058113033255
600897.SH,机场,2024-11-06,value_quality_sector_stopfall,1.5996949516641588,13.211,1.3691,603720.432,57933.6784,8.676,27.9309,16.8644,13.8602,38.4239,60.0,0.10734965238385219,0.007741965946973295
600323.SH,环境保护,2024-11-06,value_quality_sector_stopfall,1.54283658276124,10.952,1.3762,1805993.9284,215929.10074999998,10.9758,16.1272,63.132,-2.5764,18.8151,57.0,0.1782115689483037,0.03561968047960318
601065.SH,化工原料,2024-11-06,value_quality_sector_stopfall,1.4814634182540642,11.7999,1.377,586211.784,66441.6342,8.5243,18.4817,23.0978,-9.0154,0.4917,59.0,0.19691099444792726,0.032183757139470304
600461.SH,水务,2024-11-06,value_quality_sector_stopfall,1.4792621199048888,11.029,1.3796,1231749.3347,210540.72605,10.8563,18.3138,58.5327,-1.2249,3.8247,46.0,0.07971706179185545,0.009833058113033255
000543.SZ,火力发电,2024-11-06,value_quality_sector_stopfall,1.4504783803058745,10.1304,1.1219,1729616.7216,334024.22815,10.8158,9.9628,65.7132,11.5242,21.2933,60.0,0.09532678443033893,0.013719595875535617
002532.SZ,铝,2024-11-06,value_quality_sector_stopfall,1.4336024408025558,11.4385,1.5822,4177393.1027,636523.413,12.2114,14.8372,54.9293,-6.9278,88.3624,47.0,0.180608926038742,0.032530848097147125
300815.SZ,环境保护,2024-11-06,value_quality_sector_stopfall,1.3578385827612403,11.1404,1.54,621006.336,119930.58325,12.9551,11.0549,46.7946,16.7014,7.8978,46.0,0.1782115689483037,0.03561968047960318
600970.SH,建筑工程,2024-11-06,value_quality_sector_stopfall,1.2909652882538358,9.7372,1.4295,2895655.8577,242342.03185,10.4689,6.8506,61.0388,0.7027,2.8968,57.0,0.24516491340453062,0.04600262158716917
600428.SH,水运,2024-11-06,value_quality_sector_stopfall,1.2898050563973218,12.4218,1.3842,1678680.9029,381185.9146,10.1599,11.3533,60.27,32.999,31.3786,60.0,0.21977063795393548,0.055885723063988424
002083.SZ,纺织,2024-11-06,value_quality_sector_stopfall,1.2775336849146024,11.6953,1.0372,441332.5283,156458.10739999998,8.5474,8.0944,48.3648,0.7262,36.9357,60.0,0.11951912408639331,0.017458560828208958
002588.SZ,农药化肥,2024-11-06,value_quality_sector_stopfall,1.2705673589783606,10.9116,1.2893,857007.6331,200887.6053,10.4067,8.1504,41.2411,3.6426,14.6079,60.0,0.14931738419500618,0.020275308116687762
000065.SZ,建筑工程,2024-11-06,value_quality_sector_stopfall,1.1651872882538359,11.4875,1.2714,1131575.9129,216162.1103,8.6562,5.5911,58.9856,-3.4755,9.7005,60.0,0.24516491340453062,0.04600262158716917
000404.SZ,家用电器,2024-11-06,value_quality_sector_stopfall,1.1587619424958682,11.2732,1.3064,521996.9843,195845.553,9.6151,5.3829,62.9823,-9.6885,36.6774,60.0,0.18657890728122917,0.030629035214639
000338.SZ,汽车配件,2024-11-06,value_quality_sector_stopfall,1.1531545489266324,11.0179,1.446,12025195.2993,1418189.2222,10.1375,6.3857,64.7327,0.9792,29.2326,54.0,0.22551879706409084,0.03332454892663228
000612.SZ,铝,2024-11-06,value_quality_sector_stopfall,1.122634440802556,12.1602,1.5115,933492.1255,526584.8172500001,8.8162,11.0258,21.6435,2.7117,49.4133,56.0,0.180608926038742,0.032530848097147125
002078.SZ,造纸,2024-11-06,value_quality_sector_stopfall,1.1209100561734966,11.0049,1.3549,3750317.1257,320319.771,9.1521,7.9681,46.3695,6.0697,15.0795,58.0,0.11209151083668223,0.014057878670147739
603995.SH,特种钢,2024-11-06,value_quality_sector_stopfall,1.0986472578381727,9.9627,1.3396,718803.2658,91769.4923,10.9059,2.3857,57.0606,12.1842,85.1165,60.0,0.12051726013079711,0.01961733104070884
601216.SH,化工原料,2024-11-06,value_quality_sector_stopfall,0.9837880849207308,14.9579,1.5764,4168380.5907,360229.46635,8.392,12.4862,37.2334,30.0203,2.9229,58.0,0.19691099444792726,0.032183757139470304
600368.SH,路桥,2024-11-07,value_quality_sector_stopfall,2.1742473141702616,9.3429,0.9388,632593.9662,87032.63865,8.6855,46.3254,30.6102,3.122,2.985,60.0,0.06839349279977247,0.007160488037155854
000598.SZ,水务,2024-11-07,value_quality_sector_stopfall,1.7980042609731133,11.4129,1.2701,2259217.0838,262676.64475,9.4448,26.8684,59.3469,9.1716,9.1358,60.0,0.121948170194353,0.010244090778760206
600897.SH,机场,2024-11-07,value_quality_sector_stopfall,1.585140282537992,13.5303,1.4022,618313.122,58765.629850000005,8.676,27.9309,16.8644,13.8602,38.4239,60.0,0.13487135152764962,0.009018931010342346
600323.SH,环境保护,2024-11-07,value_quality_sector_stopfall,1.5113137986521334,11.2734,1.4165,1858991.4929,196731.5957,10.9758,16.1272,63.132,-2.5764,18.8151,57.0,0.21934133001487588,0.030601798652133638
600461.SH,水务,2024-11-07,value_quality_sector_stopfall,1.4757309276397799,11.3366,1.4181,1266105.9794,201964.83505000002,10.8563,18.3138,58.5327,-1.2249,3.8247,47.0,0.121948170194353,0.010244090778760206
000543.SZ,火力发电,2024-11-07,value_quality_sector_stopfall,1.4486603659290735,10.3296,1.144,1763619.6715,313733.22085,10.8158,9.9628,65.7132,11.5242,21.2933,60.0,0.12494453021401375,0.010297169048393062
601065.SH,化工原料,2024-11-07,value_quality_sector_stopfall,1.4384497034675128,12.0975,1.4117,600995.6339,66719.58559999999,8.5243,18.4817,23.0978,-9.0154,0.4917,59.0,0.22643910466546013,0.02905437013417944
002532.SZ,铝,2024-11-07,value_quality_sector_stopfall,1.4242652758973953,11.8461,1.6385,4326253.436,644753.67105,12.2114,14.8372,54.9293,-6.9278,88.3624,46.0,0.2150633446926864,0.030975942564061887
300815.SZ,环境保护,2024-11-07,value_quality_sector_stopfall,1.345049131985467,11.5838,1.6013,645719.04,118194.0914,12.9551,11.0549,46.7946,16.7014,7.8978,45.0,0.21934133001487588,0.030601798652133638
600428.SH,水运,2024-11-07,value_quality_sector_stopfall,1.3141797154882313,12.2153,1.3612,1650774.4429,379444.32195,10.1599,11.3533,60.27,32.999,31.3786,60.0,0.25301030266615876,0.05116038215489782
002083.SZ,纺织,2024-11-07,value_quality_sector_stopfall,1.2933339753736246,11.8084,1.0473,445600.7346,163624.7285,8.5474,8.0944,48.3648,0.7262,36.9357,60.0,0.1525732669482558,0.014478041758702265
002588.SZ,农药化肥,2024-11-07,value_quality_sector_stopfall,1.2602026398814665,11.2343,1.3274,882349.2567,203551.56395,10.4067,8.1504,41.2411,3.6426,14.6079,60.0,0.1872957972617908,0.018845509286342432
600970.SH,建筑工程,2024-11-07,value_quality_sector_stopfall,1.2270502484770949,10.1104,1.4843,3006620.772,245376.4398,10.4689,6.8506,61.0388,0.7027,2.8968,57.0,0.297967221076749,0.04350091514376153
000404.SZ,家用电器,2024-11-07,value_quality_sector_stopfall,1.145744683836151,11.4386,1.3255,529652.94,193756.61255000002,9.6151,5.3829,62.9823,-9.6885,36.6774,60.0,0.21925007203273483,0.027950683836150736
000612.SZ,铝,2024-11-07,value_quality_sector_stopfall,1.1270106092307286,12.3621,1.5366,948990.7176,530242.69745,8.8162,11.0258,21.6435,2.7117,49.4133,55.0,0.2150633446926864,0.030975942564061887
603995.SH,特种钢,2024-11-07,value_quality_sector_stopfall,1.1026449816441708,10.1046,1.3587,729040.5453,91465.59285,10.9059,2.3857,57.0606,12.1842,85.1165,60.0,0.14627548680323166,0.020050161507605635
000338.SZ,汽车配件,2024-11-07,value_quality_sector_stopfall,1.0881117230398802,11.4257,1.4995,12470249.6972,1448662.7589,10.1375,6.3857,64.7327,0.9792,29.2326,54.0,0.2385204142194972,0.031135056373213565
000065.SZ,建筑工程,2024-11-07,value_quality_sector_stopfall,1.0798055818104282,12.0777,1.3367,1189708.245,226363.0517,8.6562,5.5911,58.9856,-3.4755,9.7005,60.0,0.297967221076749,0.04350091514376153
002078.SZ,造纸,2024-11-07,value_quality_sector_stopfall,1.0651545921329386,11.5789,1.4255,3945937.244,319748.30105,9.1521,7.9681,46.3695,6.0697,15.0795,58.0,0.14374311802377515,0.011984140775830321
601216.SH,化工原料,2024-11-07,value_quality_sector_stopfall,1.0059543701341793,14.6248,1.5413,4075562.3994,418883.2105,8.392,12.4862,37.2334,30.0203,2.9229,57.0,0.22643910466546013,0.02905437013417944
600368.SH,路桥,2024-11-08,value_quality_sector_stopfall,2.170155875313027,9.2716,0.9316,627765.0046,89242.16179999999,8.6855,46.3254,30.6102,3.122,2.985,60.0,0.054214036492941986,0.007695172153418195
000598.SZ,水务,2024-11-08,value_quality_sector_stopfall,1.834015337389281,11.1566,1.2415,2208481.6935,264907.64635,9.4448,26.8684,59.3469,9.1716,9.1358,60.0,0.11854794218624498,0.013502061869702597
600897.SH,机场,2024-11-08,value_quality_sector_stopfall,1.5856203855124236,13.4847,1.3975,616228.452,59846.7174,8.676,27.9309,16.8644,13.8602,38.4239,60.0,0.1259126770786907,0.01228437510039937
600323.SH,环境保护,2024-11-08,value_quality_sector_stopfall,1.5187172480420692,11.0509,1.3886,1822300.8713,194278.45585,10.9758,16.1272,63.132,-2.5764,18.8151,57.0,0.17347921127509824,0.03109270343363768
600461.SH,水务,2024-11-08,value_quality_sector_stopfall,1.5029420040559476,11.1543,1.3953,1245746.4863,202092.5456,10.8563,18.3138,58.5327,-1.2249,3.8247,48.0,0.11854794218624498,0.013502061869702597
601065.SH,化工原料,2024-11-08,value_quality_sector_stopfall,1.4593906957922518,11.9681,1.3966,594567.8731,67809.55105000001,8.5243,18.4817,23.0978,-9.0154,0.4917,59.0,0.20413568959684958,0.03130202912558522
000543.SZ,火力发电,2024-11-08,value_quality_sector_stopfall,1.4556459648604496,10.2234,1.1322,1745484.7649,311472.3478,10.8158,9.9628,65.7132,11.5242,21.2933,60.0,0.11601584547770516,0.01126478604941128
002532.SZ,铝,2024-11-08,value_quality_sector_stopfall,1.4202376103719088,11.7442,1.6244,4289038.3526,650803.01725,12.2114,14.8372,54.9293,-6.9278,88.3624,45.0,0.18628641157643688,0.03386853212880525
600428.SH,水运,2024-11-08,value_quality_sector_stopfall,1.3213032032312018,12.1518,1.3541,1642187.8398,381335.26685,10.1599,11.3533,60.27,32.999,31.3786,60.0,0.21324624586275132,0.04931720323120192
002588.SZ,农药化肥,2024-11-08,value_quality_sector_stopfall,1.2821217791505062,10.9996,1.2997,863918.985,210787.12865,10.4067,8.1504,41.2411,3.6426,14.6079,60.0,0.17231835760328273,0.02162875488055671
002083.SZ,纺织,2024-11-08,value_quality_sector_stopfall,1.280411889141139,11.8084,1.0473,445600.7346,170894.02959999998,8.5474,8.0944,48.3648,0.7262,36.9357,60.0,0.13704899198365061,0.017080230490821746
600970.SH,建筑工程,2024-11-08,value_quality_sector_stopfall,1.2730643881425407,9.8438,1.4452,2927360.1189,251325.13885,10.4689,6.8506,61.0388,0.7027,2.8968,57.0,0.2293193834995857,0.04567505480920753
000612.SZ,铝,2024-11-08,value_quality_sector_stopfall,1.1405296103719087,12.036,1.4961,923954.5304,541310.28015,8.8162,11.0258,21.6435,2.7117,49.4133,55.0,0.18628641157643688,0.03386853212880525
000404.SZ,家用电器,2024-11-08,value_quality_sector_stopfall,1.140253564386793,11.4987,1.3325,532436.9239,190825.99675,9.6151,5.3829,62.9823,-9.6885,36.6774,60.0,0.2037144473007233,0.031132897720126396
000065.SZ,建筑工程,2024-11-08,value_quality_sector_stopfall,1.1219730548092077,11.7928,1.3052,1161644.3605,236010.68905,8.6562,5.5911,58.9856,-3.4755,9.7005,60.0,0.2293193834995857,0.04567505480920753
000338.SZ,汽车配件,2024-11-08,value_quality_sector_stopfall,1.1103652896459355,11.3058,1.4837,12339351.3449,1481411.24865,10.1375,6.3857,64.7327,0.9792,29.2326,54.0,0.23108851735228475,0.03486195631260225
603995.SH,特种钢,2024-11-08,value_quality_sector_stopfall,1.0914451542541457,10.0134,1.3464,722459.437,93308.92185,10.9059,2.3857,57.0606,12.1842,85.1165,60.0,0.11895088398340259,0.021894936937409737
002078.SZ,造纸,2024-11-08,value_quality_sector_stopfall,1.034173695470519,11.8495,1.4589,4038158.157,335246.0868,9.1521,7.9681,46.3695,6.0697,15.0795,58.0,0.1504812355158014,0.014571793288050916
601216.SH,化工原料,2024-11-08,value_quality_sector_stopfall,0.9839820291255852,14.9881,1.5795,4176818.6081,471974.5915,8.392,12.4862,37.2334,30.0203,2.9229,56.0,0.20413568959684958,0.03130202912558522
600866.SH,饲料,2024-11-08,value_quality_sector_stopfall,0.9511975108445313,12.7042,1.4421,1099894.8718,411570.46764999995,8.9173,5.3302,45.7321,0.4788,38.3774,58.0,0.1955773270250345,0.029601517152830104
600368.SH,路桥,2024-11-11,value_quality_sector_stopfall,2.149505322434245,9.4142,0.9459,637422.9278,91077.4822,8.6855,46.3254,30.6102,3.122,2.985,60.0,0.050609444432386574,0.00968921133519185
601298.SH,港口,2024-11-11,value_quality_sector_stopfall,1.8491851400274562,10.8131,1.2944,5478488.4,129749.41825000002,9.5191,31.0062,24.6688,2.3394,3.7808,49.0,0.04966793451406071,0.0025598721800621504
000598.SZ,水务,2024-11-11,value_quality_sector_stopfall,1.7888911695970182,11.6089,1.2919,2298014.7352,268011.1697,9.4448,26.8684,59.3469,9.1716,9.1358,60.0,0.1313788056310634,0.019300363965954803
600897.SH,机场,2024-11-11,value_quality_sector_stopfall,1.5480487630272992,13.7037,1.4202,626234.868,61389.76715000001,8.676,27.9309,16.8644,13.8602,38.4239,60.0,0.1131286892389134,0.017230073788385702
600323.SH,环境保护,2024-11-11,value_quality_sector_stopfall,1.5213910579055103,11.2042,1.4078,1847576.6328,181533.19879999998,10.9758,16.1272,63.132,-2.5764,18.8151,57.0,0.19570492776904902,0.03456079680312807
600461.SH,水务,2024-11-11,value_quality_sector_stopfall,1.5147311695970183,11.1999,1.401,1250836.3595,191980.10450000002,10.8563,18.3138,58.5327,-1.2249,3.8247,49.0,0.1313788056310634,0.019300363965954803
601065.SH,化工原料,2024-11-11,value_quality_sector_stopfall,1.446877423211067,12.0975,1.4117,600995.6339,68361.2547,8.5243,18.4817,23.0978,-9.0154,0.4917,59.0,0.23820155523324105,0.037482089877733715
000543.SZ,火力发电,2024-11-11,value_quality_sector_stopfall,1.437273888050595,10.4756,1.1602,1788555.1682,313775.92710000003,10.8158,9.9628,65.7132,11.5242,21.2933,60.0,0.12876454088693512,0.015624013830326522
600428.SH,水运,2024-11-11,value_quality_sector_stopfall,1.3130507351436913,12.2153,1.3612,1650774.4429,378923.8944,10.1599,11.3533,60.27,32.999,31.3786,60.0,0.22266482812516486,0.05003140181035781
002083.SZ,纺织,2024-11-11,value_quality_sector_stopfall,1.3089827305933261,11.6953,1.0372,441332.5283,174377.2524,8.5474,8.0944,48.3648,0.7262,36.9357,60.0,0.14618982770403255,0.022236902889293475
600970.SH,建筑工程,2024-11-11,value_quality_sector_stopfall,1.2963610832705827,9.7283,1.4282,2893013.836,255622.71150000003,10.4689,6.8506,61.0388,0.7027,2.8968,57.0,0.241725894239182,0.04993841660391607
002588.SZ,农药化肥,2024-11-11,value_quality_sector_stopfall,1.2883975550958557,10.9996,1.2997,863918.985,207386.90149999998,10.4067,8.1504,41.2411,3.6426,14.6079,60.0,0.17292553167412428,0.027297356755064728
000612.SZ,铝,2024-11-11,value_quality_sector_stopfall,1.1660072587838846,11.9894,1.4903,920377.9322,533605.3425,8.8162,11.0258,21.6435,2.7117,49.4133,55.0,0.20820764000443637,0.03865925878388454
000404.SZ,家用电器,2024-11-11,value_quality_sector_stopfall,1.1200861581978774,11.6791,1.3534,540788.8757,189851.7409,9.6151,5.3829,62.9823,-9.6885,36.6774,60.0,0.21634913568727798,0.03692549153121072
000338.SZ,汽车配件,2024-11-11,value_quality_sector_stopfall,1.1094380627218852,11.3537,1.49,12391710.6858,1511765.9749,10.1375,6.3857,64.7327,0.9792,29.2326,54.0,0.2634384704887798,0.04132806272188505
000065.SZ,建筑工程,2024-11-11,value_quality_sector_stopfall,1.1076897499372493,11.925,1.3198,1174674.0211,248226.07285000003,8.6562,5.5911,58.9856,-3.4755,9.7005,60.0,0.241725894239182,0.04993841660391607
603995.SH,特种钢,2024-11-11,value_quality_sector_stopfall,1.0742532612271645,10.211,1.373,736718.5049,92912.5936,10.9059,2.3857,57.0606,12.1842,85.1165,60.0,0.12912259509916546,0.025437999461332295
002078.SZ,造纸,2024-11-11,value_quality_sector_stopfall,1.0269892724497744,11.9971,1.477,4088460.4731,351274.2154,9.1521,7.9681,46.3695,6.0697,15.0795,58.0,0.15910431151527527,0.020670960934499272
601216.SH,化工原料,2024-11-11,value_quality_sector_stopfall,0.9893687565444003,16.5021,1.7391,4598719.4776,556362.8385,8.392,12.4862,37.2334,30.0203,2.9229,55.0,0.23820155523324105,0.037482089877733715
600866.SH,饲料,2024-11-11,value_quality_sector_stopfall,0.928922828580841,12.8961,1.4639,1116509.598,415125.53229999996,8.9173,5.3302,45.7321,0.4788,38.3774,58.0,0.19529369929606966,0.03493712928477133
601298.SH,港口,2024-11-12,value_quality_sector_stopfall,1.8335479057869435,10.8771,1.3021,5510943.9,126826.49749999998,9.5191,31.0062,24.6688,2.3394,3.7808,49.0,0.038856122248665415,0.007134450204944631
000598.SZ,水务,2024-11-12,value_quality_sector_stopfall,1.8262657406865141,11.3073,1.2583,2238326.0408,267675.66205,9.4448,26.8684,59.3469,9.1716,9.1358,60.0,0.11968783257616344,0.02585924144368401
600897.SH,机场,2024-11-12,value_quality_sector_stopfall,1.5714855483828865,13.5212,1.4013,617896.188,60725.50215,8.676,27.9309,16.8644,13.8602,38.4239,60.0,0.10810625259306739,0.020922629123152348
600323.SH,环境保护,2024-11-12,value_quality_sector_stopfall,1.554149896434094,10.8778,1.3668,1793763.7212,180242.93284999998,10.9758,16.1272,63.132,-2.5764,18.8151,57.0,0.1731400066728923,0.04079122309453531
600461.SH,水务,2024-11-12,value_quality_sector_stopfall,1.5352590740198475,11.029,1.3796,1231749.3347,191073.22269999998,10.8563,18.3138,58.5327,-1.2249,3.8247,50.0,0.11968783257616344,0.02585924144368401
601065.SH,化工原料,2024-11-12,value_quality_sector_stopfall,1.4634158249266265,12.0458,1.4057,598424.5295,72184.0889,8.5243,18.4817,23.0978,-9.0154,0.4917,59.0,0.21700378844322743,0.04657382492662632
000543.SZ,火力发电,2024-11-12,value_quality_sector_stopfall,1.4556863978296668,10.3429,1.1455,1765886.5348,294086.01535,10.8158,9.9628,65.7132,11.5242,21.2933,60.0,0.1225752991563438,0.021579098673323083
600428.SH,水运,2024-11-12,value_quality_sector_stopfall,1.349753691414008,11.9612,1.3329,1616428.0306,384425.11344999995,10.1599,11.3533,60.27,32.999,31.3786,60.0,0.2063862686035065,0.05092769141400799
600970.SH,建筑工程,2024-11-12,value_quality_sector_stopfall,1.317950108335624,9.6306,1.4139,2863951.5965,262070.502,10.4689,6.8506,61.0388,0.7027,2.8968,57.0,0.20983955107743513,0.05548077500229054
002083.SZ,纺织,2024-11-12,value_quality_sector_stopfall,1.3071095046598227,11.7405,1.0412,443039.8108,181802.57145,8.5474,8.0944,48.3648,0.7262,36.9357,60.0,0.14184417225790624,0.030389332401916436
002588.SZ,农药化肥,2024-11-12,value_quality_sector_stopfall,1.2775627454235021,11.1316,1.3153,874286.0128,214166.24755000003,10.4067,8.1504,41.2411,3.6426,14.6079,60.0,0.1736569159056527,0.034931162851182807
000612.SZ,铝,2024-11-12,value_quality_sector_stopfall,1.2291153073904926,11.508,1.4304,883419.751,537489.98415,8.8162,11.0258,21.6435,2.7117,49.4133,55.0,0.18577128385926556,0.04396935686456005
000065.SZ,建筑工程,2024-11-12,value_quality_sector_stopfall,1.1875054416689572,11.3959,1.2613,1122555.3786,258450.77459999998,8.6562,5.5911,58.9856,-3.4755,9.7005,60.0,0.20983955107743513,0.05548077500229054
000404.SZ,家用电器,2024-11-12,value_quality_sector_stopfall,1.147659328680568,11.5438,1.3377,534524.9119,192280.49535,9.6151,5.3829,62.9823,-9.6885,36.6774,60.0,0.2083605811868665,0.04501199534723477
000338.SZ,汽车配件,2024-11-12,value_quality_sector_stopfall,1.1414045230013852,11.2098,1.4711,12234632.663,1522348.1989999998,10.1375,6.3857,64.7327,0.9792,29.2326,54.0,0.2560584332649294,0.051101189668051994
603995.SH,特种钢,2024-11-12,value_quality_sector_stopfall,1.0868675691252527,10.1452,1.3641,731965.4822,95247.3142,10.9059,2.3857,57.0606,12.1842,85.1165,60.0,0.12615078861882223,0.030704113839763902
002078.SZ,造纸,2024-11-12,value_quality_sector_stopfall,1.059259897032902,11.8331,1.4568,4032569.0107,372164.67605,9.1521,7.9681,46.3695,6.0697,15.0795,58.0,0.1586231176396662,0.02902277939323583
601216.SH,化工原料,2024-11-12,value_quality_sector_stopfall,0.9984604915932929,18.1674,1.9146,5062810.434,631416.46905,8.392,12.4862,37.2334,30.0203,2.9229,54.0,0.21700378844322743,0.04657382492662632
000411.SZ,医药商业,2024-11-12,value_quality_sector_stopfall,0.9186862680373493,12.1983,1.3312,583237.2685,73298.75505,8.1527,1.6938,69.36,3.5916,-2.8998,60.0,0.22681275058627515,0.036804934704016024
600332.SH,中成药,2024-11-12,value_quality_sector_stopfall,0.8914260945245083,14.0809,1.3551,4820470.1638,312039.61595,8.8808,5.5697,51.9868,1.5046,-16.6772,60.0,0.1648111360189024,0.027852958505605763
601298.SH,港口,2024-11-13,value_quality_sector_stopfall,1.8249978312417867,10.9027,1.3052,5523926.1,124730.09870000002,9.5191,31.0062,24.6688,2.3394,3.7808,49.0,0.03436155845648958,0.006852272785297098
000598.SZ,水务,2024-11-13,value_quality_sector_stopfall,1.8063532948109484,11.3526,1.2634,2247279.3449,252621.6741,9.4448,26.8684,59.3469,9.1716,9.1358,60.0,0.10674074220710605,0.025313885937175762
600897.SH,机场,2024-11-13,value_quality_sector_stopfall,1.5677084052207892,13.6124,1.4107,622065.528,60572.58720000001,8.676,27.9309,16.8644,13.8602,38.4239,60.0,0.11565134806697364,0.02194705715381562
600323.SH,环境保护,2024-11-13,value_quality_sector_stopfall,1.5670222478198972,10.9075,1.3706,1798655.8041,176050.06034999999,10.9758,16.1272,63.132,-2.5764,18.8151,57.0,0.18915401501363616,0.04216289947292773
600461.SH,水务,2024-11-13,value_quality_sector_stopfall,1.511479961477615,11.0973,1.3882,1239384.1447,186566.1869,10.8563,18.3138,58.5327,-1.2249,3.8247,51.0,0.10674074220710605,0.025313885937175762
601065.SH,化工原料,2024-11-13,value_quality_sector_stopfall,1.451442594064556,12.1493,1.4177,603566.7382,74092.622,8.5243,18.4817,23.0978,-9.0154,0.4917,59.0,0.22322867519684175,0.04950059406455587
000543.SZ,火力发电,2024-11-13,value_quality_sector_stopfall,1.4482201069024623,10.3694,1.1484,1770420.2615,290771.9181,10.8158,9.9628,65.7132,11.5242,21.2933,60.0,0.11709140656243511,0.023296700340027288
600428.SH,水运,2024-11-13,value_quality_sector_stopfall,1.3386670415175803,12.0247,1.34,1625014.6336,385029.93955,10.1599,11.3533,60.27,32.999,31.3786,60.0,0.21865189939296537,0.048807708184246845
002083.SZ,纺织,2024-11-13,value_quality_sector_stopfall,1.3306681655154762,11.6274,1.0312,438771.6046,184534.2529,8.5474,8.0944,48.3648,0.7262,36.9357,60.0,0.14898943592470593,0.03259606292410355
600970.SH,建筑工程,2024-11-13,value_quality_sector_stopfall,1.3039769743388692,9.7106,1.4256,2887729.7924,270450.91925,10.4689,6.8506,61.0388,0.7027,2.8968,57.0,0.22317537480190697,0.054640974338869164
002588.SZ,农药化肥,2024-11-13,value_quality_sector_stopfall,1.2613955359079108,11.2196,1.3257,881197.3647,216311.5849,10.4067,8.1504,41.2411,3.6426,14.6079,60.0,0.16879254267697053,0.03642832656427375
000612.SZ,铝,2024-11-13,value_quality_sector_stopfall,1.2372217975288746,11.3527,1.4111,871497.757,539759.6173,8.8162,11.0258,21.6435,2.7117,49.4133,55.0,0.1697871425516302,0.044839988310577894
000065.SZ,建筑工程,2024-11-13,value_quality_sector_stopfall,1.1666989743388694,11.5384,1.277,1136587.3208,266895.20275000005,8.6562,5.5911,58.9856,-3.4755,9.7005,60.0,0.22317537480190697,0.054640974338869164
000338.SZ,汽车配件,2024-11-13,value_quality_sector_stopfall,1.1593759005517756,11.1139,1.4586,12129913.9812,1535536.06,10.1375,6.3857,64.7327,0.9792,29.2326,54.0,0.2590429587324443,0.05434590055177546
000404.SZ,家用电器,2024-11-13,value_quality_sector_stopfall,1.1390366703658765,11.6189,1.3464,538004.8918,194596.88874999998,9.6151,5.3829,62.9823,-9.6885,36.6774,60.0,0.20931163648679663,0.04719600369920984
002078.SZ,造纸,2024-11-13,value_quality_sector_stopfall,1.0648228420782377,11.8167,1.4548,4026979.8645,376333.12059999997,9.1521,7.9681,46.3695,6.0697,15.0795,58.0,0.1587394213316653,0.032042754079905755
603995.SH,特种钢,2024-11-13,value_quality_sector_stopfall,1.05345054834401,10.1654,1.3669,733427.9507,94112.62585,10.9059,2.3857,57.0606,12.1842,85.1165,60.0,0.09641609408127017,0.0302351209294065
601216.SH,化工原料,2024-11-13,value_quality_sector_stopfall,1.0013872607312224,17.9555,1.8923,5003744.3123,868932.1302000001,8.392,12.4862,37.2334,30.0203,2.9229,53.0,0.22322867519684175,0.04950059406455587
000411.SZ,医药商业,2024-11-13,value_quality_sector_stopfall,0.9498406625990459,12.0017,1.3098,573838.6375,75567.45585,8.1527,1.6938,69.36,3.5916,-2.8998,60.0,0.20480721657173273,0.040585995932379326
600866.SH,饲料,2024-11-13,value_quality_sector_stopfall,0.9163812541153397,12.992,1.4747,1124816.961,459992.31305,8.9173,5.3302,45.7321,0.4788,38.3774,57.0,0.18814027701126212,0.0431423104374109
000598.SZ,水务,2024-11-14,value_quality_sector_stopfall,1.8449333894147322,11.0058,1.2248,2178637.3463,231613.35765,9.4448,26.8684,59.3469,9.1716,9.1358,60.0,0.0964428093666645,0.025338580048067882
601298.SH,港口,2024-11-14,value_quality_sector_stopfall,1.8113079940307,11.0181,1.319,5582346.0,126764.80685000001,9.5191,31.0062,24.6688,2.3394,3.7808,49.0,0.03670645610951051,0.007710871254522855
600897.SH,机场,2024-11-14,value_quality_sector_stopfall,1.5674745751705372,13.43,1.3918,613726.848,60585.343349999996,8.676,27.9309,16.8644,13.8602,38.4239,60.0,0.09025416108107098,0.022350414089466142
600461.SH,水务,2024-11-14,value_quality_sector_stopfall,1.5337067227480656,10.8808,1.3611,1215207.2466,183032.1151,10.8563,18.3138,58.5327,-1.2249,3.8247,52.0,0.0964428093666645,0.025338580048067882
600323.SH,环境保护,2024-11-14,value_quality_sector_stopfall,1.5111504318582971,10.7592,1.3519,1774195.3897,176161.31365,10.9758,16.1272,63.132,-2.5764,18.8151,57.0,0.11225641403782793,0.04083535115380266
000543.SZ,火力发电,2024-11-14,value_quality_sector_stopfall,1.4355160216410792,10.1968,1.1293,1740951.0382,294525.5817,10.8158,9.9628,65.7132,11.5242,21.2933,60.0,0.07926107451028153,0.024182947130797716
601065.SH,化工原料,2024-11-14,value_quality_sector_stopfall,1.4220292876562834,11.9811,1.3981,595210.6492,75530.81135,8.5243,18.4817,23.0978,-9.0154,0.4917,59.0,0.14630490001826457,0.04950238763801873
600428.SH,水运,2024-11-14,value_quality_sector_stopfall,1.3433899366775983,11.6276,1.2957,1571348.3644,388089.6193,10.1599,11.3533,60.27,32.999,31.3786,60.0,0.1511338244263689,0.046390112251229354
002083.SZ,纺织,2024-11-14,value_quality_sector_stopfall,1.3228089263339098,11.3537,0.9914,428442.0959,191942.59154999998,8.5474,8.0944,48.3648,0.7262,36.9357,60.0,0.09618022897257261,0.032766030694670656
600970.SH,建筑工程,2024-11-14,value_quality_sector_stopfall,1.2880506049816896,9.6661,1.4191,2874519.6836,277247.83729999996,10.4689,6.8506,61.0388,0.7027,2.8968,57.0,0.17877302218534274,0.0526415827963469
002588.SZ,农药化肥,2024-11-14,value_quality_sector_stopfall,1.2717070246484854,10.8676,1.2841,853551.9572,220180.6287,10.4067,8.1504,41.2411,3.6426,14.6079,60.0,0.12786938985665142,0.03646296812516736
000612.SZ,铝,2024-11-14,value_quality_sector_stopfall,1.2296114478256854,10.9955,1.3667,844077.171,512223.03575,8.8162,11.0258,21.6435,2.7117,49.4133,55.0,0.1115747629894761,0.04202868483620947
000338.SZ,汽车配件,2024-11-14,value_quality_sector_stopfall,1.1823913260629415,10.826,1.4208,11815757.9356,1554910.4544999998,10.1375,6.3857,64.7327,0.9792,29.2326,54.0,0.17754836319801082,0.0554196295315974
000404.SZ,家用电器,2024-11-14,value_quality_sector_stopfall,1.1313699359963807,11.2582,1.3046,521300.9883,192590.9916,9.6151,5.3829,62.9823,-9.6885,36.6774,60.0,0.14063409735985766,0.046981838636523054
000065.SZ,建筑工程,2024-11-14,value_quality_sector_stopfall,1.1177326049816896,11.7215,1.2973,1154628.3894,282901.75725,8.6562,5.5911,58.9856,-3.4755,9.7005,60.0,0.17877302218534274,0.0526415827963469
603995.SH,特种钢,2024-11-14,value_quality_sector_stopfall,1.0885705871254587,9.7499,1.311,703447.3466,95426.06885,10.9059,2.3857,57.0606,12.1842,85.1165,60.0,0.07016219142527524,0.02664239570018334
002078.SZ,造纸,2024-11-14,value_quality_sector_stopfall,1.0281696023740348,11.7347,1.4447,3999034.1333,377902.9119,9.1521,7.9681,46.3695,6.0697,15.0795,58.0,0.10869198581622896,0.03323694989113912
601216.SH,化工原料,2024-11-14,value_quality_sector_stopfall,0.9476939543229499,16.1993,1.7072,4514339.3037,998074.9331,8.392,12.4862,37.2334,30.0203,2.9229,52.0,0.14630490001826457,0.04950238763801873
000411.SZ,医药商业,2024-11-14,value_quality_sector_stopfall,0.9253881471984701,11.7396,1.2812,561307.1295,75454.13019999999,8.1527,1.6938,69.36,3.5916,-2.8998,60.0,0.13777588128187146,0.04181759924993189
600469.SH,汽车配件,2024-11-14,value_quality_sector_stopfall,0.9018486593962749,13.7986,1.3987,473413.6153,110666.50025000001,8.3216,5.6517,54.7389,14.783,-2.0483,52.0,0.17754836319801082,0.0554196295315974
000598.SZ,水务,2024-11-15,value_quality_sector_stopfall,1.846057330590885,10.9003,1.213,2157746.3033,219935.00274999999,9.4448,26.8684,59.3469,9.1716,9.1358,60.0,0.08436097584012425,0.023644354750760543
601298.SH,港口,2024-11-15,value_quality_sector_stopfall,1.7897140903268192,11.223,1.3435,5686203.6,127834.2828,9.5191,31.0062,24.6688,2.3394,3.7808,49.0,0.04524788060139673,0.007568876392089141
600897.SH,机场,2024-11-15,value_quality_sector_stopfall,1.549326577901492,13.5303,1.4022,618313.122,60841.848900000005,8.676,27.9309,16.8644,13.8602,38.4239,60.0,0.08647856527495024,0.021598012626541596
600461.SH,水务,2024-11-15,value_quality_sector_stopfall,1.5096373305908848,10.9492,1.3697,1222842.0565,178442.85194999998,10.8563,18.3138,58.5327,-1.2249,3.8247,53.0,0.08436097584012425,0.023644354750760543
600323.SH,环境保护,2024-11-15,value_quality_sector_stopfall,1.4647932216868382,10.7394,1.3494,1770934.0011,172130.98729999998,10.9758,16.1272,63.132,-2.5764,18.8151,57.0,0.06832082592326949,0.03542706243023552
000543.SZ,火力发电,2024-11-15,value_quality_sector_stopfall,1.4279373839819596,10.0508,1.1131,1716015.5416,289738.9659,10.8158,9.9628,65.7132,11.5242,21.2933,60.0,0.053501487036084816,0.021830563612541543
601065.SH,化工原料,2024-11-15,value_quality_sector_stopfall,1.3668772393035467,11.9811,1.3981,595210.6492,75408.45635,8.5243,18.4817,23.0978,-9.0154,0.4917,59.0,0.09564290478787973,0.045012334515666774
600428.SH,水运,2024-11-15,value_quality_sector_stopfall,1.3409318030450788,11.2146,1.2497,1515535.4443,393776.86035000003,10.1599,11.3533,60.27,32.999,31.3786,60.0,0.09488373256871663,0.04198207047636204
002083.SZ,纺织,2024-11-15,value_quality_sector_stopfall,1.3286849739462698,11.0768,0.9672,417992.2886,194124.21675,8.5474,8.0944,48.3648,0.7262,36.9357,60.0,0.07039733660792336,0.029831637338346484
600970.SH,建筑工程,2024-11-15,value_quality_sector_stopfall,1.2374452084549261,9.6484,1.4165,2869235.64,278731.1804,10.4689,6.8506,61.0388,0.7027,2.8968,57.0,0.13030636587574063,0.04758950924585226
000612.SZ,铝,2024-11-15,value_quality_sector_stopfall,1.2293055517222404,10.7936,1.3416,828578.5788,496140.1707,8.8162,11.0258,21.6435,2.7117,49.4133,55.0,0.08663447302803529,0.036469745360871775
002588.SZ,农药化肥,2024-11-15,value_quality_sector_stopfall,1.179906873757019,11.2929,1.3343,886956.8246,237750.9247,10.4067,8.1504,41.2411,3.6426,14.6079,60.0,0.10071968770276407,0.03363251938758838
000404.SZ,家用电器,2024-11-15,value_quality_sector_stopfall,1.105606845228587,11.1229,1.289,515037.0245,186619.29325000002,9.6151,5.3829,62.9823,-9.6885,36.6774,60.0,0.09984859639630561,0.04258424883228118
603995.SH,特种钢,2024-11-15,value_quality_sector_stopfall,1.087331737765771,9.6536,1.2981,696500.6212,94170.53594999999,10.9059,2.3857,57.0606,12.1842,85.1165,60.0,0.059879645025184614,0.020666092740586395
000338.SZ,汽车配件,2024-11-15,value_quality_sector_stopfall,1.0866308466314534,11.1219,1.4596,12138640.538,1575107.9124,10.1375,6.3857,64.7327,0.9792,29.2326,54.0,0.13099005975758526,0.0518107868738682
000065.SZ,建筑工程,2024-11-15,value_quality_sector_stopfall,1.0456605417882594,11.8538,1.3119,1167658.05,299476.7639,8.6562,5.5911,58.9856,-3.4755,9.7005,60.0,0.13030636587574063,0.04758950924585226
002078.SZ,造纸,2024-11-15,value_quality_sector_stopfall,1.0101057827304216,11.6281,1.4316,3962704.6827,364329.13680000004,9.1521,7.9681,46.3695,6.0697,15.0795,58.0,0.07688459992371666,0.031140516140038432
000411.SZ,医药商业,2024-11-15,value_quality_sector_stopfall,0.9189434584458414,11.5103,1.2561,550342.06,74426.95910000001,8.1527,1.6938,69.36,3.5916,-2.8998,60.0,0.10150731506904109,0.03962147671013372
600866.SH,饲料,2024-11-15,value_quality_sector_stopfall,0.8960501769157903,12.5123,1.4203,1083280.1456,462173.5936000001,8.9173,5.3302,45.7321,0.4788,38.3774,57.0,0.10435769983988075,0.038347143742576195
601216.SH,化工原料,2024-11-15,value_quality_sector_stopfall,0.8925419059702131,15.5029,1.6338,4320264.9037,1061891.2196,8.392,12.4862,37.2334,30.0203,2.9229,51.0,0.09564290478787973,0.045012334515666774
000598.SZ,水务,2024-11-18,value_quality_sector_stopfall,1.8174498912269093,11.0812,1.2332,2193559.5199,214367.3349,9.4448,26.8684,59.3469,9.1716,9.1358,60.0,0.08155179704096183,0.023372760852614194
601298.SH,港口,2024-11-18,value_quality_sector_stopfall,1.7928681945880938,11.223,1.3435,5686203.6,132142.21765,9.5191,31.0062,24.6688,2.3394,3.7808,50.0,0.0472787607115106,0.00869210054324987
600897.SH,机场,2024-11-18,value_quality_sector_stopfall,1.5185167303880587,13.6307,1.4126,622899.396,62071.854499999994,8.676,27.9309,16.8644,13.8602,38.4239,60.0,0.06922083946655322,0.021672557588171992
600461.SH,水务,2024-11-18,value_quality_sector_stopfall,1.494636557893576,11.029,1.3796,1231749.3347,178794.41575,10.8563,18.3138,58.5327,-1.2249,3.8247,54.0,0.08155179704096183,0.023372760852614194
600323.SH,环境保护,2024-11-18,value_quality_sector_stopfall,1.4366930126341766,10.7987,1.3569,1780718.1669,169270.6152,10.9758,16.1272,63.132,-2.5764,18.8151,57.0,0.054460037309775444,0.030140975324401298
000543.SZ,火力发电,2024-11-18,value_quality_sector_stopfall,1.3953002909962209,10.1703,1.1264,1736417.3115,291294.84880000004,10.8158,9.9628,65.7132,11.5242,21.2933,60.0,0.03948245427960173,0.020045836716619192
601065.SH,化工原料,2024-11-18,value_quality_sector_stopfall,1.3632686641198055,11.787,1.3755,585569.008,76414.64305,8.5243,18.4817,23.0978,-9.0154,0.4917,59.0,0.070680351683297,0.038359645769841855
002083.SZ,纺织,2024-11-18,value_quality_sector_stopfall,1.3127117001436484,11.0768,0.9672,417992.2886,197264.98625,8.5474,8.0944,48.3648,0.7262,36.9357,60.0,0.057829655036058636,0.026426045107589724
600428.SH,水运,2024-11-18,value_quality_sector_stopfall,1.2980564331795539,11.2622,1.255,1521975.3966,390798.78870000003,10.1599,11.3533,60.27,32.999,31.3786,60.0,0.06464772000745067,0.03604937983876977
000612.SZ,铝,2024-11-18,value_quality_sector_stopfall,1.2402059956120652,10.4209,1.2953,799965.7934,492297.4154,8.8162,11.0258,21.6435,2.7117,49.4133,55.0,0.04773861801380641,0.030552710931592175
600970.SH,建筑工程,2024-11-18,value_quality_sector_stopfall,1.2211902482823818,9.6395,1.4152,2866593.6183,286112.9951,10.4689,6.8506,61.0388,0.7027,2.8968,57.0,0.11800856358626355,0.042172351362784966
002588.SZ,农药化肥,2024-11-18,value_quality_sector_stopfall,1.1876538071384983,11.029,1.3031,866222.769,238288.6844,10.4067,8.1504,41.2411,3.6426,14.6079,60.0,0.07285340383651273,0.030852403301985687
000404.SZ,家用电器,2024-11-18,value_quality_sector_stopfall,1.089026416224383,10.9125,1.2646,505293.0808,184883.48935,9.6151,5.3829,62.9823,-9.6885,36.6774,60.0,0.05901422917042898,0.03654485372062055
000338.SZ,汽车配件,2024-11-18,value_quality_sector_stopfall,1.0766340228895745,10.9699,1.4397,11972835.9584,1581974.09945,10.1375,6.3857,64.7327,0.9792,29.2326,54.0,0.10357867944885912,0.04582534344071543
000065.SZ,建筑工程,2024-11-18,value_quality_sector_stopfall,1.0693522482823818,11.5587,1.2793,1138591.884,311595.76385,8.6562,5.5911,58.9856,-3.4755,9.7005,60.0,0.11800856358626355,0.042172351362784966
603995.SH,特种钢,2024-11-18,value_quality_sector_stopfall,1.0557750131116954,9.6536,1.2981,696500.6212,93875.66755,10.9059,2.3857,57.0606,12.1842,85.1165,60.0,0.03274672611254004,0.01624228699915542
002078.SZ,造纸,2024-11-18,value_quality_sector_stopfall,0.960257481037203,11.7511,1.4467,4004623.2795,371178.2983,9.1521,7.9681,46.3695,6.0697,15.0795,58.0,0.0483328137545167,0.028110667282686297
000411.SZ,医药商业,2024-11-18,value_quality_sector_stopfall,0.8956981084192359,11.4667,1.2514,548257.0538,74235.02715000001,8.1527,1.6938,69.36,3.5916,-2.8998,60.0,0.07562585985720638,0.03621758189536295
600866.SH,饲料,2024-11-18,value_quality_sector_stopfall,0.8876235584464833,12.2052,1.3854,1056696.5838,460021.0301999999,8.9173,5.3302,45.7321,0.4788,38.3774,57.0,0.056189533550168314,0.03434869156298159
601216.SH,化工原料,2024-11-18,value_quality_sector_stopfall,0.8609266641198055,15.2001,1.6019,4235884.7298,1116627.88605,8.392,12.4862,37.2334,30.0203,2.9229,50.0,0.070680351683297,0.038359645769841855
600368.SH,路桥,2024-11-19,value_quality_sector_stopfall,2.1412612637588,9.3191,0.9364,630984.3123,101635.65355,8.6855,46.3254,30.6102,3.122,2.985,60.0,0.03426722324454601,0.005114040514254459
000598.SZ,水务,2024-11-19,value_quality_sector_stopfall,1.8307918466706994,11.1717,1.2432,2211466.1283,205823.7272,9.4448,26.8684,59.3469,9.1716,9.1358,60.0,0.10838036533643591,0.02258614800092995
601298.SH,港口,2024-11-19,value_quality_sector_stopfall,1.781851541795738,11.2743,1.3496,5712168.0,134234.52490000002,9.5191,31.0062,24.6688,2.3394,3.7808,51.0,0.04390452375165799,0.008536351377413265
600461.SH,水务,2024-11-19,value_quality_sector_stopfall,1.520678513337366,11.029,1.3796,1231749.3347,174830.13575,10.8563,18.3138,58.5327,-1.2249,3.8247,55.0,0.10838036533643591,0.02258614800092995
600897.SH,机场,2024-11-19,value_quality_sector_stopfall,1.4854379411580367,13.877,1.4381,634156.614,64549.186100000006,8.676,27.9309,16.8644,13.8602,38.4239,60.0,0.07013461893823392,0.021099988886469356
600323.SH,环境保护,2024-11-19,value_quality_sector_stopfall,1.436238462546883,10.9026,1.3699,1797840.4569,162507.82445000001,10.9758,16.1272,63.132,-2.5764,18.8151,57.0,0.07428323151876226,0.02545656436145416
000543.SZ,火力发电,2024-11-19,value_quality_sector_stopfall,1.384285225339177,10.2234,1.1322,1745484.7649,286725.73785000003,10.8158,9.9628,65.7132,11.5242,21.2933,60.0,0.03920704869859404,0.01671284330724987
601065.SH,化工原料,2024-11-19,value_quality_sector_stopfall,1.3423680718470488,11.9293,1.3921,592639.5448,76541.1431,8.5243,18.4817,23.0978,-9.0154,0.4917,59.0,0.07640922278985185,0.032283515723863454
002083.SZ,纺织,2024-11-19,value_quality_sector_stopfall,1.3075929131913977,11.1922,0.9773,422346.375,200013.0899,8.5474,8.0944,48.3648,0.7262,36.9357,60.0,0.07056615404566124,0.02299742581240305
600428.SH,水运,2024-11-19,value_quality_sector_stopfall,1.280482022603762,11.3893,1.2692,1539148.6028,385868.1756,10.1599,11.3533,60.27,32.999,31.3786,60.0,0.06992290760854125,0.03113978166188769
600970.SH,建筑工程,2024-11-19,value_quality_sector_stopfall,1.2600227404731628,9.4174,1.3826,2800543.0741,291356.304,10.4689,6.8506,61.0388,0.7027,2.8968,57.0,0.12480384828723179,0.03766955885259771
000612.SZ,铝,2024-11-19,value_quality_sector_stopfall,1.2372956635632535,10.5451,1.3107,809503.3885,481115.09589999996,8.8162,11.0258,21.6435,2.7117,49.4133,55.0,0.06879006083103145,0.025137602732221875
002588.SZ,农药化肥,2024-11-19,value_quality_sector_stopfall,1.1479854199535446,11.2489,1.3291,883501.1487,238822.61145000003,10.4067,8.1504,41.2411,3.6426,14.6079,60.0,0.06859225379411726,0.02743849949276078
000065.SZ,建筑工程,2024-11-19,value_quality_sector_stopfall,1.1088114071398296,11.2942,1.25,1112532.5627,319886.3458,8.6562,5.5911,58.9856,-3.4755,9.7005,60.0,0.12480384828723179,0.03766955885259771
000338.SZ,汽车配件,2024-11-19,value_quality_sector_stopfall,1.0674779698748307,11.0899,1.4554,12103734.3107,1576470.7995,10.1375,6.3857,64.7327,0.9792,29.2326,54.0,0.11831962577068156,0.040395010770815754
000404.SZ,家用电器,2024-11-19,value_quality_sector_stopfall,1.0641132134495974,11.168,1.2942,517125.0124,176252.59085,9.6151,5.3829,62.9823,-9.6885,36.6774,60.0,0.07708063685253697,0.030331909930393808
603995.SH,特种钢,2024-11-19,value_quality_sector_stopfall,1.0174202434695654,9.8512,1.3246,710759.6891,94336.3568,10.9059,2.3857,57.0606,12.1842,85.1165,60.0,0.030725021121501994,0.010749222348063414
002078.SZ,造纸,2024-11-19,value_quality_sector_stopfall,0.9592522193430307,11.8167,1.4548,4026979.8645,363697.28885,9.1521,7.9681,46.3695,6.0697,15.0795,58.0,0.06110615626018179,0.024105396416182368
000411.SZ,医药商业,2024-11-19,value_quality_sector_stopfall,0.8683104097518926,11.6851,1.2752,558700.0453,73841.7867,8.1527,1.6938,69.36,3.5916,-2.8998,60.0,0.08540103444781377,0.029481375304078794
601216.SH,化工原料,2024-11-19,value_quality_sector_stopfall,0.8605794051803819,15.4726,1.6306,4311826.8863,1148498.71325,8.392,12.4862,37.2334,30.0203,2.9229,49.0,0.07640922278985185,0.032283515723863454
600368.SH,路桥,2024-11-20,value_quality_sector_stopfall,2.145658027005969,9.3429,0.9388,632593.9662,102697.5014,8.6855,46.3254,30.6102,3.122,2.985,60.0,0.041192561652811044,0.00577213201982496
000598.SZ,水务,2024-11-20,value_quality_sector_stopfall,1.8391365245025495,11.3375,1.2617,2244294.9102,202557.4969,9.4448,26.8684,59.3469,9.1716,9.1358,60.0,0.13717636432296776,0.025521493512915105
601298.SH,港口,2024-11-20,value_quality_sector_stopfall,1.7937036079058495,11.4024,1.365,5777079.0,136174.30215,9.5191,31.0062,24.6688,2.3394,3.7808,52.0,0.07231001994664199,0.01078958795920748
600461.SH,水务,2024-11-20,value_quality_sector_stopfall,1.5506565245025494,11.0403,1.3811,1233021.803,172916.40635,10.8563,18.3138,58.5327,-1.2249,3.8247,56.0,0.13717636432296776,0.025521493512915105
600897.SH,机场,2024-11-20,value_quality_sector_stopfall,1.4578930983801026,14.1233,1.4637,645413.832,69507.07005000001,8.676,27.9309,16.8644,13.8602,38.4239,60.0,0.07697099559555132,0.0202054361178845
600323.SH,环境保护,2024-11-20,value_quality_sector_stopfall,1.4381313726775011,10.9866,1.3805,1811701.3584,160940.37759999998,10.9758,16.1272,63.132,-2.5764,18.8151,57.0,0.09282785474930089,0.021471517928200345
000543.SZ,火力发电,2024-11-20,value_quality_sector_stopfall,1.3703752932840667,10.3296,1.144,1763619.6715,280284.46595,10.8158,9.9628,65.7132,11.5242,21.2933,60.0,0.04287374929243937,0.014082877324960608
601065.SH,化工原料,2024-11-20,value_quality_sector_stopfall,1.3626969792193009,12.0458,1.4057,598424.5295,76489.9439,8.5243,18.4817,23.0978,-9.0154,0.4917,59.0,0.11794263626540036,0.027912342953900326
002083.SZ,纺织,2024-11-20,value_quality_sector_stopfall,1.3191372750015367,11.2845,0.9854,425829.6441,201134.94520000002,8.5474,8.0944,48.3648,0.7262,36.9357,60.0,0.09599410169749034,0.020667173304046438
600428.SH,水运,2024-11-20,value_quality_sector_stopfall,1.2995035495675613,11.2622,1.255,1521975.3966,384047.07135,10.1599,11.3533,60.27,32.999,31.3786,60.0,0.07664023508755213,0.025503981146675736
600970.SH,建筑工程,2024-11-20,value_quality_sector_stopfall,1.2709994342237967,9.4885,1.393,2821679.2482,293058.5036,10.4689,6.8506,61.0388,0.7027,2.8968,57.0,0.15017912181784676,0.03494431240594986
000612.SZ,铝,2024-11-20,value_quality_sector_stopfall,1.211398090116138,10.7315,1.3339,823809.7813,478798.4779,8.8162,11.0258,21.6435,2.7117,49.4133,55.0,0.07489089298211526,0.021032530467356203
000065.SZ,建筑工程,2024-11-20,value_quality_sector_stopfall,1.1314614342237967,11.2942,1.25,1112532.5627,325599.18940000003,8.6562,5.5911,58.9856,-3.4755,9.7005,60.0,0.15017912181784676,0.03494431240594986
002588.SZ,农药化肥,2024-11-20,value_quality_sector_stopfall,1.088123889803577,11.8503,1.4002,930728.7198,254906.02375,10.4067,8.1504,41.2411,3.6426,14.6079,60.0,0.09821899208166829,0.025443564388575313
000338.SZ,汽车配件,2024-11-20,value_quality_sector_stopfall,1.078757586780145,11.1219,1.4596,12138640.538,1546687.0096,10.1375,6.3857,64.7327,0.9792,29.2326,54.0,0.13944496510998494,0.03548262167016025
000404.SZ,家用电器,2024-11-20,value_quality_sector_stopfall,1.0645594499888806,11.2582,1.3046,521300.9883,168201.7673,9.6151,5.3829,62.9823,-9.6885,36.6774,60.0,0.09492417221168914,0.025881277777191514
603995.SH,特种钢,2024-11-20,value_quality_sector_stopfall,1.0163972295596082,9.8563,1.3253,711125.3062,94586.2087,10.9059,2.3857,57.0606,12.1842,85.1165,60.0,0.03507591758066009,0.006181978645614539
002078.SZ,造纸,2024-11-20,value_quality_sector_stopfall,0.9110864941506598,12.3579,1.5215,4211421.6903,403558.69225,9.1521,7.9681,46.3695,6.0697,15.0795,57.0,0.08238462412228276,0.0208745366950438
601216.SH,化工原料,2024-11-20,value_quality_sector_stopfall,0.8977416458859673,15.624,1.6466,4354016.9732,1180889.97085,8.392,12.4862,37.2334,30.0203,2.9229,48.0,0.11794263626540036,0.027912342953900326
000411.SZ,医药商业,2024-11-20,value_quality_sector_stopfall,0.854959732793809,11.9581,1.305,571753.7846,73965.96645,8.1527,1.6938,69.36,3.5916,-2.8998,60.0,0.11416896047578051,0.025429438984695185
600368.SH,路桥,2024-11-21,value_quality_sector_stopfall,2.159175483641672,9.2716,0.9316,627765.0046,103791.1928,8.6855,46.3254,30.6102,3.122,2.985,60.0,0.04364420744872288,0.007284609526282182
000598.SZ,水务,2024-11-21,value_quality_sector_stopfall,1.8710487271761322,11.2018,1.2466,2217434.9977,201446.19375,9.4448,26.8684,59.3469,9.1716,9.1358,60.0,0.14781564424052784,0.02768108293560423
601298.SH,港口,2024-11-21,value_quality_sector_stopfall,1.7796439243494253,11.4024,1.365,5777079.0,137159.62410000002,9.5191,31.0062,24.6688,2.3394,3.7808,53.0,0.05745842868765183,0.011581495661773467
600461.SH,水务,2024-11-21,value_quality_sector_stopfall,1.570288727176132,10.9948,1.3754,1227931.9298,173239.6344,10.8563,18.3138,58.5327,-1.2249,3.8247,57.0,0.14781564424052784,0.02768108293560423
600897.SH,机场,2024-11-21,value_quality_sector_stopfall,1.4750375825421709,13.9044,1.441,635407.416,72623.5558,8.676,27.9309,16.8644,13.8602,38.4239,60.0,0.06587122992850292,0.018723019280334707
600323.SH,环境保护,2024-11-21,value_quality_sector_stopfall,1.4063148597970805,11.1053,1.3954,1831269.6899,168431.267,10.9758,16.1272,63.132,-2.5764,18.8151,57.0,0.08053720793688801,0.019792318526859143
601065.SH,化工原料,2024-11-21,value_quality_sector_stopfall,1.373270726800206,12.0458,1.4057,598424.5295,77590.67439999999,8.5243,18.4817,23.0978,-9.0154,0.4917,59.0,0.13053319619947934,0.02589553060072647
002083.SZ,纺织,2024-11-21,value_quality_sector_stopfall,1.326168800263806,11.3998,0.9954,430183.7304,203728.31635,8.5474,8.0944,48.3648,0.7262,36.9357,60.0,0.11709656412109837,0.020949569476040875
600428.SH,水运,2024-11-21,value_quality_sector_stopfall,1.2797457052118113,11.2622,1.255,1521975.3966,386230.3043,10.1599,11.3533,60.27,32.999,31.3786,60.0,0.061426308812310815,0.020960063066167045
600970.SH,建筑工程,2024-11-21,value_quality_sector_stopfall,1.2454915148893662,9.5151,1.3969,2829605.3135,296853.01745000004,10.4689,6.8506,61.0388,0.7027,2.8968,57.0,0.13103811660716125,0.03295073161553819
000612.SZ,铝,2024-11-21,value_quality_sector_stopfall,1.2009156415291387,10.7004,1.33,821425.3825,472953.94865,8.8162,11.0258,21.6435,2.7117,49.4133,55.0,0.06242621551560967,0.01834142601352906
002588.SZ,农药化肥,2024-11-21,value_quality_sector_stopfall,1.0998392505446117,11.7623,1.3898,923817.368,268442.81005000003,10.4067,8.1504,41.2411,3.6426,14.6079,60.0,0.09860626762686353,0.02397164958441489
000065.SZ,建筑工程,2024-11-21,value_quality_sector_stopfall,1.0931868482226996,11.4163,1.2635,1124559.9417,331072.02170000004,8.6562,5.5911,58.9856,-3.4755,9.7005,60.0,0.13103811660716125,0.03295073161553819
000404.SZ,家用电器,2024-11-21,value_quality_sector_stopfall,1.08965705249188,11.0778,1.2837,512949.0365,163625.95880000002,9.6151,5.3829,62.9823,-9.6885,36.6774,60.0,0.09730388086598829,0.022639171625891796
000338.SZ,汽车配件,2024-11-21,value_quality_sector_stopfall,1.056409042641975,11.2658,1.4785,12295718.5608,1581771.32195,10.1375,6.3857,64.7327,0.9792,29.2326,54.0,0.1426214253288951,0.03215095064641327
002078.SZ,造纸,2024-11-21,value_quality_sector_stopfall,0.9131051551670456,12.3251,1.5174,4200243.3979,416292.3174,9.1521,7.9681,46.3695,6.0697,15.0795,56.0,0.08465481763291671,0.018436337534128988
601216.SH,化工原料,2024-11-21,value_quality_sector_stopfall,0.9083153934668724,15.2304,1.6051,4244322.7472,1225527.5777999999,8.392,12.4862,37.2334,30.0203,2.9229,47.0,0.13053319619947934,0.02589553060072647
000411.SZ,医药商业,2024-11-21,value_quality_sector_stopfall,0.841825439945472,11.9472,1.3038,571231.6351,72129.73695,8.1527,1.6938,69.36,3.5916,-2.8998,60.0,0.10181355699075345,0.023123882954718677
600332.SH,中成药,2024-11-21,value_quality_sector_stopfall,0.8218035907234891,13.739,1.3222,4703413.2155,294619.73285,8.8808,5.5697,51.9868,1.5046,-16.6772,60.0,0.06700249491898758,0.011312429137834812
600469.SH,汽车配件,2024-11-21,value_quality_sector_stopfall,0.7979730426419751,14.1388,1.4332,485084.8292,83694.34874999999,8.3216,5.6517,54.7389,14.783,-2.0483,52.0,0.1426214253288951,0.03215095064641327
600368.SH,路桥,2024-11-22,value_quality_sector_stopfall,2.1876596698909445,9.0101,0.9053,610058.8122,103353.55,8.6855,46.3254,30.6102,3.122,2.985,60.0,0.036451411570986414,0.00799492498662513
000598.SZ,水务,2024-11-22,value_quality_sector_stopfall,1.9270389685263722,10.7947,1.2013,2136855.2602,196056.72515,9.4448,26.8684,59.3469,9.1716,9.1358,60.0,0.14443245762912893,0.029714510897243196
600461.SH,水务,2024-11-22,value_quality_sector_stopfall,1.620258968526372,10.653,1.3326,1189757.8801,169999.93065,10.8563,18.3138,58.5327,-1.2249,3.8247,58.0,0.14443245762912893,0.029714510897243196
600897.SH,机场,2024-11-22,value_quality_sector_stopfall,1.517114753563206,13.357,1.3842,610391.376,74947.38304999999,8.676,27.9309,16.8644,13.8602,38.4239,60.0,0.036019286495955205,0.01629213373391747
600323.SH,环境保护,2024-11-22,value_quality_sector_stopfall,1.4333487764885897,10.6553,1.3389,1757073.0996,168957.9986,10.9758,16.1272,63.132,-2.5764,18.8151,57.0,0.04218801092961466,0.01750876555897518
601065.SH,化工原料,2024-11-22,value_quality_sector_stopfall,1.3874558892102327,11.5929,1.3528,575927.3668,82061.21710000001,8.5243,18.4817,23.0978,-9.0154,0.4917,59.0,0.08206717476854863,0.023086714441683975
002083.SZ,纺织,2024-11-22,value_quality_sector_stopfall,1.3322702186633337,11.1691,0.9753,421475.5577,191923.77285,8.5474,8.0944,48.3648,0.7262,36.9357,60.0,0.09466196239327007,0.020705589603396968
600970.SH,建筑工程,2024-11-22,value_quality_sector_stopfall,1.2228505337482356,9.2486,1.3578,2750344.6605,302373.47505,10.4689,6.8506,61.0388,0.7027,2.8968,57.0,0.06744723793659713,0.03006729581163836
002588.SZ,农药化肥,2024-11-22,value_quality_sector_stopfall,1.1321039085334546,11.2196,1.3257,881197.3647,276813.822,10.4067,8.1504,41.2411,3.6426,14.6079,60.0,0.05492336314612123,0.021005878720666837
000404.SZ,家用电器,2024-11-22,value_quality_sector_stopfall,1.1067205431467406,10.7021,1.2402,495549.137,159233.53165,9.6151,5.3829,62.9823,-9.6885,36.6774,60.0,0.0641420773983572,0.018817799081716657
000338.SZ,汽车配件,2024-11-22,value_quality_sector_stopfall,1.0760542385438252,10.802,1.4176,11789578.2652,1598492.22325,10.1375,6.3857,64.7327,0.9792,29.2326,54.0,0.09409589850622702,0.028801673370931535
000065.SZ,建筑工程,2024-11-22,value_quality_sector_stopfall,1.0581725337482355,11.1924,1.2387,1102509.7468,340277.05375,8.6562,5.5911,58.9856,-3.4755,9.7005,60.0,0.06744723793659713,0.03006729581163836
002078.SZ,造纸,2024-11-22,value_quality_sector_stopfall,0.9418158173180115,11.7921,1.4518,4018596.1451,417899.10125,9.1521,7.9681,46.3695,6.0697,15.0795,56.0,0.04972416002393909,0.014410990627405695
601216.SH,化工原料,2024-11-22,value_quality_sector_stopfall,0.9002205558768992,14.3523,1.5125,3999620.2429,1258832.94695,8.392,12.4862,37.2334,30.0203,2.9229,46.0,0.08206717476854863,0.023086714441683975
000411.SZ,医药商业,2024-11-22,value_quality_sector_stopfall,0.8599450978082285,11.4994,1.2549,549823.5025,70714.2617,8.1527,1.6938,69.36,3.5916,-2.8998,60.0,0.060376204798322064,0.02022755967657308
600332.SH,中成药,2024-11-22,value_quality_sector_stopfall,0.8369851905703385,13.3258,1.2825,4561969.4029,295286.8666,8.8808,5.5697,51.9868,1.5046,-16.6772,60.0,0.03118346210060463,0.008299728469733703
600469.SH,汽车配件,2024-11-22,value_quality_sector_stopfall,0.8202849052104919,13.586,1.3772,466119.1066,83253.57675,8.3216,5.6517,54.7389,14.783,-2.0483,52.0,0.09409589850622702,0.028801673370931535
600866.SH,饲料,2024-11-22,value_quality_sector_stopfall,0.7815825152524206,12.7042,1.4421,1099894.8718,445993.96495000005,8.9173,5.3302,45.7321,0.4788,38.3774,57.0,0.039396253452630425,0.01616759513312349
600368.SH,路桥,2024-11-25,value_quality_sector_stopfall,2.1953316325808725,9.1051,0.9149,616497.4276,102817.2235,8.6855,46.3254,30.6102,3.122,2.985,60.0,0.056483714131294604,0.008367918449578182
000598.SZ,水务,2024-11-25,value_quality_sector_stopfall,1.936118979160314,10.7797,1.1996,2133870.8255,190606.0816,9.4448,26.8684,59.3469,9.1716,9.1358,60.0,0.1509748918812801,0.030118753945700405
601298.SH,港口,2024-11-25,value_quality_sector_stopfall,1.7821075011390035,11.2615,1.3481,5705676.9,140691.29534999997,9.5191,31.0062,24.6688,2.3394,3.7808,55.0,0.041970976888241474,0.008872524250762126
600461.SH,水务,2024-11-25,value_quality_sector_stopfall,1.6135323124936471,10.7441,1.344,1199937.6267,164007.13984999998,10.8563,18.3138,58.5327,-1.2249,3.8247,59.0,0.1509748918812801,0.030118753945700405
600897.SH,机场,2024-11-25,value_quality_sector_stopfall,1.5071292411422634,13.4482,1.3937,614560.716,75150.55415000001,8.676,27.9309,16.8644,13.8602,38.4239,60.0,0.041112011968607254,0.013627229173656108
600323.SH,环境保护,2024-11-25,value_quality_sector_stopfall,1.4474431047317076,10.6405,1.337,1754627.0582,163973.2295,10.9758,16.1272,63.132,-2.5764,18.8151,57.0,0.05592426453877275,0.0156135068596015
601065.SH,化工原料,2024-11-25,value_quality_sector_stopfall,1.3965030699403995,11.6576,1.3604,579141.2472,81537.92,8.5243,18.4817,23.0978,-9.0154,0.4917,59.0,0.10128698177484874,0.022294088165550896
002083.SZ,纺织,2024-11-25,value_quality_sector_stopfall,1.3151309710029877,11.6306,1.0156,438891.9031,183222.8111,8.5474,8.0944,48.3648,0.7262,36.9357,60.0,0.1338693747123132,0.021992262957341024
600970.SH,建筑工程,2024-11-25,value_quality_sector_stopfall,1.248294815782156,9.1153,1.3382,2710714.334,296893.3698,10.4689,6.8506,61.0388,0.7027,2.8968,57.0,0.07343067999794606,0.027574802450876623
002588.SZ,农药化肥,2024-11-25,value_quality_sector_stopfall,1.13182540334095,11.3223,1.3378,889260.6086,277251.36835,10.4067,8.1504,41.2411,3.6426,14.6079,60.0,0.07235026732170269,0.018213802685914215
000338.SZ,汽车配件,2024-11-25,value_quality_sector_stopfall,1.1097148904438834,10.7061,1.405,11684859.5833,1589064.6092500002,10.1375,6.3857,64.7327,0.9792,29.2326,54.0,0.11435229388669854,0.027412596557184754
000404.SZ,家用电器,2024-11-25,value_quality_sector_stopfall,1.106031372033598,10.8524,1.2576,502509.0968,153447.32825,9.6151,5.3829,62.9823,-9.6885,36.6774,60.0,0.0866866589057198,0.01720404646121132
000065.SZ,建筑工程,2024-11-25,value_quality_sector_stopfall,1.105956815782156,10.877,1.2038,1071439.0176,340310.223,8.6562,5.5911,58.9856,-3.4755,9.7005,60.0,0.07343067999794606,0.027574802450876623
601216.SH,化工原料,2024-11-25,value_quality_sector_stopfall,0.9476144032737329,14.0798,1.4838,3923678.0864,1274719.57245,8.392,12.4862,37.2334,30.0203,2.9229,46.0,0.10128698177484874,0.022294088165550896
002078.SZ,造纸,2024-11-25,value_quality_sector_stopfall,0.9267091841626203,11.9479,1.471,4071693.0344,426631.35990000004,9.1521,7.9681,46.3695,6.0697,15.0795,56.0,0.06110290748755842,0.011112276675061983
600332.SH,中成药,2024-11-25,value_quality_sector_stopfall,0.8414486812021803,13.3638,1.2861,4574975.7305,290160.10705,8.8808,5.5697,51.9868,1.5046,-16.6772,60.0,0.04248649687656769,0.006393517658945802
000411.SZ,医药商业,2024-11-25,value_quality_sector_stopfall,0.8367546073219119,11.7834,1.2859,563399.3914,68657.15655,8.1527,1.6938,69.36,3.5916,-2.8998,60.0,0.07852828276479906,0.018484991223779668
600469.SH,汽车配件,2024-11-25,value_quality_sector_stopfall,0.8077588904438833,13.8199,1.4009,474143.0662,80595.0824,8.3216,5.6517,54.7389,14.783,-2.0483,52.0,0.11435229388669854,0.027412596557184754
600866.SH,饲料,2024-11-25,value_quality_sector_stopfall,0.7870308444762639,12.7618,1.4486,1104879.2896,423529.25675,8.9173,5.3302,45.7321,0.4788,38.3774,57.0,0.05732615863891999,0.011859352504010712
600368.SH,路桥,2024-11-26,value_quality_sector_stopfall,2.1812590834253545,9.224,0.9268,624545.6969,103379.61439999999,8.6855,46.3254,30.6102,3.122,2.985,60.0,0.05672658799846553,0.009912495426888546
000598.SZ,水务,2024-11-26,value_quality_sector_stopfall,1.9094897884470576,10.7043,1.1912,2118948.6519,184027.81650000002,9.4448,26.8684,59.3469,9.1716,9.1358,60.0,0.11417002389173092,0.029667764555326714
601298.SH,港口,2024-11-26,value_quality_sector_stopfall,1.7994804163104863,11.1205,1.3312,5634274.8,138231.1848,9.5191,31.0062,24.6688,2.3394,3.7808,56.0,0.03902807195097213,0.008521677692847396
600461.SH,水务,2024-11-26,value_quality_sector_stopfall,1.586563121780391,10.6758,1.3354,1192302.8168,155572.24525,10.8563,18.3138,58.5327,-1.2249,3.8247,60.0,0.11417002389173092,0.029667764555326714
600897.SH,机场,2024-11-26,value_quality_sector_stopfall,1.4843365527448946,13.5486,1.4041,619146.99,71195.00085,8.676,27.9309,16.8644,13.8602,38.4239,60.0,0.03353990684036878,0.012033312571192445
600323.SH,环境保护,2024-11-26,value_quality_sector_stopfall,1.4326703972684687,10.6009,1.332,1748104.281,157854.66479999997,10.9758,16.1272,63.132,-2.5764,18.8151,57.0,0.03782907247327949,0.012962658128522708
601065.SH,化工原料,2024-11-26,value_quality_sector_stopfall,1.3853014593680435,11.58,1.3513,575284.5907,79765.2863,8.5243,18.4817,23.0978,-9.0154,0.4917,59.0,0.08024615392318846,0.020893305444855015
002083.SZ,纺织,2024-11-26,value_quality_sector_stopfall,1.2848039180493,11.967,1.0058,451585.6772,170643.4609,8.5474,8.0944,48.3648,0.7262,36.9357,60.0,0.1185011064021364,0.022926811647163703
600970.SH,建筑工程,2024-11-26,value_quality_sector_stopfall,1.2377604957922883,9.0531,1.3291,2692220.1816,291298.35965,10.4689,6.8506,61.0388,0.7027,2.8968,57.0,0.05588338388416059,0.02437444524146093
002588.SZ,农药化肥,2024-11-26,value_quality_sector_stopfall,1.1358526605620047,11.1903,1.3222,878893.5807,277580.04065,10.4067,8.1504,41.2411,3.6426,14.6079,60.0,0.05950176358541959,0.01588956364325189
000404.SZ,家用电器,2024-11-26,value_quality_sector_stopfall,1.1228378397891785,10.6269,1.2315,492069.1572,145924.29695000002,9.6151,5.3829,62.9823,-9.6885,36.6774,60.0,0.07281754874977087,0.015446291039407534
000338.SZ,汽车配件,2024-11-26,value_quality_sector_stopfall,1.1132839105274233,10.4742,1.3746,11431789.4355,1578331.3269,10.1375,6.3857,64.7327,0.9792,29.2326,54.0,0.08570609935917628,0.02390114450158043
000065.SZ,建筑工程,2024-11-26,value_quality_sector_stopfall,1.1108824957922883,10.6939,1.1836,1053397.949,331290.6352,8.6562,5.5911,58.9856,-3.4755,9.7005,60.0,0.05588338388416059,0.02437444524146093
601216.SH,化工原料,2024-11-26,value_quality_sector_stopfall,0.9541727927013768,13.8678,1.4615,3864611.9646,1282197.0962999999,8.392,12.4862,37.2334,30.0203,2.9229,46.0,0.08024615392318846,0.020893305444855015
002078.SZ,造纸,2024-11-26,value_quality_sector_stopfall,0.890742213704758,12.1201,1.4922,4130379.0699,430116.92154999997,9.1521,7.9681,46.3695,6.0697,15.0795,56.0,0.05297634476027424,0.008885202277817195
600332.SH,中成药,2024-11-26,value_quality_sector_stopfall,0.846278087973501,13.3828,1.2879,4581478.8943,285175.86695000005,8.8808,5.5697,51.9868,1.5046,-16.6772,60.0,0.04946224482752237,0.00671384314597856
600866.SH,饲料,2024-11-26,value_quality_sector_stopfall,0.8290748539698624,12.3779,1.405,1071649.8373,385421.19924999995,8.9173,5.3302,45.7321,0.4788,38.3774,57.0,0.04674321845154039,0.0098263021849887
000411.SZ,医药商业,2024-11-26,value_quality_sector_stopfall,0.8051290260052821,11.9581,1.305,571753.7846,68657.69954999999,8.1527,1.6938,69.36,3.5916,-2.8998,60.0,0.07140818420340378,0.01835950846854506
600469.SH,汽车配件,2024-11-26,value_quality_sector_stopfall,0.80417457719409,13.6073,1.3793,466848.5574,73501.23895,8.3216,5.6517,54.7389,14.783,-2.0483,52.0,0.08570609935917628,0.02390114450158043
600368.SH,路桥,2024-11-27,value_quality_sector_stopfall,2.1898814884773836,9.1527,0.9197,619716.7353,105049.00155,8.6855,46.3254,30.6102,3.122,2.985,60.0,0.054676086850004246,0.011098734960712564
000598.SZ,水务,2024-11-27,value_quality_sector_stopfall,1.8859108290596507,10.8098,1.203,2139839.695,182702.86755,9.4448,26.8684,59.3469,9.1716,9.1358,60.0,0.10714922075743005,0.028009608302220546
601298.SH,港口,2024-11-27,value_quality_sector_stopfall,1.811771467706576,11.0309,1.3205,5588837.1,136933.4793,9.5191,31.0062,24.6688,2.3394,3.7808,57.0,0.039557976267667216,0.00717615810557537
600461.SH,水务,2024-11-27,value_quality_sector_stopfall,1.565904162392984,10.7555,1.3454,1201210.095,149906.8687,10.8563,18.3138,58.5327,-1.2249,3.8247,60.0,0.10714922075743005,0.028009608302220546
600897.SH,机场,2024-11-27,value_quality_sector_stopfall,1.4869131753234248,13.5851,1.4079,620814.726,68471.48515,8.676,27.9309,16.8644,13.8602,38.4239,60.0,0.04254637059373212,0.010570138063025869
600323.SH,环境保护,2024-11-27,value_quality_sector_stopfall,1.4287029769667834,10.6801,1.342,1761149.8354,154922.0913,10.9758,16.1272,63.132,-2.5764,18.8151,57.0,0.04887593984394156,0.009895037122841899
601065.SH,化工原料,2024-11-27,value_quality_sector_stopfall,1.3864517414439075,11.6447,1.3588,578498.4711,80124.50110000001,8.5243,18.4817,23.0978,-9.0154,0.4917,59.0,0.09271227231718515,0.01889080246005559
002083.SZ,纺织,2024-11-27,value_quality_sector_stopfall,1.2778426049534113,12.1608,1.0221,458898.8056,167176.3765,8.5474,8.0944,48.3648,0.7262,36.9357,60.0,0.1345416766604981,0.023711594959579863
600970.SH,建筑工程,2024-11-27,value_quality_sector_stopfall,1.2378301998172108,9.1153,1.3382,2710714.334,288472.87755,10.4689,6.8506,61.0388,0.7027,2.8968,57.0,0.0703419533058347,0.020198913178042677
000404.SZ,家用电器,2024-11-27,value_quality_sector_stopfall,1.1670379463563099,10.5217,1.2193,487197.1853,141399.3119,9.6151,5.3829,62.9823,-9.6885,36.6774,60.0,0.10410551264662748,0.013211767043015632
002588.SZ,农药化肥,2024-11-27,value_quality_sector_stopfall,1.1332233909049916,11.161,1.3187,876589.7968,278892.64160000003,10.4067,8.1504,41.2411,3.6426,14.6079,60.0,0.05615825070518654,0.01231714019980501
000065.SZ,建筑工程,2024-11-27,value_quality_sector_stopfall,1.1083321998172109,10.7854,1.1937,1062418.4833,330941.59235,8.6562,5.5911,58.9856,-3.4755,9.7005,60.0,0.0703419533058347,0.020198913178042677
000338.SZ,汽车配件,2024-11-27,value_quality_sector_stopfall,1.097654577136577,10.6181,1.3935,11588867.4583,1568801.6911499999,10.1375,6.3857,64.7327,0.9792,29.2326,54.0,0.09585869219515519,0.020312551608088647
601216.SH,化工原料,2024-11-27,value_quality_sector_stopfall,0.935636408110574,14.0798,1.4838,3923678.0864,1293467.3616,8.392,12.4862,37.2334,30.0203,2.9229,46.0,0.09271227231718515,0.01889080246005559
002078.SZ,造纸,2024-11-27,value_quality_sector_stopfall,0.8893157748880617,12.1447,1.4952,4138762.7892,430675.88115,9.1521,7.9681,46.3695,6.0697,15.0795,56.0,0.05762892073959791,0.00644618748179715
600866.SH,饲料,2024-11-27,value_quality_sector_stopfall,0.8306472804911389,12.4355,1.4116,1076634.2552,377247.03020000004,8.9173,5.3302,45.7321,0.4788,38.3774,57.0,0.058604429490778376,0.007777517667027167
600332.SH,中成药,2024-11-27,value_quality_sector_stopfall,0.824873202472319,13.6203,1.3108,4662768.4417,288680.22505,8.8808,5.5697,51.9868,1.5046,-16.6772,60.0,0.05948244263389402,0.006388759838424907
600469.SH,汽车配件,2024-11-27,value_quality_sector_stopfall,0.7907519104699104,13.7561,1.3944,471954.7135,71814.4834,8.3216,5.6517,54.7389,14.783,-2.0483,52.0,0.09585869219515519,0.020312551608088647
000411.SZ,医药商业,2024-11-27,value_quality_sector_stopfall,0.7807400085234673,12.0127,1.3109,574364.5325,69093.03589999999,8.1527,1.6938,69.36,3.5916,-2.8998,60.0,0.05623644484424806,0.016715563679219336
600368.SH,路桥,2024-11-28,value_quality_sector_stopfall,2.180055910578038,9.1765,0.9221,621326.3892,104618.89705,8.6855,46.3254,30.6102,3.122,2.985,60.0,0.04751352561988842,0.011622384958150045
000598.SZ,水务,2024-11-28,value_quality_sector_stopfall,1.901798066409233,10.6892,1.1895,2115964.2172,183055.6637,9.4448,26.8684,59.3469,9.1716,9.1358,60.0,0.10853509479451318,0.025470971614719895
601298.SH,港口,2024-11-28,value_quality_sector_stopfall,1.82089074680063,10.9668,1.3128,5556381.6,133442.63045,9.5191,31.0062,24.6688,2.3394,3.7808,58.0,0.04008720578285807,0.006359541017771697
600461.SH,水务,2024-11-28,value_quality_sector_stopfall,1.5715913997425663,10.7099,1.3397,1196120.2217,147074.09804999997,10.8563,18.3138,58.5327,-1.2249,3.8247,60.0,0.10853509479451318,0.025470971614719895
600897.SH,机场,2024-11-28,value_quality_sector_stopfall,1.4876639407967072,13.6854,1.4183,625401.0,66627.25779999999,8.676,27.9309,16.8644,13.8602,38.4239,60.0,0.05763027899893891,0.009856995131101387
600323.SH,环境保护,2024-11-28,value_quality_sector_stopfall,1.4537316571171939,10.6702,1.3407,1759519.1411,155784.5171,10.9758,16.1272,63.132,-2.5764,18.8151,57.0,0.07549872595787566,0.006774264492651616
601065.SH,化工原料,2024-11-28,value_quality_sector_stopfall,1.3810913486287602,11.6705,1.3619,579784.0233,80197.41635,8.5243,18.4817,23.0978,-9.0154,0.4917,59.0,0.0943868757287567,0.015642472900003535
002083.SZ,纺织,2024-11-28,value_quality_sector_stopfall,1.3037887821465235,12.0154,1.0099,453413.9593,163753.7433,8.5474,8.0944,48.3648,0.7262,36.9357,60.0,0.14340067135085288,0.02297211079567063
600970.SH,建筑工程,2024-11-28,value_quality_sector_stopfall,1.2364151670046635,9.1686,1.3461,2726566.4646,285129.50695,10.4689,6.8506,61.0388,0.7027,2.8968,57.0,0.08246443602323583,0.015481397648094308
000404.SZ,家用电器,2024-11-28,value_quality_sector_stopfall,1.1743015066984241,10.4916,1.2158,485805.1933,134755.5685,9.6151,5.3829,62.9823,-9.6885,36.6774,60.0,0.1089006428880519,0.011340197143705488
002588.SZ,农药化肥,2024-11-28,value_quality_sector_stopfall,1.1441505305817141,11.205,1.3239,880045.4727,281766.25635000004,10.4067,8.1504,41.2411,3.6426,14.6079,60.0,0.07635367848847618,0.009448852093238091
000065.SZ,建筑工程,2024-11-28,value_quality_sector_stopfall,1.1385905003379968,10.6226,1.1757,1046381.9779,327288.96654999995,8.6562,5.5911,58.9856,-3.4755,9.7005,60.0,0.08246443602323583,0.015481397648094308
000338.SZ,汽车配件,2024-11-28,value_quality_sector_stopfall,1.1032342208311867,10.5462,1.3841,11510328.4469,1522844.2735,10.1375,6.3857,64.7327,0.9792,29.2326,54.0,0.09438354463338361,0.016307342864469998
002078.SZ,造纸,2024-11-28,value_quality_sector_stopfall,0.943702662544298,11.8167,1.4548,4026979.8645,424161.9754,9.1521,7.9681,46.3695,6.0697,15.0795,56.0,0.06514157625228734,0.004520419625344108
601216.SH,化工原料,2024-11-28,value_quality_sector_stopfall,0.9133026819620935,14.2312,1.4998,3965868.1733,1305855.4434,8.392,12.4862,37.2334,30.0203,2.9229,46.0,0.0943868757287567,0.015642472900003535
600866.SH,饲料,2024-11-28,value_quality_sector_stopfall,0.8516766142173727,12.3779,1.405,1071649.8373,364874.31899999996,8.9173,5.3302,45.7321,0.4788,38.3774,57.0,0.07268232121191653,0.006488959672122929
600332.SH,中成药,2024-11-28,value_quality_sector_stopfall,0.8278895406236371,13.6345,1.3122,4667645.8146,282589.02139999997,8.8808,5.5697,51.9868,1.5046,-16.6772,60.0,0.06444170906359825,0.006325831560038742
600469.SH,汽车配件,2024-11-28,value_quality_sector_stopfall,0.7823848874978536,13.7774,1.3966,472684.1644,69962.33595000001,8.3216,5.6517,54.7389,14.783,-2.0483,52.0,0.09438354463338361,0.016307342864469998
000411.SZ,医药商业,2024-11-28,value_quality_sector_stopfall,0.7470384386327407,12.1547,1.3264,581152.477,70260.80815000001,8.1527,1.6938,69.36,3.5916,-2.8998,60.0,0.04438593102588473,0.014664507606856114
600368.SH,路桥,2024-11-29,value_quality_sector_stopfall,2.1777857066679553,9.2478,0.9292,626155.3508,103348.8029,8.6855,46.3254,30.6102,3.122,2.985,60.0,0.05390778096105575,0.012444592373566765
000598.SZ,水务,2024-11-29,value_quality_sector_stopfall,1.8861106079431593,10.6289,1.1828,2104026.4783,180785.13195,9.4448,26.8684,59.3469,9.1716,9.1358,60.0,0.08628286720393841,0.023549074072554133
601298.SH,港口,2024-11-29,value_quality_sector_stopfall,1.8254895075803466,10.9412,1.3098,5543399.4,128332.02089999997,9.5191,31.0062,24.6688,2.3394,3.7808,59.0,0.03959772046590837,0.007741120447771754
600461.SH,水务,2024-11-29,value_quality_sector_stopfall,1.5884439412764924,10.4365,1.3055,1165580.982,149561.60965,10.8563,18.3138,58.5327,-1.2249,3.8247,60.0,0.08628286720393841,0.023549074072554133
600897.SH,机场,2024-11-29,value_quality_sector_stopfall,1.4511015049704437,13.7584,1.4259,628736.472,65979.3046,8.676,27.9309,16.8644,13.8602,38.4239,60.0,0.03039704394646381,0.010461127690646554
600323.SH,环境保护,2024-11-29,value_quality_sector_stopfall,1.4445731686456456,10.7147,1.3463,1766857.2654,153458.81439999997,10.9758,16.1272,63.132,-2.5764,18.8151,57.0,0.07107920675444834,0.008735295224530759
601065.SH,化工原料,2024-11-29,value_quality_sector_stopfall,1.350609494159724,11.774,1.3739,584926.2319,77990.24055,8.5243,18.4817,23.0978,-9.0154,0.4917,59.0,0.07696220890731542,0.017485285252408334
002083.SZ,纺织,2024-11-29,value_quality_sector_stopfall,1.252051559864085,12.3061,1.0343,464383.6519,165779.2115,8.5474,8.0944,48.3648,0.7262,36.9357,60.0,0.12385012681295837,0.026432099717793145
600970.SH,建筑工程,2024-11-29,value_quality_sector_stopfall,1.2165526923322603,9.2664,1.3604,2755628.704,279376.9088,10.4689,6.8506,61.0388,0.7027,2.8968,57.0,0.07846229660655313,0.01567439572570728
000404.SZ,家用电器,2024-11-29,value_quality_sector_stopfall,1.1380969357504975,10.7471,1.2454,497637.125,127792.9757,9.6151,5.3829,62.9823,-9.6885,36.6774,60.0,0.10534424800998399,0.015458687740513621
002588.SZ,农药化肥,2024-11-29,value_quality_sector_stopfall,1.1276149981813302,11.2929,1.3343,886956.8246,281204.77945000003,10.4067,8.1504,41.2411,3.6426,14.6079,60.0,0.07071376294726428,0.01134656856739924
000065.SZ,建筑工程,2024-11-29,value_quality_sector_stopfall,1.0933746923322605,10.9177,1.2083,1075448.1439,326942.50214999996,8.6562,5.5911,58.9856,-3.4755,9.7005,60.0,0.07846229660655313,0.01567439572570728
000338.SZ,汽车配件,2024-11-29,value_quality_sector_stopfall,1.0510902581656767,10.7301,1.4082,11711039.2538,1509453.6857999999,10.1375,6.3857,64.7327,0.9792,29.2326,54.0,0.06886263830028216,0.018010953198727808
002078.SZ,造纸,2024-11-29,value_quality_sector_stopfall,0.9229999542946236,12.0381,1.4821,4102433.3387,420110.74085,9.1521,7.9681,46.3695,6.0697,15.0795,56.0,0.07375143454855393,0.008167853079402931
601216.SH,化工原料,2024-11-29,value_quality_sector_stopfall,0.8874941608263904,14.3826,1.5157,4008058.2603,1313439.3557,8.392,12.4862,37.2334,30.0203,2.9229,45.0,0.07696220890731542,0.017485285252408334
600332.SH,中成药,2024-11-29,value_quality_sector_stopfall,0.803854027365687,13.777,1.3259,4716419.543,280879.37925,8.8808,5.5697,51.9868,1.5046,-16.6772,60.0,0.05608849121575887,0.009276869483261452
600866.SH,饲料,2024-11-29,value_quality_sector_stopfall,0.7983029943479617,12.7234,1.4443,1101556.3444,358187.105,8.9173,5.3302,45.7321,0.4788,38.3774,57.0,0.06584690175647445,0.009184092591487225
600469.SH,汽车配件,2024-11-29,value_quality_sector_stopfall,0.73576759149901,13.9474,1.4138,478519.7714,67696.27245,8.3216,5.6517,54.7389,14.783,-2.0483,52.0,0.06886263830028216,0.018010953198727808
000411.SZ,医药商业,2024-11-29,value_quality_sector_stopfall,0.7304919886757966,12.1765,1.3288,582196.7761,67563.9241,8.1527,1.6938,69.36,3.5916,-2.8998,60.0,0.030959452698464007,0.01459786931066609
600368.SH,路桥,2024-12-02,value_quality_sector_stopfall,2.1541975092190695,9.4617,0.9507,640642.2355,106502.60435,8.6855,46.3254,30.6102,3.122,2.985,60.0,0.05838442991198467,0.012973079307085023
000598.SZ,水务,2024-12-02,value_quality_sector_stopfall,1.8732875298214013,10.6138,1.1811,2101042.0436,180338.73675,9.4448,26.8684,59.3469,9.1716,9.1358,60.0,0.07206578266579267,0.022803080488942085
601298.SH,港口,2024-12-02,value_quality_sector_stopfall,1.84016493845326,10.9027,1.3052,5523926.1,127493.77105000001,9.5191,31.0062,24.6688,2.3394,3.7808,60.0,0.04670457926829785,0.009676359184962013
600461.SH,水务,2024-12-02,value_quality_sector_stopfall,1.5666408631547348,10.4821,1.3112,1170670.8553,151763.37805,10.8563,18.3138,58.5327,-1.2249,3.8247,60.0,0.07206578266579267,0.022803080488942085
600897.SH,机场,2024-12-02,value_quality_sector_stopfall,1.4843060293082138,13.7858,1.4287,629987.274,65682.80825,8.676,27.9309,16.8644,13.8602,38.4239,60.0,0.06504152804015106,0.012714501268062728
600323.SH,环境保护,2024-12-02,value_quality_sector_stopfall,1.4433150018876884,10.7097,1.3457,1766041.9182,151061.7885,10.9758,16.1272,63.132,-2.5764,18.8151,57.0,0.06580106684897014,0.01202193503871829
601065.SH,化工原料,2024-12-02,value_quality_sector_stopfall,1.3363659716426406,11.8776,1.386,590068.4405,79799.3626,8.5243,18.4817,23.0978,-9.0154,0.4917,59.0,0.07571889010872201,0.01945841486725186
002083.SZ,纺织,2024-12-02,value_quality_sector_stopfall,1.2323954506630972,12.4757,1.0486,470782.6392,170103.70309999998,8.5474,8.0944,48.3648,0.7262,36.9357,60.0,0.12247053366465432,0.02899558366510968
600970.SH,建筑工程,2024-12-02,value_quality_sector_stopfall,1.195238453937219,9.3463,1.3721,2779406.8999,276295.86595,10.4689,6.8506,61.0388,0.7027,2.8968,57.0,0.06858674744203652,0.017362373161849076
000612.SZ,铝,2024-12-02,value_quality_sector_stopfall,1.1744222560370547,10.6538,1.3242,817848.7843,325101.27015,8.8162,11.0258,21.6435,2.7117,49.4133,55.0,0.04433004317826805,0.002970879525453496
000404.SZ,家用电器,2024-12-02,value_quality_sector_stopfall,1.1085542003155897,11.0327,1.2785,510861.0486,126716.56745,9.6151,5.3829,62.9823,-9.6885,36.6774,60.0,0.1124541563391599,0.01991271064309652
002588.SZ,农药化肥,2024-12-02,value_quality_sector_stopfall,1.104917096547707,11.5276,1.3621,905387.0963,284107.92325,10.4067,8.1504,41.2411,3.6426,14.6079,60.0,0.07896457414775915,0.014577855733281408
000065.SZ,建筑工程,2024-12-02,value_quality_sector_stopfall,1.073760453937219,10.9991,1.2173,1083466.3966,326378.24134999997,8.6562,5.5911,58.9856,-3.4755,9.7005,60.0,0.06858674744203652,0.017362373161849076
000338.SZ,汽车配件,2024-12-02,value_quality_sector_stopfall,1.0237395623970067,10.898,1.4302,11894296.947,1489517.6564500001,10.1375,6.3857,64.7327,0.9792,29.2326,54.0,0.06645728173192711,0.01892561399841286
002078.SZ,造纸,2024-12-02,value_quality_sector_stopfall,0.9327007013414103,12.0053,1.478,4091255.0462,421512.01344999997,9.1521,7.9681,46.3695,6.0697,15.0795,56.0,0.0739432619569187,0.012756772717824827
600332.SH,中成药,2024-12-02,value_quality_sector_stopfall,0.8184987224233277,13.7675,1.325,4713167.9612,281775.26365,8.8808,5.5697,51.9868,1.5046,-16.6772,60.0,0.06568102865015124,0.01309569377317632
600866.SH,饲料,2024-12-02,value_quality_sector_stopfall,0.7887055848769118,13.0112,1.4769,1126478.4336,356105.6703,8.9173,5.3302,45.7321,0.4788,38.3774,57.0,0.09200315131395076,0.014350433562961173
000411.SZ,医药商业,2024-12-02,value_quality_sector_stopfall,0.7259243498444709,12.3185,1.3443,588984.7206,67512.69774999999,8.1527,1.6938,69.36,3.5916,-2.8998,60.0,0.046332034836626956,0.014457648341177354
600469.SH,汽车配件,2024-12-02,value_quality_sector_stopfall,0.6857102290636734,14.3089,1.4505,490920.4362,68149.60124999999,8.3216,5.6517,54.7389,14.783,-2.0483,52.0,0.06645728173192711,0.01892561399841286
600368.SH,路桥,2024-12-03,value_quality_sector_stopfall,2.1638487307030116,9.438,0.9483,639032.5816,106179.5439,8.6855,46.3254,30.6102,3.122,2.985,60.0,0.06508412095159755,0.012744609751414337
000598.SZ,水务,2024-12-03,value_quality_sector_stopfall,1.8459989860251047,10.7646,1.1979,2130886.3908,178966.68265,9.4448,26.8684,59.3469,9.1716,9.1358,60.0,0.06711912201290682,0.02171453067886442
601298.SH,港口,2024-12-03,value_quality_sector_stopfall,1.8459291224190166,10.9284,1.3082,5536908.3,126953.62975,9.5191,31.0062,24.6688,2.3394,3.7808,60.0,0.05512902865201941,0.010729427100330646
600461.SH,水务,2024-12-03,value_quality_sector_stopfall,1.5503189860251045,10.5504,1.3198,1178305.6652,151562.95859999998,10.8563,18.3138,58.5327,-1.2249,3.8247,60.0,0.06711912201290682,0.02171453067886442
600323.SH,环境保护,2024-12-03,value_quality_sector_stopfall,1.4667956564509548,10.596,1.3314,1747288.9339,147763.9223,10.9758,16.1272,63.132,-2.5764,18.8151,57.0,0.07035596984283443,0.013834353274787103
600897.SH,机场,2024-12-03,value_quality_sector_stopfall,1.4567892142797616,13.9135,1.4419,635824.35,64542.74844999999,8.676,27.9309,16.8644,13.8602,38.4239,60.0,0.056059322806503165,0.011493224806591762
601065.SH,化工原料,2024-12-03,value_quality_sector_stopfall,1.3331831037143769,11.9164,1.3906,591996.7688,79026.23155,8.5243,18.4817,23.0978,-9.0154,0.4917,59.0,0.07752239737112276,0.020125373009920677
002083.SZ,纺织,2024-12-03,value_quality_sector_stopfall,1.2111970799346992,12.8588,1.0519,485238.6172,165367.0815,8.5474,8.0944,48.3648,0.7262,36.9357,60.0,0.12698992253851005,0.031017824062856025
000612.SZ,铝,2024-12-03,value_quality_sector_stopfall,1.193034560626071,10.5762,1.3146,811887.7873,299452.56915,8.8162,11.0258,21.6435,2.7117,49.4133,55.0,0.05037365076014355,0.003966243199260644
600970.SH,建筑工程,2024-12-03,value_quality_sector_stopfall,1.1770624283814373,9.4796,1.3917,2819037.2265,268816.89824999997,10.4689,6.8506,61.0388,0.7027,2.8968,57.0,0.0712771445986129,0.01844928378282429
002588.SZ,农药化肥,2024-12-03,value_quality_sector_stopfall,1.1077705331283652,11.4836,1.3569,901931.4203,283874.39725,10.4067,8.1504,41.2411,3.6426,14.6079,60.0,0.07444495139325769,0.015550915068440752
000404.SZ,家用电器,2024-12-03,value_quality_sector_stopfall,1.0960587190007844,11.1229,1.289,515037.0245,122788.26479999998,9.6151,5.3829,62.9823,-9.6885,36.6774,60.0,0.10996944362871997,0.022915275372064503
000065.SZ,建筑工程,2024-12-03,value_quality_sector_stopfall,1.078951095048104,10.9889,1.2162,1082464.115,322147.14979999996,8.6562,5.5911,58.9856,-3.4755,9.7005,60.0,0.0712771445986129,0.01844928378282429
000338.SZ,汽车配件,2024-12-03,value_quality_sector_stopfall,1.0401798310510173,10.826,1.4208,11815757.9356,1420204.9644,10.1375,6.3857,64.7327,0.9792,29.2326,54.0,0.07124063041468198,0.019515867303002032
002078.SZ,造纸,2024-12-03,value_quality_sector_stopfall,0.9291361718750588,11.9725,1.474,4080076.7537,416827.4821,9.1521,7.9681,46.3695,6.0697,15.0795,56.0,0.0627192851384919,0.015562886736566917
600332.SH,中成药,2024-12-03,value_quality_sector_stopfall,0.81940066987912,13.7485,1.3231,4706664.7974,272492.62985,8.8808,5.5697,51.9868,1.5046,-16.6772,60.0,0.06279038604834164,0.014354950497444952
600866.SH,饲料,2024-12-03,value_quality_sector_stopfall,0.762976330212326,13.184,1.4965,1141431.6872,351112.74409999995,8.9173,5.3302,45.7321,0.4788,38.3774,57.0,0.08800986379008036,0.017201133088912357
000411.SZ,医药商业,2024-12-03,value_quality_sector_stopfall,0.7269242721778857,12.2639,1.3384,586373.9727,65627.06665,8.1527,1.6938,69.36,3.5916,-2.8998,60.0,0.041952749780085785,0.012263522397800042
600469.SH,汽车配件,2024-12-03,value_quality_sector_stopfall,0.6825638310510174,14.3727,1.4569,493108.7888,66377.50095,8.3216,5.6517,54.7389,14.783,-2.0483,52.0,0.07124063041468198,0.019515867303002032
600368.SH,路桥,2024-12-04,value_quality_sector_stopfall,2.1829303736266903,9.3429,0.9388,632593.9662,105081.50045,8.6855,46.3254,30.6102,3.122,2.985,60.0,0.07114586971197334,0.01309117058138387
000598.SZ,水务,2024-12-04,value_quality_sector_stopfall,1.8145032289808416,10.7194,1.1929,2121933.0866,172941.47850000003,9.4448,26.8684,59.3469,9.1716,9.1358,60.0,0.031497317959926496,0.019493911020915133
600461.SH,水务,2024-12-04,value_quality_sector_stopfall,1.5107832289808416,10.5618,1.3212,1179578.1336,149804.00634999998,10.8563,18.3138,58.5327,-1.2249,3.8247,60.0,0.031497317959926496,0.019493911020915133
600897.SH,机场,2024-12-04,value_quality_sector_stopfall,1.4662782518808886,13.6854,1.4183,625401.0,63110.83485,8.676,27.9309,16.8644,13.8602,38.4239,60.0,0.03638528964239218,0.009716295571829514
600323.SH,环境保护,2024-12-04,value_quality_sector_stopfall,1.4579068363997956,10.6108,1.3333,1749734.9753,143388.43699999998,10.9758,16.1272,63.132,-2.5764,18.8151,57.0,0.06343010235907331,0.014124734040722231
601065.SH,化工原料,2024-12-04,value_quality_sector_stopfall,1.3402832363916113,11.7352,1.3694,582997.9037,78105.4563,8.5243,18.4817,23.0978,-9.0154,0.4917,59.0,0.05995134307934191,0.018583226645602746
002083.SZ,纺织,2024-12-04,value_quality_sector_stopfall,1.2019584500804719,12.6583,1.0355,477671.5432,159349.74035,8.5474,8.0944,48.3648,0.7262,36.9357,60.0,0.09450095905244638,0.029968157694692188
000612.SZ,铝,2024-12-04,value_quality_sector_stopfall,1.1979437526109802,10.4519,1.2992,802350.1922,270444.70560000004,8.8162,11.0258,21.6435,2.7117,49.4133,55.0,0.03718775012287123,0.0035080024881088967
600970.SH,建筑工程,2024-12-04,value_quality_sector_stopfall,1.1877976421317347,9.2575,1.3591,2752986.6823,252738.1616,10.4689,6.8506,61.0388,0.7027,2.8968,57.0,0.04655055683530507,0.0173710852964295
002588.SZ,农药化肥,2024-12-04,value_quality_sector_stopfall,1.1300726724377927,11.1903,1.3222,878893.5807,283243.8734,10.4067,8.1504,41.2411,3.6426,14.6079,60.0,0.05437882410506645,0.015232514999393043
000065.SZ,建筑工程,2024-12-04,value_quality_sector_stopfall,1.0931396421317343,10.704,1.1847,1054400.2306,301523.8606,8.6562,5.5911,58.9856,-3.4755,9.7005,60.0,0.04655055683530507,0.0173710852964295
000404.SZ,家用电器,2024-12-04,value_quality_sector_stopfall,1.0806868576791802,11.183,1.2959,517821.0084,119975.519,9.6151,5.3829,62.9823,-9.6885,36.6774,60.0,0.10198390721271355,0.02413561713313328
000338.SZ,汽车配件,2024-12-04,value_quality_sector_stopfall,1.033243371270066,10.858,1.425,11850664.1629,1375624.2533,10.1375,6.3857,64.7327,0.9792,29.2326,54.0,0.0703599770954737,0.01839339417459218
002078.SZ,造纸,2024-12-04,value_quality_sector_stopfall,0.901235204989543,11.9561,1.472,4074487.6075,414184.85735,9.1521,7.9681,46.3695,6.0697,15.0795,56.0,0.032164979311306574,0.015789559011569754
600332.SH,中成药,2024-12-04,value_quality_sector_stopfall,0.8205131634602767,13.6345,1.3122,4667645.8146,261944.38435,8.8808,5.5697,51.9868,1.5046,-16.6772,60.0,0.04908899524208876,0.01430216821818786
600866.SH,饲料,2024-12-04,value_quality_sector_stopfall,0.7582093397518807,13.0688,1.4835,1131462.8515,338856.80925,8.9173,5.3302,45.7321,0.4788,38.3774,57.0,0.06662913087754219,0.01746820887433853
600469.SH,汽车配件,2024-12-04,value_quality_sector_stopfall,0.7119540379367326,14.1388,1.4332,485084.8292,64921.57125,8.3216,5.6517,54.7389,14.783,-2.0483,52.0,0.0703599770954737,0.01839339417459218
600368.SH,路桥,2024-12-05,value_quality_sector_stopfall,2.1779780179683055,9.3667,0.9412,634203.6201,100716.23865,8.6855,46.3254,30.6102,3.122,2.985,60.0,0.07002735539157845,0.01244399591006018
000598.SZ,水务,2024-12-05,value_quality_sector_stopfall,1.818227597299423,10.7043,1.1912,2118948.6519,166295.97345,9.4448,26.8684,59.3469,9.1716,9.1358,60.0,0.036657125418691594,0.015918471880731477
600461.SH,水务,2024-12-05,value_quality_sector_stopfall,1.4953009306327565,10.6758,1.3354,1192302.8168,143912.45685,10.8563,18.3138,58.5327,-1.2249,3.8247,60.0,0.036657125418691594,0.015918471880731477
600897.SH,机场,2024-12-05,value_quality_sector_stopfall,1.4773413656416037,13.5486,1.4041,619146.99,61370.4041,8.676,27.9309,16.8644,13.8602,38.4239,60.0,0.0326518843673369,0.0059261479409333795
600323.SH,环境保护,2024-12-05,value_quality_sector_stopfall,1.428827713085867,10.8333,1.3612,1786425.5969,143246.8296,10.9758,16.1272,63.132,-2.5764,18.8151,57.0,0.06940663453933649,0.012502411879864006
601065.SH,化工原料,2024-12-05,value_quality_sector_stopfall,1.3474797373746883,11.7482,1.3709,583640.6797,75723.81420000001,8.5243,18.4817,23.0978,-9.0154,0.4917,59.0,0.07087126708173197,0.016726470292956375
002083.SZ,纺织,2024-12-05,value_quality_sector_stopfall,1.2077014445070948,12.6583,1.0355,477671.5432,151613.83615000002,8.5474,8.0944,48.3648,0.7262,36.9357,60.0,0.10224678992665859,0.027965321247102937
600970.SH,建筑工程,2024-12-05,value_quality_sector_stopfall,1.202684109051382,9.2042,1.3513,2737134.5516,227771.84625,10.4689,6.8506,61.0388,0.7027,2.8968,57.0,0.05525159685323655,0.014803178864812194
000612.SZ,铝,2024-12-05,value_quality_sector_stopfall,1.1973097068614709,10.5451,1.3107,809503.3885,244955.51525,8.8162,11.0258,21.6435,2.7117,49.4133,55.0,0.05150958430581776,0.002432122555652949
002588.SZ,农药化肥,2024-12-05,value_quality_sector_stopfall,1.132815402147083,11.2196,1.3257,881197.3647,276048.63725,10.4067,8.1504,41.2411,3.6426,14.6079,60.0,0.06377650256431489,0.012864232916101725
000404.SZ,家用电器,2024-12-05,value_quality_sector_stopfall,1.0901454524424397,11.1981,1.2977,518517.0044,116081.34174999999,9.6151,5.3829,62.9823,-9.6885,36.6774,60.0,0.11364303469901249,0.02414175107676053
000338.SZ,汽车配件,2024-12-05,value_quality_sector_stopfall,1.0710202179691453,10.786,1.4155,11772125.1515,1283631.67565,10.1375,6.3857,64.7327,0.9792,29.2326,54.0,0.0969844254778034,0.0184124591580086
000065.SZ,建筑工程,2024-12-05,value_quality_sector_stopfall,1.070706109051382,10.9075,1.2072,1074445.8623,276037.3498,8.6562,5.5911,58.9856,-3.4755,9.7005,60.0,0.05525159685323655,0.014803178864812194
002078.SZ,造纸,2024-12-05,value_quality_sector_stopfall,0.9275590432307957,11.7757,1.4498,4013006.9989,397470.47555,9.1521,7.9681,46.3695,6.0697,15.0795,56.0,0.03326605359066548,0.014185656306797023
600332.SH,中成药,2024-12-05,value_quality_sector_stopfall,0.822949421518682,13.5918,1.3081,4653013.696,245536.5996,8.8808,5.5697,51.9868,1.5046,-16.6772,60.0,0.048470100418056994,0.011777321100624905
600866.SH,饲料,2024-12-05,value_quality_sector_stopfall,0.7730553173530199,12.9537,1.4704,1121494.0158,323225.88915,8.9173,5.3302,45.7321,0.4788,38.3774,57.0,0.0680290405876216,0.014507610098731583
000411.SZ,医药商业,2024-12-05,value_quality_sector_stopfall,0.7308019481803666,12.1438,1.3252,580630.3274,60101.02025,8.1527,1.6938,69.36,3.5916,-2.8998,60.0,0.036316812989457326,0.004970468524242655
600469.SH,汽车配件,2024-12-05,value_quality_sector_stopfall,0.7072042179691453,14.3727,1.4569,493108.7888,62591.484549999994,8.3216,5.6517,54.7389,14.783,-2.0483,52.0,0.0969844254778034,0.0184124591580086
600368.SH,路桥,2024-12-06,value_quality_sector_stopfall,2.1682442148919443,9.5568,0.9603,647080.8509,102034.56610000001,8.6855,46.3254,30.6102,3.122,2.985,60.0,0.08485603226645178,0.01328818262549225
601298.SH,港口,2024-12-06,value_quality_sector_stopfall,1.8185891621267412,10.9668,1.3128,5556381.6,126676.9497,9.5191,31.0062,24.6688,2.3394,3.7808,60.0,0.03520154074810167,0.008943621378639355
000598.SZ,水务,2024-12-06,value_quality_sector_stopfall,1.8096938263480526,10.9003,1.213,2157746.3033,161708.2318,9.4448,26.8684,59.3469,9.1716,9.1358,60.0,0.05816905659253613,0.013472769755516367
600461.SH,水务,2024-12-06,value_quality_sector_stopfall,1.4630471596813857,11.0176,1.3782,1230476.8664,143482.5277,10.8563,18.3138,58.5327,-1.2249,3.8247,60.0,0.05816905659253613,0.013472769755516367
600897.SH,机场,2024-12-06,value_quality_sector_stopfall,1.4557198019270552,13.7675,1.4268,629153.406,60193.10475,8.676,27.9309,16.8644,13.8602,38.4239,60.0,0.043341896674307545,0.00334123858608093
600323.SH,环境保护,2024-12-06,value_quality_sector_stopfall,1.393040344414999,11.1251,1.3979,1834531.0785,142642.07875000002,10.9758,16.1272,63.132,-2.5764,18.8151,57.0,0.08025814335459769,0.009783534393734694
601065.SH,化工原料,2024-12-06,value_quality_sector_stopfall,1.3175010306484112,11.9552,1.3951,593925.097,75007.9797,8.5243,18.4817,23.0978,-9.0154,0.4917,59.0,0.07399263408405199,0.013559729897692385
000543.SZ,火力发电,2024-12-06,value_quality_sector_stopfall,1.2861194187327074,10.9934,1.2175,1876962.8381,260392.2426,10.8158,9.9628,65.7132,11.5242,21.2933,60.0,0.06559487876654924,0.0003592066328248489
000612.SZ,铝,2024-12-06,value_quality_sector_stopfall,1.2017555431857954,10.6072,1.3185,814272.1861,224614.79850000003,8.8162,11.0258,21.6435,2.7117,49.4133,55.0,0.06756886958308694,0.0001586736027086033
600970.SH,建筑工程,2024-12-06,value_quality_sector_stopfall,1.195940284469614,9.3197,1.3682,2771480.8346,212679.75055,10.4689,6.8506,61.0388,0.7027,2.8968,57.0,0.07046742037849163,0.01181019742445577
002083.SZ,纺织,2024-12-06,value_quality_sector_stopfall,1.1886871749179784,12.8839,1.054,486184.5014,147056.20885,8.5474,8.0944,48.3648,0.7262,36.9357,60.0,0.11389274611883571,0.024678428799142615
002588.SZ,农药化肥,2024-12-06,value_quality_sector_stopfall,1.1274845967190485,11.3516,1.3413,891564.3925,269448.5321,10.4067,8.1504,41.2411,3.6426,14.6079,60.0,0.08005913850212099,0.01045079155026074
000404.SZ,家用电器,2024-12-06,value_quality_sector_stopfall,1.0721456847274573,11.3484,1.3151,525476.9641,110663.29884999999,9.6151,5.3829,62.9823,-9.6885,36.6774,60.0,0.12029025396864812,0.021114764092142524
000065.SZ,建筑工程,2024-12-06,value_quality_sector_stopfall,1.054362284469614,11.111,1.2297,1094491.4941,261452.90930000003,8.6562,5.5911,58.9856,-3.4755,9.7005,60.0,0.07046742037849163,0.01181019742445577
000338.SZ,汽车配件,2024-12-06,value_quality_sector_stopfall,1.042377766804727,10.874,1.4271,11868117.2766,1222356.3265,10.1375,6.3857,64.7327,0.9792,29.2326,54.0,0.08523409421674888,0.015120339254644843
002078.SZ,造纸,2024-12-06,value_quality_sector_stopfall,0.9389783169388647,11.7757,1.4498,4013006.9989,375402.9637,9.1521,7.9681,46.3695,6.0697,15.0795,56.0,0.04813288238230973,0.010738101223221719
600332.SH,中成药,2024-12-06,value_quality_sector_stopfall,0.8139502979313613,13.7057,1.319,4692032.6788,234046.1039,8.8808,5.5697,51.9868,1.5046,-16.6772,60.0,0.057384091746962795,0.008724206184398398
600866.SH,饲料,2024-12-06,value_quality_sector_stopfall,0.742911455322564,13.2223,1.5009,1144754.6324,312639.9391,8.9173,5.3302,45.7321,0.4788,38.3774,56.0,0.07864853549426432,0.011384253161633051
000411.SZ,医药商业,2024-12-06,value_quality_sector_stopfall,0.7390836457527215,12.1874,1.33,582718.9257,58045.246549999996,8.1527,1.6938,69.36,3.5916,-2.8998,60.0,0.05238081445059706,0.003294831302124601
600469.SH,汽车配件,2024-12-06,value_quality_sector_stopfall,0.6837351001380604,14.2451,1.4823,488732.0836,59884.37755,8.3216,5.6517,54.7389,14.783,-2.0483,52.0,0.08523409421674888,0.015120339254644843
600368.SH,路桥,2024-12-09,value_quality_sector_stopfall,2.155984493658572,9.6519,0.9698,653519.4663,102354.75945,8.6855,46.3254,30.6102,3.122,2.985,60.0,0.08418342152644676,0.014374405465458429
000598.SZ,水务,2024-12-09,value_quality_sector_stopfall,1.8076702908756186,10.8551,1.208,2148792.9991,147437.39895,9.4448,26.8684,59.3469,9.1716,9.1358,60.0,0.05330835703107839,0.009963267177873547
601298.SH,港口,2024-12-09,value_quality_sector_stopfall,1.7864809116808182,11.2102,1.342,5679712.5,133716.90125,9.5191,31.0062,24.6688,2.3394,3.7808,60.0,0.04043429631812123,0.007295948696030452
600461.SH,水务,2024-12-09,value_quality_sector_stopfall,1.459823624208952,10.9834,1.3739,1226659.4614,140648.03624999998,10.8563,18.3138,58.5327,-1.2249,3.8247,60.0,0.05330835703107839,0.009963267177873547
600323.SH,环境保护,2024-12-09,value_quality_sector_stopfall,1.3818182050039836,11.1152,1.3967,1832900.3842,141848.4122,10.9758,16.1272,63.132,-2.5764,18.8151,57.0,0.07176317956666112,0.005596358770655785
601065.SH,化工原料,2024-12-09,value_quality_sector_stopfall,1.3083381125720381,11.9811,1.3981,595210.6492,75007.11465,8.5243,18.4817,23.0978,-9.0154,0.4917,59.0,0.07319900507911026,0.008917107492927734
600970.SH,建筑工程,2024-12-09,value_quality_sector_stopfall,1.2084043546675793,9.1331,1.3408,2715998.3775,205581.1305,10.4689,6.8506,61.0388,0.7027,2.8968,57.0,0.05658531213867857,0.007449709195567422
002083.SZ,纺织,2024-12-09,value_quality_sector_stopfall,1.1963403138090767,12.8087,1.0478,483346.8487,144382.61075,8.5474,8.0944,48.3648,0.7262,36.9357,60.0,0.11554847504076249,0.02152917210164751
002588.SZ,农药化肥,2024-12-09,value_quality_sector_stopfall,1.1308436149431955,11.2783,1.3326,885804.9326,267329.6932,10.4067,8.1504,41.2411,3.6426,14.6079,60.0,0.07598983568795781,0.007192445921904378
000065.SZ,建筑工程,2024-12-09,value_quality_sector_stopfall,1.0861263546675795,10.7549,1.1903,1059411.6385,250073.54085,8.6562,5.5911,58.9856,-3.4755,9.7005,60.0,0.05658531213867857,0.007449709195567422
000404.SZ,家用电器,2024-12-09,value_quality_sector_stopfall,1.0784894283465827,11.2883,1.3081,522692.9802,106320.04824999999,9.6151,5.3829,62.9823,-9.6885,36.6774,60.0,0.12146310450703202,0.017612323839550692
000338.SZ,汽车配件,2024-12-09,value_quality_sector_stopfall,1.0374607330614158,10.85,1.4239,11841937.6061,1168213.4428499998,10.1375,6.3857,64.7327,0.9792,29.2326,54.0,0.0804921380031618,0.011211928391587467
002078.SZ,造纸,2024-12-09,value_quality_sector_stopfall,0.9294701195983287,11.7839,1.4508,4015801.572,350280.78794999997,9.1521,7.9681,46.3695,6.0697,15.0795,56.0,0.044229236239600844,0.006346883358727906
600332.SH,中成药,2024-12-09,value_quality_sector_stopfall,0.8091430367803437,13.6678,1.3154,4679026.3512,225623.28775,8.8808,5.5697,51.9868,1.5046,-16.6772,60.0,0.051406256057181965,0.004968114056494999
600866.SH,饲料,2024-12-09,value_quality_sector_stopfall,0.7146162957691194,13.3759,1.5183,1158046.4134,311755.6883,8.9173,5.3302,45.7321,0.4788,38.3774,55.0,0.06499998070983404,0.006977648392618718
600469.SH,汽车配件,2024-12-09,value_quality_sector_stopfall,0.6837380663947492,14.1813,1.4757,486543.731,57425.81035000001,8.3216,5.6517,54.7389,14.783,-2.0483,52.0,0.0804921380031618,0.011211928391587467
000411.SZ,医药商业,2024-12-09,value_quality_sector_stopfall,0.663099230494897,12.7444,1.3908,609348.554,69452.5142,8.1527,1.6938,69.36,3.5916,-2.8998,60.0,0.05584359043785092,0.0015143067237128882
600368.SH,路桥,2024-12-10,value_quality_sector_stopfall,2.1668163804546694,9.5093,0.9555,643861.5432,103341.01975,8.6855,46.3254,30.6102,3.122,2.985,60.0,0.07503893668999417,0.015310777098008321
000598.SZ,水务,2024-12-10,value_quality_sector_stopfall,1.815278338863359,10.7495,1.1962,2127901.9561,145861.86225,9.4448,26.8684,59.3469,9.1716,9.1358,60.0,0.04858584901232943,0.0073871565176961695
601298.SH,港口,2024-12-10,value_quality_sector_stopfall,1.8019264463597362,11.0309,1.3205,5588837.1,136908.38575000002,9.5191,31.0062,24.6688,2.3394,3.7808,60.0,0.031081170333965513,0.00580794269243734
600461.SH,水务,2024-12-10,value_quality_sector_stopfall,1.4559116721966923,10.9606,1.3711,1224114.5248,139732.98265,10.8563,18.3138,58.5327,-1.2249,3.8247,60.0,0.04858584901232943,0.0073871565176961695
600323.SH,环境保护,2024-12-10,value_quality_sector_stopfall,1.3994392863870648,10.9718,1.3786,1809255.317,138054.7334,10.9758,16.1272,63.132,-2.5764,18.8151,57.0,0.06972692191886187,0.0036270311348698403
601065.SH,化工原料,2024-12-10,value_quality_sector_stopfall,1.307792182989002,11.9681,1.3966,594567.8731,73768.73295,8.5243,18.4817,23.0978,-9.0154,0.4917,59.0,0.07358477290068,0.006118743421655415
002083.SZ,纺织,2024-12-10,value_quality_sector_stopfall,1.1966784107517086,12.7836,1.0458,482400.9644,139985.19895000002,8.5474,8.0944,48.3648,0.7262,36.9357,60.0,0.11536285747493724,0.019046219943438025
600970.SH,建筑工程,2024-12-10,value_quality_sector_stopfall,1.1954130608050446,9.213,1.3526,2739776.5734,199908.48,10.4689,6.8506,61.0388,0.7027,2.8968,57.0,0.05928011410969347,0.004956946695351183
002588.SZ,农药化肥,2024-12-10,value_quality_sector_stopfall,1.1292262487610132,11.2489,1.3291,883501.1487,257421.18865,10.4067,8.1504,41.2411,3.6426,14.6079,60.0,0.07186229882678341,0.005409283267563181
000404.SZ,家用电器,2024-12-10,value_quality_sector_stopfall,1.1150712327832462,11.2281,1.3012,519908.9963,100414.7464,9.6151,5.3829,62.9823,-9.6885,36.6774,60.0,0.14966570538680446,0.017378194063108365
000065.SZ,建筑工程,2024-12-10,value_quality_sector_stopfall,1.0820283941383781,10.7854,1.1937,1062418.4833,246799.6349,8.6562,5.5911,58.9856,-3.4755,9.7005,60.0,0.05928011410969347,0.004956946695351183
000338.SZ,汽车配件,2024-12-10,value_quality_sector_stopfall,1.0486491014043395,10.858,1.425,11850664.1629,1132526.56495,10.1375,6.3857,64.7327,0.9792,29.2326,54.0,0.09447849130553387,0.00968061009880583
002078.SZ,造纸,2024-12-10,value_quality_sector_stopfall,0.914151263569844,11.8329,1.4568,4032514.1767,333937.57745000004,9.1521,7.9681,46.3695,6.0697,15.0795,56.0,0.039903342590272395,0.0026205876462384037
600332.SH,中成药,2024-12-10,value_quality_sector_stopfall,0.8069056065982662,13.6725,1.3158,4680652.1422,210591.15860000002,8.8808,5.5697,51.9868,1.5046,-16.6772,60.0,0.053171227997793835,0.0015457119338055936
600866.SH,饲料,2024-12-10,value_quality_sector_stopfall,0.7217332396275159,13.3183,1.5118,1153061.9955,286399.27859999996,8.9173,5.3302,45.7321,0.4788,38.3774,54.0,0.0707785886820902,0.004475984278759171
600469.SH,汽车配件,2024-12-10,value_quality_sector_stopfall,0.7106797680710064,14.075,1.4646,482896.4766,55767.91765,8.3216,5.6517,54.7389,14.783,-2.0483,52.0,0.09447849130553387,0.00968061009880583
600368.SH,路桥,2024-12-11,value_quality_sector_stopfall,2.1599127636322697,9.6282,0.9674,651909.8125,102597.6471,8.6855,46.3254,30.6102,3.122,2.985,60.0,0.083364277113263,0.015941819852339778
601298.SH,港口,2024-12-11,value_quality_sector_stopfall,1.8207834731181562,10.9412,1.3098,5543399.4,140924.76924999998,9.5191,31.0062,24.6688,2.3394,3.7808,60.0,0.03722228978447473,0.005410516667015086
000598.SZ,水务,2024-12-11,value_quality_sector_stopfall,1.818589510412016,10.7646,1.1979,2130886.3908,143381.59885,9.4448,26.8684,59.3469,9.1716,9.1358,60.0,0.05451927203896578,0.006904905039716747
600461.SH,水务,2024-12-11,value_quality_sector_stopfall,1.4733495104120158,10.8808,1.3611,1215207.2466,138302.85155,10.8563,18.3138,58.5327,-1.2249,3.8247,60.0,0.05451927203896578,0.006904905039716747
600323.SH,环境保护,2024-12-11,value_quality_sector_stopfall,1.4180547610960328,10.8927,1.3687,1796209.7626,136653.92049999998,10.9758,16.1272,63.132,-2.5764,18.8151,57.0,0.07780734398995515,0.0022887504394111247
000543.SZ,火力发电,2024-12-11,value_quality_sector_stopfall,1.3112003102113254,10.8607,1.2028,1854294.2048,277693.23945,10.8158,9.9628,65.7132,11.5242,21.2933,60.0,0.0722419639305556,0.0001463462807698157
601065.SH,化工原料,2024-12-11,value_quality_sector_stopfall,1.298819199463456,12.0458,1.4057,598424.5295,73270.45684999999,8.5243,18.4817,23.0978,-9.0154,0.4917,59.0,0.07727916705515114,0.0046980324083045755
600970.SH,建筑工程,2024-12-11,value_quality_sector_stopfall,1.2078873571372557,9.2575,1.3591,2752986.6823,190232.5899,10.4689,6.8506,61.0388,0.7027,2.8968,57.0,0.07905999493331484,0.004951362203940768
002083.SZ,纺织,2024-12-11,value_quality_sector_stopfall,1.1961689174090513,12.9089,1.056,487130.3857,139168.0306,8.5474,8.0944,48.3648,0.7262,36.9357,60.0,0.13013385026666446,0.01891906714238689
002588.SZ,农药化肥,2024-12-11,value_quality_sector_stopfall,1.1229824470437464,11.3809,1.3447,893868.1765,252261.0646,10.4067,8.1504,41.2411,3.6426,14.6079,60.0,0.08422916814042103,0.005998612236658651
000404.SZ,家用电器,2024-12-11,value_quality_sector_stopfall,1.100769860660632,11.4837,1.3308,531740.928,98553.15855,9.6151,5.3829,62.9823,-9.6885,36.6774,60.0,0.1707385747877983,0.01877728587283367
000065.SZ,建筑工程,2024-12-11,value_quality_sector_stopfall,1.0974960238039222,10.816,1.1971,1065425.328,239634.01884999996,8.6562,5.5911,58.9856,-3.4755,9.7005,60.0,0.07905999493331484,0.004951362203940768
000338.SZ,汽车配件,2024-12-11,value_quality_sector_stopfall,1.0389230675193601,10.922,1.4334,11920476.6175,1089275.1638,10.1375,6.3857,64.7327,0.9792,29.2326,54.0,0.09492124260061585,0.00937849158541093
002078.SZ,造纸,2024-12-11,value_quality_sector_stopfall,0.9070984874049959,12.0379,1.4821,4102377.5547,330276.69255,9.1521,7.9681,46.3695,6.0697,15.0795,56.0,0.0638842564585056,0.0021202309464902758
600866.SH,饲料,2024-12-11,value_quality_sector_stopfall,0.7058990033089902,13.7789,1.5641,1192937.3383,281147.099,8.9173,5.3302,45.7321,0.4788,38.3774,53.0,0.0854021295001377,0.004724873808852559
600469.SH,汽车配件,2024-12-11,value_quality_sector_stopfall,0.6992137341860267,14.1601,1.4735,485814.2801,54751.850399999996,8.3216,5.6517,54.7389,14.783,-2.0483,52.0,0.09492124260061585,0.00937849158541093
600368.SH,路桥,2024-12-12,value_quality_sector_stopfall,2.0991948198610015,10.1512,1.02,687322.1974,119510.7446,8.6855,46.3254,30.6102,3.122,2.985,60.0,0.08984156365871088,0.018679922868957366
002128.SZ,煤炭开采,2024-12-12,value_quality_sector_stopfall,1.8890522299239882,8.5251,1.3539,4581776.2197,231897.45285,13.5706,22.9945,28.2547,10.5381,22.7287,60.0,0.04923890417948873,0.0014459924111662747
601298.SH,港口,2024-12-12,value_quality_sector_stopfall,1.8378152913551955,10.8387,1.2975,5491470.6,143573.53295,9.5191,31.0062,24.6688,2.3394,3.7808,60.0,0.03845620713757669,0.006175084217618698
000598.SZ,水务,2024-12-12,value_quality_sector_stopfall,1.8022919388316452,10.9154,1.2147,2160730.738,141855.3888,9.4448,26.8684,59.3469,9.1716,9.1358,60.0,0.05788661570440423,0.008493323127240826
601101.SH,煤炭开采,2024-12-12,value_quality_sector_stopfall,1.7936148965906549,11.071,1.0549,1271518.1687,128972.86605,9.642,23.9575,48.7629,11.8206,10.7388,60.0,0.04923890417948873,0.0014459924111662747
600985.SH,煤炭开采,2024-12-12,value_quality_sector_stopfall,1.5473782299239882,7.6351,0.9688,4050661.0983,348055.65585000004,10.4645,6.9896,48.0862,1.9577,-18.1718,60.0,0.04923890417948873,0.0014459924111662747
600461.SH,水务,2024-12-12,value_quality_sector_stopfall,1.4714652721649784,10.9264,1.3668,1220297.1198,139862.4498,10.8563,18.3138,58.5327,-1.2249,3.8247,60.0,0.05788661570440423,0.008493323127240826
600897.SH,机场,2024-12-12,value_quality_sector_stopfall,1.4365001235300379,13.95,1.4457,637492.086,61345.88405000001,8.676,27.9309,16.8644,13.8602,38.4239,60.0,0.0506113754400499,0.0016187480899878537
600323.SH,环境保护,2024-12-12,value_quality_sector_stopfall,1.3995349756876867,11.1201,1.3973,1833715.7314,137402.95685,10.9758,16.1272,63.132,-2.5764,18.8151,57.0,0.09092169492814994,0.004881280759536866
000543.SZ,火力发电,2024-12-12,value_quality_sector_stopfall,1.3194703212042151,10.8208,1.1984,1847493.6148,272833.5893,10.8158,9.9628,65.7132,11.5242,21.2933,60.0,0.07206633069686363,0.002998657174018149
601065.SH,化工原料,2024-12-12,value_quality_sector_stopfall,1.2863593449815958,12.1751,1.4208,604852.2903,75199.7224,8.5243,18.4817,23.0978,-9.0154,0.4917,59.0,0.0825964877502352,0.005607523898027322
600970.SH,建筑工程,2024-12-12,value_quality_sector_stopfall,1.226336642820538,9.2219,1.3539,2742418.5952,187207.32105,10.4689,6.8506,61.0388,0.7027,2.8968,57.0,0.08877120731593058,0.007849435504607483
002083.SZ,纺织,2024-12-12,value_quality_sector_stopfall,1.2011682084968602,13.0343,1.0663,491859.8069,137939.81095,8.5474,8.0944,48.3648,0.7262,36.9357,60.0,0.14744067091339375,0.021838204250133053
000612.SZ,铝,2024-12-12,value_quality_sector_stopfall,1.1557350437889937,11.1042,1.3802,852422.5667,214248.6474,8.8162,11.0258,21.6435,2.7117,49.4133,55.0,0.09593032441234173,4.338604331866058e-05
002588.SZ,农药化肥,2024-12-12,value_quality_sector_stopfall,1.1127677578946502,11.5423,1.3638,906538.9883,251631.0937,10.4067,8.1504,41.2411,3.6426,14.6079,60.0,0.09443072054009005,0.009075704021226816
000065.SZ,建筑工程,2024-12-12,value_quality_sector_stopfall,1.1015719761538714,10.877,1.2038,1071439.0176,223492.89035,8.6562,5.5911,58.9856,-3.4755,9.7005,60.0,0.08877120731593058,0.007849435504607483
000404.SZ,家用电器,2024-12-12,value_quality_sector_stopfall,1.0990555295097488,11.634,1.3482,538700.8877,98126.56535,9.6151,5.3829,62.9823,-9.6885,36.6774,60.0,0.18666637553623833,0.022755153973510467
000338.SZ,汽车配件,2024-12-12,value_quality_sector_stopfall,1.02782121027122,11.0259,1.447,12033921.8562,1066310.03945,10.1375,6.3857,64.7327,0.9792,29.2326,54.0,0.09936533674760684,0.009825873523613415
002078.SZ,造纸,2024-12-12,value_quality_sector_stopfall,0.9153917945638202,12.1117,1.4912,4127528.3708,326823.7273,9.1521,7.9681,46.3695,6.0697,15.0795,56.0,0.08049706242888077,0.00478739880160628
600332.SH,中成药,2024-12-12,value_quality_sector_stopfall,0.7917299018627387,14.0429,1.3515,4807463.8362,207300.32925,8.8808,5.5697,51.9868,1.5046,-16.6772,60.0,0.08617685479629866,0.001857713733106614
600368.SH,路桥,2024-12-13,value_quality_sector_stopfall,2.0876143969997525,10.1274,1.0176,685712.5435,133634.09885,8.6855,46.3254,30.6102,3.122,2.985,60.0,0.07452779573942214,0.0192266012603306
600323.SH,环境保护,2024-12-13,value_quality_sector_stopfall,1.3995701832757625,11.0015,1.3824,1814147.3999,137356.75625,10.9758,16.1272,63.132,-2.5764,18.8151,57.0,0.07148504403353084,0.006513139242231958
000543.SZ,火力发电,2024-12-13,value_quality_sector_stopfall,1.326051925427725,10.6615,1.1808,1820291.2548,273452.55465,10.8158,9.9628,65.7132,11.5242,21.2933,60.0,0.05465200684092286,0.004641251920135536
601065.SH,化工原料,2024-12-13,value_quality_sector_stopfall,1.2983430437260737,11.9681,1.3966,594567.8731,75887.7907,8.5243,18.4817,23.0978,-9.0154,0.4917,59.0,0.06402451035979251,0.006229866699614561
002083.SZ,纺织,2024-12-13,value_quality_sector_stopfall,1.2433254149452095,12.6935,1.0378,478999.3401,137169.31095,8.5474,8.0944,48.3648,0.7262,36.9357,60.0,0.1454335976250669,0.024282483986809433
600970.SH,建筑工程,2024-12-13,value_quality_sector_stopfall,1.2338448187822004,9.0887,1.3343,2702788.2687,188309.80915000002,10.4689,6.8506,61.0388,0.7027,2.8968,57.0,0.07312678993440902,0.009055362181124682
000612.SZ,铝,2024-12-13,value_quality_sector_stopfall,1.1982685257291597,10.7159,1.332,822617.5819,214720.34655,8.8162,11.0258,21.6435,2.7117,49.4133,55.0,0.07742532169857452,0.003061870697251834
000065.SZ,建筑工程,2024-12-13,value_quality_sector_stopfall,1.125713485448867,10.6023,1.1734,1044377.4147,206276.6799,8.6562,5.5911,58.9856,-3.4755,9.7005,60.0,0.07312678993440902,0.009055362181124682
002588.SZ,农药化肥,2024-12-13,value_quality_sector_stopfall,1.1126088764553483,11.4103,1.3482,896171.9604,237062.24185000002,10.4067,8.1504,41.2411,3.6426,14.6079,60.0,0.07359260327376105,0.010554939848254064
000404.SZ,家用电器,2024-12-13,value_quality_sector_stopfall,1.1022129352645507,11.5137,1.3342,533132.9199,99691.7956,9.6151,5.3829,62.9823,-9.6885,36.6774,60.0,0.1689660104343076,0.02625959149690993
000338.SZ,汽车配件,2024-12-13,value_quality_sector_stopfall,1.057733843905368,10.7301,1.4082,11711039.2538,1024624.35415,10.1375,6.3857,64.7327,0.9792,29.2326,54.0,0.08290307374003603,0.010614103498665317
002078.SZ,造纸,2024-12-13,value_quality_sector_stopfall,0.9318689357541452,11.9149,1.4669,4060459.5279,331444.27544999996,9.1521,7.9681,46.3695,6.0697,15.0795,56.0,0.06556515900076532,0.006876443420046563
600332.SH,中成药,2024-12-13,value_quality_sector_stopfall,0.8106249258831374,13.7817,1.3263,4718045.334,212144.0554,8.8808,5.5697,51.9868,1.5046,-16.6772,60.0,0.06872609218139991,0.003990167035070824
600866.SH,饲料,2024-12-13,value_quality_sector_stopfall,0.6983392601624723,14.1627,1.6076,1226166.7906,321123.6675,8.9173,5.3302,45.7321,0.4788,38.3774,51.0,0.09668721691455362,0.011466709914585316
600469.SH,汽车配件,2024-12-13,value_quality_sector_stopfall,0.6971511772387013,14.0963,1.4668,483625.9275,54489.46615000001,8.3216,5.6517,54.7389,14.783,-2.0483,52.0,0.08290307374003603,0.010614103498665317
000411.SZ,医药商业,2024-12-13,value_quality_sector_stopfall,0.6874180545407302,12.8318,1.4003,613525.7506,88825.1719,8.1527,1.6938,69.36,3.5916,-2.8998,60.0,0.08968222711907115,0.0041544940883258
600368.SH,路桥,2024-12-16,value_quality_sector_stopfall,1.9849929974319527,11.1496,1.1203,754927.6594,147425.58185000002,8.6855,46.3254,30.6102,3.122,2.985,60.0,0.10628765501075765,0.02145867575452831
600897.SH,机场,2024-12-16,value_quality_sector_stopfall,1.3862836161331193,14.2146,1.4731,649583.172,65179.21495000001,8.676,27.9309,16.8644,13.8602,38.4239,60.0,0.03524108989816832,0.0026791929016176663
600323.SH,环境保护,2024-12-16,value_quality_sector_stopfall,1.3565463106773994,11.2289,1.4109,1851653.3686,135617.45714999997,10.9758,16.1272,63.132,-2.5764,18.8151,57.0,0.05916680999037971,0.009967500687019903
600970.SH,建筑工程,2024-12-16,value_quality_sector_stopfall,1.2973651128189843,8.7244,1.2808,2594465.3762,192077.03665,10.4689,6.8506,61.0388,0.7027,2.8968,57.0,0.07387723133120594,0.01187188148777829
000543.SZ,火力发电,2024-12-16,value_quality_sector_stopfall,1.2952401349739373,11.0333,1.2219,1883763.4281,280417.60099999997,10.8158,9.9628,65.7132,11.5242,21.2933,60.0,0.0735472576606857,0.007120877313251617
601065.SH,化工原料,2024-12-16,value_quality_sector_stopfall,1.2757025333620462,11.9681,1.3966,594567.8731,74497.9135,8.5243,18.4817,23.0978,-9.0154,0.4917,59.0,0.038841200282616395,0.008772666412763197
002083.SZ,纺织,2024-12-16,value_quality_sector_stopfall,1.2576921941467252,12.7185,1.0398,479945.9791,134564.22195,8.5474,8.0944,48.3648,0.7262,36.9357,60.0,0.15845503028576235,0.02862783052762974
000612.SZ,铝,2024-12-16,value_quality_sector_stopfall,1.2390770791189727,10.4674,1.3011,803542.3916,207789.41,8.8162,11.0258,21.6435,2.7117,49.4133,55.0,0.07612221168615729,0.008006867432815312
000065.SZ,建筑工程,2024-12-16,value_quality_sector_stopfall,1.1464204461523175,10.4802,1.1599,1032350.0356,190585.59205,8.6562,5.5911,58.9856,-3.4755,9.7005,60.0,0.07387723133120594,0.01187188148777829
000338.SZ,汽车配件,2024-12-16,value_quality_sector_stopfall,1.0717383623799421,10.5302,1.382,11492875.3333,996735.7096999999,10.1375,6.3857,64.7327,0.9792,29.2326,54.0,0.06378231436433834,0.01294604801560384
002588.SZ,农药化肥,2024-12-16,value_quality_sector_stopfall,1.0631220931439378,11.6449,1.3759,914602.2321,226518.31754999998,10.4067,8.1504,41.2411,3.6426,14.6079,60.0,0.056034296679600804,0.012733129797670273
000404.SZ,家用电器,2024-12-16,value_quality_sector_stopfall,1.0543497668093496,11.5738,1.3412,535916.9038,100406.18465,9.6151,5.3829,62.9823,-9.6885,36.6774,60.0,0.12575688843536015,0.03027887837398935
002078.SZ,造纸,2024-12-16,value_quality_sector_stopfall,0.9279238616365573,11.9067,1.4659,4057664.9928,317687.53365,9.1521,7.9681,46.3695,6.0697,15.0795,56.0,0.05749830743123319,0.009784887538657472
600332.SH,中成药,2024-12-16,value_quality_sector_stopfall,0.8243930096163742,13.6535,1.314,4674148.9784,208158.46215,8.8808,5.5697,51.9868,1.5046,-16.6772,60.0,0.06251997153980526,0.007217704743235576
600866.SH,饲料,2024-12-16,value_quality_sector_stopfall,0.7273073797564593,13.6637,1.551,1182968.5026,321442.01015,8.9173,5.3302,45.7321,0.4788,38.3774,50.0,0.08873017380836923,0.015125205948090192
000411.SZ,医药商业,2024-12-16,value_quality_sector_stopfall,0.7170367869797867,12.7226,1.3884,608304.2549,91660.66725,8.1527,1.6938,69.36,3.5916,-2.8998,60.0,0.09965597384049962,0.00858614647262046
600469.SH,汽车配件,2024-12-16,value_quality_sector_stopfall,0.6976690290466088,13.9687,1.4536,479249.2222,54716.7945,8.3216,5.6517,54.7389,14.783,-2.0483,52.0,0.06378231436433834,0.01294604801560384
600368.SH,路桥,2024-12-17,value_quality_sector_stopfall,1.9079189759201427,11.6489,1.1705,788730.3904,188987.4507,8.6855,46.3254,30.6102,3.122,2.985,60.0,0.09461058332862193,0.022815059258187498
600970.SH,建筑工程,2024-12-17,value_quality_sector_stopfall,1.2795255081320795,8.5734,1.2587,2549551.0061,192514.67275,10.4689,6.8506,61.0388,0.7027,2.8968,57.0,0.031569613342933955,0.01153989478914541
000543.SZ,火力发电,2024-12-17,value_quality_sector_stopfall,1.2571223223655714,11.1129,1.2308,1897364.608,286496.24515,10.8158,9.9628,65.7132,11.5242,21.2933,60.0,0.045477861642986284,0.008312460722585069
000612.SZ,铝,2024-12-17,value_quality_sector_stopfall,1.2388058138075502,10.2345,1.2721,785659.4006,204562.38125,8.8162,11.0258,21.6435,2.7117,49.4133,55.0,0.039386340779903994,0.009611473027645978
002083.SZ,纺织,2024-12-17,value_quality_sector_stopfall,1.223657621583504,12.3172,1.007,464799.7549,135303.8095,8.5474,8.0944,48.3648,0.7262,36.9357,60.0,0.07492017568669329,0.029508112563477296
000065.SZ,建筑工程,2024-12-17,value_quality_sector_stopfall,1.1252208414654126,10.3276,1.143,1017315.8118,181782.17609999998,8.6562,5.5911,58.9856,-3.4755,9.7005,60.0,0.031569613342933955,0.01153989478914541
000404.SZ,家用电器,2024-12-17,value_quality_sector_stopfall,1.063213046289002,11.153,1.2924,516429.0164,101157.86825,9.6151,5.3829,62.9823,-9.6885,36.6774,60.0,0.07470145103597914,0.029610928586356167
600332.SH,中成药,2024-12-17,value_quality_sector_stopfall,0.7988182850842398,13.6155,1.3103,4661142.6508,208178.36075,8.8808,5.5697,51.9868,1.5046,-16.6772,60.0,0.030035925473134606,0.009127026277771844
000411.SZ,医药商业,2024-12-17,value_quality_sector_stopfall,0.7482342449718452,12.3185,1.3443,588984.7206,94182.47935000001,8.1527,1.6938,69.36,3.5916,-2.8998,60.0,0.06977560082963374,0.013323977475544924
600866.SH,饲料,2024-12-17,value_quality_sector_stopfall,0.7015668227617002,13.4334,1.5249,1163030.8312,320228.19440000004,8.9173,5.3302,45.7321,0.4788,38.3774,49.0,0.04628081345331858,0.01648067597504843
600368.SH,路桥,2024-12-18,value_quality_sector_stopfall,1.8566476130252503,12.053,1.2111,816094.506,224442.08365000002,8.6855,46.3254,30.6102,3.122,2.985,60.0,0.09654780081431746,0.0236131455442663
000543.SZ,火力发电,2024-12-18,value_quality_sector_stopfall,1.2766138782821188,11.2192,1.2425,1915499.5147,288568.8662,10.8158,9.9628,65.7132,11.5242,21.2933,60.0,0.07827167937250046,0.009896865576284997
000612.SZ,铝,2024-12-18,value_quality_sector_stopfall,1.2580561408432458,10.1413,1.2605,778506.2043,199640.6873,8.8162,11.0258,21.6435,2.7117,49.4133,55.0,0.045193738727954846,0.009107735448624199
600970.SH,建筑工程,2024-12-18,value_quality_sector_stopfall,1.2563405513623958,8.7333,1.2821,2597107.3979,192721.73065,10.4689,6.8506,61.0388,0.7027,2.8968,57.0,0.03625955248556756,0.009924998876828184
002083.SZ,纺织,2024-12-18,value_quality_sector_stopfall,1.2209150331962533,12.267,1.0029,462906.4769,133868.39915,8.5474,8.0944,48.3648,0.7262,36.9357,60.0,0.06683443794921229,0.02877126191370749
000065.SZ,建筑工程,2024-12-18,value_quality_sector_stopfall,1.123995884695729,10.3581,1.1464,1020322.6566,173204.85895,8.6562,5.5911,58.9856,-3.4755,9.7005,60.0,0.03625955248556756,0.009924998876828184
000404.SZ,家用电器,2024-12-18,value_quality_sector_stopfall,1.0644636922433834,11.153,1.2924,516429.0164,100598.29165,9.6151,5.3829,62.9823,-9.6885,36.6774,60.0,0.07862543231946062,0.026937593257256198
000338.SZ,汽车配件,2024-12-18,value_quality_sector_stopfall,1.0238167736224513,10.6021,1.3914,11571414.3446,954174.3935499999,10.1375,6.3857,64.7327,0.9792,29.2326,54.0,0.031061434999286375,0.008805338623165015
600332.SH,中成药,2024-12-18,value_quality_sector_stopfall,0.791543440305818,13.6773,1.3163,4682277.9331,203499.24795000002,8.8808,5.5697,51.9868,1.5046,-16.6772,60.0,0.030515290902063397,0.009492816070421295
000411.SZ,医药商业,2024-12-18,value_quality_sector_stopfall,0.7745150145981372,12.1765,1.3288,582196.7761,95072.3242,8.1527,1.6938,69.36,3.5916,-2.8998,60.0,0.07415571257126197,0.015424635360208772
600866.SH,饲料,2024-12-18,value_quality_sector_stopfall,0.6989953523100015,13.2415,1.5031,1146416.105,317700.7265,8.9173,5.3302,45.7321,0.4788,38.3774,48.0,0.03212069037345988,0.015275995269875109
600469.SH,汽车配件,2024-12-18,value_quality_sector_stopfall,0.669527440289118,13.9049,1.4469,477060.8696,55635.99005,8.3216,5.6517,54.7389,14.783,-2.0483,52.0,0.031061434999286375,0.008805338623165015
600368.SH,路桥,2024-12-19,value_quality_sector_stopfall,1.9818439931296299,10.9832,1.1036,743660.0824,251036.24844999998,8.6855,46.3254,30.6102,3.122,2.985,60.0,0.0800524322466678,0.022318227549628755
000543.SZ,火力发电,2024-12-19,value_quality_sector_stopfall,1.285428383040745,11.02,1.2205,1881496.5647,282410.97235,10.8158,9.9628,65.7132,11.5242,21.2933,60.0,0.05964733961770685,0.009389043423037924
600970.SH,建筑工程,2024-12-19,value_quality_sector_stopfall,1.2721445094046366,8.7155,1.2795,2591823.3544,187087.2913,10.4689,6.8506,61.0388,0.7027,2.8968,57.0,0.05159595330210065,0.007472556102535943
000612.SZ,铝,2024-12-19,value_quality_sector_stopfall,1.248645929934989,10.2034,1.2683,783275.0019,196747.51535,8.8162,11.0258,21.6435,2.7117,49.4133,55.0,0.04755977863410443,0.006671484634217739
002083.SZ,纺织,2024-12-19,value_quality_sector_stopfall,1.1739360876424723,12.6433,1.0336,477106.062,142063.00394999998,8.5474,8.0944,48.3648,0.7262,36.9357,60.0,0.06928518857371158,0.024894899068760745
000065.SZ,建筑工程,2024-12-19,value_quality_sector_stopfall,1.1283465094046365,10.4191,1.1531,1026336.3461,165040.07305,8.6562,5.5911,58.9856,-3.4755,9.7005,60.0,0.05159595330210065,0.007472556102535943
000404.SZ,家用电器,2024-12-19,value_quality_sector_stopfall,1.06208800694261,11.1981,1.2977,518517.0044,100280.1253,9.6151,5.3829,62.9823,-9.6885,36.6774,60.0,0.08728917650548218,0.02243816377046115
000338.SZ,汽车配件,2024-12-19,value_quality_sector_stopfall,1.0232828370543625,10.5942,1.3904,11562687.7878,889820.49605,10.1375,6.3857,64.7327,0.9792,29.2326,54.0,0.03343118241314147,0.004708321307887786
600332.SH,中成药,2024-12-19,value_quality_sector_stopfall,0.7851443347572203,13.72,1.3204,4696910.0517,204211.49985,8.8808,5.5697,51.9868,1.5046,-16.6772,60.0,0.032227209497253106,0.00696179192663382
000411.SZ,医药商业,2024-12-19,value_quality_sector_stopfall,0.7634798676640315,12.1328,1.3241,580108.1778,96025.7587,8.1527,1.6938,69.36,3.5916,-2.8998,60.0,0.059041154470649504,0.013457379860048801
600866.SH,饲料,2024-12-19,value_quality_sector_stopfall,0.7128429001017919,13.1264,1.49,1136447.2693,311374.83225,8.9173,5.3302,45.7321,0.4788,38.3774,48.0,0.03554645773260812,0.01135777570251717
600469.SH,汽车配件,2024-12-19,value_quality_sector_stopfall,0.6879868370543626,13.7561,1.4315,471954.7135,55242.589799999994,8.3216,5.6517,54.7389,14.783,-2.0483,52.0,0.03343118241314147,0.004708321307887786
600368.SH,路桥,2024-12-20,value_quality_sector_stopfall,1.8251470300242953,12.0768,1.2135,817704.1599,264774.2999,8.6855,46.3254,30.6102,3.122,2.985,60.0,0.0691125644809707,0.02273446554332481
000543.SZ,火力发电,2024-12-20,value_quality_sector_stopfall,1.3272931258285474,10.6084,1.1749,1811223.8015,284074.291,10.8158,9.9628,65.7132,11.5242,21.2933,60.0,0.043423499542394994,0.00963762628615239
600970.SH,建筑工程,2024-12-20,value_quality_sector_stopfall,1.2881289344836186,8.6089,1.2639,2560119.0932,182348.11735,10.4689,6.8506,61.0388,0.7027,2.8968,57.0,0.05100585774430488,0.0065404100726471626
000612.SZ,铝,2024-12-20,value_quality_sector_stopfall,1.2523287607430937,10.2655,1.276,788043.7994,190638.7199,8.8162,11.0258,21.6435,2.7117,49.4133,55.0,0.06039252559700947,0.0067949018127508864
002083.SZ,纺织,2024-12-20,value_quality_sector_stopfall,1.1860582063460838,12.4677,1.0193,470479.589,143208.6263,8.5474,8.0944,48.3648,0.7262,36.9357,60.0,0.06257126303277372,0.022490943313310252
000065.SZ,建筑工程,2024-12-20,value_quality_sector_stopfall,1.1396576011502852,10.3276,1.143,1017315.8118,152144.6145,8.6562,5.5911,58.9856,-3.4755,9.7005,60.0,0.05100585774430488,0.0065404100726471626
000404.SZ,家用电器,2024-12-20,value_quality_sector_stopfall,1.0566773655395594,11.2432,1.3029,520604.9923,98235.12999999999,9.6151,5.3829,62.9823,-9.6885,36.6774,60.0,0.09043880486790967,0.020351227338316402
000338.SZ,汽车配件,2024-12-20,value_quality_sector_stopfall,1.0325701348533527,10.5942,1.3904,11562687.7878,843412.8703,10.1375,6.3857,64.7327,0.9792,29.2326,54.0,0.04412533333462232,0.003301468185397116
600332.SH,中成药,2024-12-20,value_quality_sector_stopfall,0.7730210545034225,13.8007,1.3282,4724548.4978,200397.38985,8.8808,5.5697,51.9868,1.5046,-16.6772,60.0,0.03125864213285334,0.006387079037235788
000411.SZ,医药商业,2024-12-20,value_quality_sector_stopfall,0.7509541722733138,12.2093,1.3324,583763.2249,95924.1245,8.1527,1.6938,69.36,3.5916,-2.8998,60.0,0.05717637779828966,0.013429794475024348
600866.SH,饲料,2024-12-20,value_quality_sector_stopfall,0.7111932572045927,13.184,1.4965,1141431.6872,292865.71774999995,8.9173,5.3302,45.7321,0.4788,38.3774,48.0,0.043679472360498295,0.009748451510761091
600469.SH,汽车配件,2024-12-20,value_quality_sector_stopfall,0.6972741348533528,13.7561,1.4315,471954.7135,54461.7655,8.3216,5.6517,54.7389,14.783,-2.0483,52.0,0.04412533333462232,0.003301468185397116
600368.SH,路桥,2024-12-23,value_quality_sector_stopfall,1.8155883945945372,12.0768,1.2135,817704.1599,306577.69465,8.6855,46.3254,30.6102,3.122,2.985,60.0,0.06224149681933655,0.020046897775200856
000404.SZ,家用电器,2024-12-23,value_quality_sector_stopfall,1.033863764121649,11.0628,1.282,512253.0405,99550.04579999999,9.6151,5.3829,62.9823,-9.6885,36.6774,60.0,0.046820048647012946,0.015196382141302811
600368.SH,路桥,2024-12-24,value_quality_sector_stopfall,1.6784645232338826,13.2892,1.3353,899796.5066,327328.7337999999,8.6855,46.3254,30.6102,3.122,2.985,60.0,0.0876871377951447,0.0195040521054044
000543.SZ,火力发电,2024-12-24,value_quality_sector_stopfall,1.2795750483052988,10.9536,1.2131,1870162.2481,289071.80090000003,10.8158,9.9628,65.7132,11.5242,21.2933,60.0,0.04427744250010912,0.009545605805189705
600368.SH,路桥,2024-12-25,value_quality_sector_stopfall,1.6436175779275792,13.5507,1.3616,917502.6991,376399.1568,8.6855,46.3254,30.6102,3.122,2.985,60.0,0.08799961895149355,0.019311292309419192
600368.SH,路桥,2024-12-26,value_quality_sector_stopfall,1.6757525130315978,13.1941,1.3258,893357.8912,407149.76879999996,8.6855,46.3254,30.6102,3.122,2.985,60.0,0.07221925094060744,0.01958659542432395
600368.SH,路桥,2024-12-27,value_quality_sector_stopfall,1.7978484265785464,12.3621,1.2422,837020.0062,431251.50580000004,8.6855,46.3254,30.6102,3.122,2.985,60.0,0.0831464043911494,0.0195553555207304
600368.SH,路桥,2024-12-30,value_quality_sector_stopfall,1.8901974421142949,11.53,1.1585,780682.1211,448826.3953,8.6855,46.3254,30.6102,3.122,2.985,60.0,0.06380350272499369,0.019973939389301254
600368.SH,路桥,2024-12-31,value_quality_sector_stopfall,1.913892228284888,11.3398,1.1394,767804.8903,461879.2231500001,8.6855,46.3254,30.6102,3.122,2.985,60.0,0.06300951092912754,0.019049384022427063
600368.SH,路桥,2025-01-02,value_quality_sector_stopfall,1.8289209343361055,11.7915,1.1848,798388.3136,481949.354,8.6855,46.3254,30.6102,3.122,2.985,60.0,0.040811155761065976,0.016656445241706175
600866.SH,饲料,2025-01-21,value_quality_sector_stopfall,0.9318008634963195,11.7255,1.331,1015159.7684,123694.33105,8.9173,5.3302,45.7321,0.4788,38.3774,50.0,0.06512116681844438,0.0013476966778751542
600866.SH,饲料,2025-01-22,value_quality_sector_stopfall,0.9222961607552034,11.6871,1.3266,1011836.8231,118023.09284999999,8.9173,5.3302,45.7321,0.4788,38.3774,50.0,0.04882899151839215,0.002641835903477885
000338.SZ,汽车配件,2025-01-23,value_quality_sector_stopfall,0.9741552500323372,11.3457,1.489,12382984.129,1513735.9936000002,10.1375,6.3857,64.7327,0.9792,29.2326,51.0,0.10371068744345102,0.0011345625888863342
600866.SH,饲料,2025-01-23,value_quality_sector_stopfall,0.9304517748485098,11.6295,1.3201,1006852.4053,115387.56339999998,8.9173,5.3302,45.7321,0.4788,38.3774,50.0,0.047597666282349405,0.0038554418994938278
000338.SZ,汽车配件,2025-01-24,value_quality_sector_stopfall,0.9853447010236551,11.4577,1.5037,12505155.9245,1510723.5525999998,10.1375,6.3857,64.7327,0.9792,29.2326,50.0,0.127070146009022,0.003764555014633242
600531.SH,铅锌,2025-01-24,value_quality_sector_stopfall,0.9101528646497967,11.1761,1.3873,723921.109,110949.22455,10.992,1.9106,69.7309,13.3564,13.6444,55.0,0.07588414065716109,0.0008420573259688702
600866.SH,饲料,2025-01-24,value_quality_sector_stopfall,0.8820127776549933,11.9366,1.3549,1033435.9672,114980.67845,8.9173,5.3302,45.7321,0.4788,38.3774,50.0,0.04259159995736539,0.004095844364294665
000338.SZ,汽车配件,2025-01-27,value_quality_sector_stopfall,0.9582932749684282,11.5136,1.511,12566241.8222,1497136.26235,10.1375,6.3857,64.7327,0.9792,29.2326,49.0,0.10228567670825806,0.005224264926836808
600531.SH,铅锌,2025-01-27,value_quality_sector_stopfall,0.9072246006699536,11.1425,1.3831,721740.6237,112019.30295000001,10.992,1.9106,69.7309,13.3564,13.6444,55.0,0.06620851896493285,0.0025494150383540415
600866.SH,饲料,2025-01-27,value_quality_sector_stopfall,0.8641280226449806,12.1285,1.3767,1050050.6933,116265.34215,8.9173,5.3302,45.7321,0.4788,38.3774,50.0,0.05248779922480695,0.0036415567535070803
000338.SZ,汽车配件,2025-02-05,value_quality_sector_stopfall,1.0118069535205783,11.1698,1.4659,12190999.8789,1505587.4472999999,10.1375,6.3857,64.7327,0.9792,29.2326,49.0,0.11045027172244004,0.004920015131471667
600531.SH,铅锌,2025-02-05,value_quality_sector_stopfall,0.8820362098913621,11.4286,1.4186,740274.7485,118465.3433,10.992,1.9106,69.7309,13.3564,13.6444,55.0,0.08189971588244549,0.004409827342249928
600866.SH,饲料,2025-02-05,value_quality_sector_stopfall,0.8349790775811752,12.2052,1.3854,1056696.5838,117388.7621,8.9173,5.3302,45.7321,0.4788,38.3774,50.0,0.036425459078437195,0.0014682851694045596
002083.SZ,纺织,2025-02-06,value_quality_sector_stopfall,1.225065251013582,12.1667,0.9947,459119.9208,65367.494999999995,8.5474,8.0944,48.3648,0.7262,36.9357,60.0,0.0858090630282975,0.0017935213186179855
000404.SZ,家用电器,2025-02-06,value_quality_sector_stopfall,1.0691257388677247,11.0027,1.275,509469.0566,86252.3379,9.6151,5.3829,62.9823,-9.6885,36.6774,60.0,0.08624588665320565,0.002359185547852416
000338.SZ,汽车配件,2025-02-06,value_quality_sector_stopfall,1.0618127267633792,11.2098,1.4711,12234632.663,1505374.4786,10.1375,6.3857,64.7327,0.9792,29.2326,49.0,0.1618814546657643,0.009627938764281696
600531.SH,铅锌,2025-02-06,value_quality_sector_stopfall,0.8898267721367326,11.4791,1.4249,743545.4764,119106.1536,10.992,1.9106,69.7309,13.3564,13.6444,56.0,0.09322022273684127,0.008446549399891312
600866.SH,饲料,2025-02-06,value_quality_sector_stopfall,0.7989857160483451,12.4931,1.4181,1081618.673,116935.53425,8.9173,5.3302,45.7321,0.4788,38.3774,50.0,0.04150266822735649,0.0013910478209886445
002083.SZ,纺织,2025-02-07,value_quality_sector_stopfall,1.2379722205662371,12.2168,0.9988,461013.1988,63277.05009999999,8.5474,8.0944,48.3648,0.7262,36.9357,60.0,0.10202514929372808,0.004557737939175688
000612.SZ,铝,2025-02-07,value_quality_sector_stopfall,1.113787378035411,11.3527,1.4111,871497.757,308890.39185,8.8162,11.0258,21.6435,2.7117,49.4133,59.0,0.08772613577585187,0.003466575592892651
000404.SZ,家用电器,2025-02-07,value_quality_sector_stopfall,1.0852771245715311,11.0177,1.2768,510165.0526,84807.0387,9.6151,5.3829,62.9823,-9.6885,36.6774,60.0,0.10138924055903797,0.005567217345826547
000338.SZ,汽车配件,2025-02-07,value_quality_sector_stopfall,1.074862592444366,11.2818,1.4806,12313171.6744,1507562.2303,10.1375,6.3857,64.7327,0.9792,29.2326,49.0,0.18055143267978413,0.015141159764581857
600531.SH,铅锌,2025-02-07,value_quality_sector_stopfall,0.8838325213281271,11.5801,1.4374,750086.9322,121545.90149999999,10.992,1.9106,69.7309,13.3564,13.6444,57.0,0.09870629996550462,0.012032888029289035
600866.SH,饲料,2025-02-07,value_quality_sector_stopfall,0.7773192939834508,12.7426,1.4464,1103217.817,119495.1135,8.9173,5.3302,45.7321,0.4788,38.3774,50.0,0.05533350319905628,0.0013937907843943886
002083.SZ,纺织,2025-02-10,value_quality_sector_stopfall,1.2434535965887996,12.2921,1.0049,463853.1159,61826.963849999986,8.5474,8.0944,48.3648,0.7262,36.9357,60.0,0.11137784507923643,0.009773084842896518
002588.SZ,农药化肥,2025-02-10,value_quality_sector_stopfall,1.204741965190748,10.633,1.2564,835121.6855,96988.47825,10.4067,8.1504,41.2411,3.6426,14.6079,60.0,0.06050638475049386,0.0027542471069208485
000612.SZ,铝,2025-02-10,value_quality_sector_stopfall,1.1393175800604785,11.275,1.4015,865536.76,309094.64275,8.8162,11.0258,21.6435,2.7117,49.4133,60.0,0.09698184272088817,0.008161070672923598
000404.SZ,家用电器,2025-02-10,value_quality_sector_stopfall,1.0957845976830174,11.0327,1.2785,510861.0486,82232.965,9.6151,5.3829,62.9823,-9.6885,36.6774,60.0,0.10872112892943342,0.010876135420250677
000338.SZ,汽车配件,2025-02-10,value_quality_sector_stopfall,1.0905047976508266,11.2658,1.4785,12295718.5608,1482056.84885,10.1375,6.3857,64.7327,0.9792,29.2326,49.0,0.18660481321486388,0.02226331776929613
601113.SH,化纤,2025-02-10,value_quality_sector_stopfall,0.8990927418361618,13.8969,1.223,442765.0426,89104.67654999999,9.3771,5.3078,35.7226,-5.3911,96.2515,59.0,0.08415763501513429,0.004717773487694199
600531.SH,铅锌,2025-02-10,value_quality_sector_stopfall,0.8887635673482164,11.5296,1.4311,746816.2043,120908.0386,10.992,1.9106,69.7309,13.3564,13.6444,58.0,0.09238408100780648,0.015719486340409983
600866.SH,饲料,2025-02-10,value_quality_sector_stopfall,0.7791736945131655,12.8193,1.4551,1109863.7075,119506.8128,8.9173,5.3302,45.7321,0.4788,38.3774,50.0,0.06617161591791021,0.0033234119285887598
000598.SZ,水务,2025-02-11,value_quality_sector_stopfall,1.8154209428353254,10.6741,1.1879,2112979.7825,112823.6497,9.4448,26.8684,59.3469,9.1716,9.1358,60.0,0.043400899154666384,0.002154710347325395
601298.SH,港口,2025-02-11,value_quality_sector_stopfall,1.7193624863385573,11.5818,1.411,5867954.4,123949.52835,9.5191,31.0062,24.6688,2.3394,3.7808,60.0,0.050885525799747144,0.0004996272054766937
600461.SH,水务,2025-02-11,value_quality_sector_stopfall,1.4797542761686584,10.7737,1.3384,1203244.981,110725.77530000001,10.8563,18.3138,58.5327,-1.2249,3.8247,60.0,0.043400899154666384,0.002154710347325395
600323.SH,环境保护,2025-02-11,value_quality_sector_stopfall,1.447943401706551,10.9075,1.3706,1798655.8041,110867.36609999998,10.9758,16.1272,63.132,-2.5764,18.8151,60.0,0.1054175986811654,0.006820469692052189
600970.SH,建筑工程,2025-02-11,value_quality_sector_stopfall,1.3763240419520912,8.298,1.2182,2467648.3313,130094.37495,10.4689,6.8506,61.0388,0.7027,2.8968,60.0,0.0907216874736747,0.003826354478416505
002083.SZ,纺织,2025-02-11,value_quality_sector_stopfall,1.2769168706947949,12.2419,1.0008,461959.8379,60937.6336,8.5474,8.0944,48.3648,0.7262,36.9357,60.0,0.13227846515457253,0.01625573887355558
000065.SZ,建筑工程,2025-02-11,value_quality_sector_stopfall,1.2107727086187579,10.1869,1.1059,1003456.2972,72282.0304,8.6562,5.5911,58.9856,-3.4755,9.7005,60.0,0.0907216874736747,0.003826354478416505
002588.SZ,农药化肥,2025-02-11,value_quality_sector_stopfall,1.1973097043688834,10.6623,1.2598,837425.4695,92486.48985,10.4067,8.1504,41.2411,3.6426,14.6079,60.0,0.052725824761821416,0.007322546273728747
000612.SZ,铝,2025-02-11,value_quality_sector_stopfall,1.1435582276424794,11.275,1.4015,865536.76,298246.0889,8.8162,11.0258,21.6435,2.7117,49.4133,60.0,0.0960934336925301,0.013290127283282605
000404.SZ,家用电器,2025-02-11,value_quality_sector_stopfall,1.1031915238395156,11.0177,1.2768,510165.0526,81645.79455,9.6151,5.3829,62.9823,-9.6885,36.6774,60.0,0.10760569563736011,0.017265161535488627
603995.SH,特种钢,2025-02-11,value_quality_sector_stopfall,1.0573504153078188,9.9273,1.3348,716243.9459,76932.68865,10.9059,2.3857,57.0606,12.1842,85.1165,60.0,0.09321639177509744,6.13568660545738e-05
000338.SZ,汽车配件,2025-02-11,value_quality_sector_stopfall,1.048529542315528,11.5136,1.511,12566241.8222,1533110.9133499998,10.1375,6.3857,64.7327,0.9792,29.2326,48.0,0.1666276358190497,0.031118573163144925
002078.SZ,造纸,2025-02-11,value_quality_sector_stopfall,0.9690491500897613,11.7837,1.4508,4015746.966,251830.29049999997,9.1521,7.9681,46.3695,6.0697,15.0795,57.0,0.08643726103075844,0.0037045557256696338
600332.SH,中成药,2025-02-11,value_quality_sector_stopfall,0.9197224112450398,12.8652,1.2381,4404267.6808,139947.17915,8.8808,5.5697,51.9868,1.5046,-16.6772,60.0,0.06121353662276663,0.0007002079556064356
601113.SH,化纤,2025-02-11,value_quality_sector_stopfall,0.8964373889678265,13.9662,1.2291,444973.3471,89060.24415,9.3771,5.3078,35.7226,-5.3911,96.2515,59.0,0.08554022510848136,0.009366497192678569
600531.SH,铅锌,2025-02-11,value_quality_sector_stopfall,0.8905327084172785,11.6138,1.4416,752267.4175,122899.47390000001,10.992,1.9106,69.7309,13.3564,13.6444,59.0,0.10253044227513808,0.01995559947547365
600866.SH,饲料,2025-02-11,value_quality_sector_stopfall,0.7837410628002835,12.8577,1.4595,1113186.6527,118381.54169999999,8.9173,5.3302,45.7321,0.4788,38.3774,50.0,0.07235399625192973,0.007201733215020489
000598.SZ,水务,2025-02-12,value_quality_sector_stopfall,1.8311794534807748,10.6289,1.1828,2104026.4783,110567.7608,9.4448,26.8684,59.3469,9.1716,9.1358,60.0,0.049447537790380025,0.005453249023728013
601298.SH,港口,2025-02-12,value_quality_sector_stopfall,1.7427088220456004,11.4152,1.3907,5783570.1,122149.94175,9.5191,31.0062,24.6688,2.3394,3.7808,60.0,0.04656084525593762,0.003530643456329585
000543.SZ,火力发电,2025-02-12,value_quality_sector_stopfall,1.5096810002472798,9.4267,1.044,1609472.965,223247.49515000003,10.8158,9.9628,65.7132,11.5242,21.2933,60.0,0.06649784650537072,0.002904487075242601
600461.SH,水务,2025-02-12,value_quality_sector_stopfall,1.496032786814108,10.7277,1.3326,1198108.3962,110606.39945,10.8563,18.3138,58.5327,-1.2249,3.8247,60.0,0.049447537790380025,0.005453249023728013
600323.SH,环境保护,2025-02-12,value_quality_sector_stopfall,1.4821607918409085,10.7641,1.3525,1775010.7368,104574.90035,10.9758,16.1272,63.132,-2.5764,18.8151,60.0,0.11271238282733109,0.012116409013577467
600428.SH,水运,2025-02-12,value_quality_sector_stopfall,1.3923536320483916,10.325,1.1506,1395323.0012,172011.51505,10.1599,11.3533,60.27,32.999,31.3786,60.0,0.06009779486009337,0.0028165038549650134
600970.SH,建筑工程,2025-02-12,value_quality_sector_stopfall,1.3827884542535165,8.3335,1.2235,2478216.4184,131868.5403,10.4689,6.8506,61.0388,0.7027,2.8968,60.0,0.09789376688400409,0.00901868736951239
002083.SZ,纺织,2025-02-12,value_quality_sector_stopfall,1.2793749990245837,12.267,1.0029,462906.4769,60395.069299999996,8.5474,8.0944,48.3648,0.7262,36.9357,60.0,0.13350875955121055,0.020556906140039688
000065.SZ,建筑工程,2025-02-12,value_quality_sector_stopfall,1.2159371209201832,10.2389,1.1115,1008581.2017,73122.86055000001,8.6562,5.5911,58.9856,-3.4755,9.7005,60.0,0.09789376688400409,0.00901868736951239
002588.SZ,农药化肥,2025-02-12,value_quality_sector_stopfall,1.2066664533258773,10.6476,1.2581,836273.5775,91688.7571,10.4067,8.1504,41.2411,3.6426,14.6079,60.0,0.056953646868766805,0.010338139790443845
000612.SZ,铝,2025-02-12,value_quality_sector_stopfall,1.1704075485413516,11.1197,1.3822,853614.7661,293280.71780000004,8.8162,11.0258,21.6435,2.7117,49.4133,60.0,0.09666267154909436,0.016350210325590586
000404.SZ,家用电器,2025-02-12,value_quality_sector_stopfall,1.1324157407849644,10.9425,1.2681,506685.0727,82755.45055000001,9.6151,5.3829,62.9823,-9.6885,36.6774,60.0,0.12138980236932961,0.02189193841563486
603995.SH,特种钢,2025-02-12,value_quality_sector_stopfall,1.0691259270858384,9.9171,1.3335,715512.7117,76629.0285,10.9059,2.3857,57.0606,12.1842,85.1165,60.0,0.09767277907452931,0.005833814677975724
000338.SZ,汽车配件,2025-02-12,value_quality_sector_stopfall,1.0425981761037888,11.8175,1.5509,12897850.9814,1587283.3769,10.1375,6.3857,64.7327,0.9792,29.2326,47.0,0.17408173622862222,0.0379931065418333
002078.SZ,造纸,2025-02-12,value_quality_sector_stopfall,0.9669379454633708,11.8247,1.4558,4029719.6416,244799.85095000002,9.1521,7.9681,46.3695,6.0697,15.0795,57.0,0.08539945477093558,0.008697824025768464
601113.SH,化纤,2025-02-12,value_quality_sector_stopfall,0.9253366372838927,13.8969,1.223,442765.0426,88825.90564999999,9.3771,5.3078,35.7226,-5.3911,96.2515,59.0,0.1017167284350029,0.013402575515556459
600332.SH,中成药,2025-02-12,value_quality_sector_stopfall,0.9175477792407979,12.8842,1.24,4410770.8446,137053.06055,8.8808,5.5697,51.9868,1.5046,-16.6772,60.0,0.05872252612536544,0.0035499197820989536
600531.SH,铅锌,2025-02-12,value_quality_sector_stopfall,0.9024200074991564,11.4791,1.4249,743545.4764,125017.3962,10.992,1.9106,69.7309,13.3564,13.6444,60.0,0.09315712937507592,0.021102878124080515
600866.SH,饲料,2025-02-12,value_quality_sector_stopfall,0.8139501828998899,12.685,1.4399,1098233.3992,116626.32750000001,8.9173,5.3302,45.7321,0.4788,38.3774,50.0,0.07480424264459629,0.0103806069219603
000598.SZ,水务,2025-02-13,value_quality_sector_stopfall,1.8184349721113808,10.6741,1.1879,2112979.7825,110361.32220000001,9.4448,26.8684,59.3469,9.1716,9.1358,60.0,0.041011291395967486,0.007558347382079722
601298.SH,港口,2025-02-13,value_quality_sector_stopfall,1.7541774467439388,11.2999,1.3766,5725150.2,112543.45619999999,9.5191,31.0062,24.6688,2.3394,3.7808,60.0,0.03902123064292384,0.005452216101015095
000543.SZ,火力发电,2025-02-13,value_quality_sector_stopfall,1.4996735195642252,9.4666,1.0484,1616273.555,222254.18050000002,10.8158,9.9628,65.7132,11.5242,21.2933,60.0,0.059282514574719114,0.0057056716561727505
600461.SH,水务,2025-02-13,value_quality_sector_stopfall,1.4965683054447139,10.6817,1.3269,1192971.8114,110303.77735000002,10.8563,18.3138,58.5327,-1.2249,3.8247,60.0,0.041011291395967486,0.007558347382079722
600323.SH,环境保护,2025-02-13,value_quality_sector_stopfall,1.4938383159578172,10.6257,1.3351,1752181.0168,105458.3466,10.9758,16.1272,63.132,-2.5764,18.8151,60.0,0.10008474716611881,0.015594902125031895
603299.SH,食品,2025-02-13,value_quality_sector_stopfall,1.4574487152096545,9.8957,1.4216,841398.503,91920.02239999999,11.4312,16.3512,38.2729,-3.3049,20.5816,57.0,0.05923614486387563,0.0033712370124454605
600428.SH,水运,2025-02-13,value_quality_sector_stopfall,1.3990465342151661,10.2297,1.14,1382443.0965,168830.65215,10.1599,11.3533,60.27,32.999,31.3786,60.0,0.05082101156949714,0.0053661893123353455
600970.SH,建筑工程,2025-02-13,value_quality_sector_stopfall,1.3911680511343587,8.3068,1.2195,2470290.3531,127345.09274999998,10.4689,6.8506,61.0388,0.7027,2.8968,60.0,0.09813981271926098,0.01270557174843101
002083.SZ,纺织,2025-02-13,value_quality_sector_stopfall,1.272058908124689,12.2168,0.9988,461013.1988,59579.24895,8.5474,8.0944,48.3648,0.7262,36.9357,60.0,0.11796702381704582,0.022702550974309732
002588.SZ,农药化肥,2025-02-13,value_quality_sector_stopfall,1.2073006805620359,10.6183,1.2546,833969.7935,90638.0787,10.4067,8.1504,41.2411,3.6426,14.6079,60.0,0.05177597068785755,0.011863376540844905
000065.SZ,建筑工程,2025-02-13,value_quality_sector_stopfall,1.1909300511343586,10.447,1.1341,1029080.8196,81789.80555,8.6562,5.5911,58.9856,-3.4755,9.7005,60.0,0.09813981271926098,0.01270557174843101
000612.SZ,铝,2025-02-13,value_quality_sector_stopfall,1.1878427992065699,10.9178,1.3571,838116.174,290136.67370000004,8.8162,11.0258,21.6435,2.7117,49.4133,60.0,0.08316736004554559,0.017087439161024065
000404.SZ,家用电器,2025-02-13,value_quality_sector_stopfall,1.1369405950678975,10.8223,1.2541,501117.1049,79592.90120000001,9.6151,5.3829,62.9823,-9.6885,36.6774,60.0,0.10828673632524488,0.022173192075986004
603995.SH,特种钢,2025-02-13,value_quality_sector_stopfall,1.0806315678044258,9.8006,1.3178,707103.5178,76777.54990000001,10.9059,2.3857,57.0606,12.1842,85.1165,60.0,0.08727145135457492,0.009507449783184185
000338.SZ,汽车配件,2025-02-13,value_quality_sector_stopfall,1.0289172602536145,11.6975,1.5352,12766952.6291,1417850.3276499999,10.1375,6.3857,64.7327,0.9792,29.2326,46.0,0.150591221346156,0.03980270557412524
002078.SZ,造纸,2025-02-13,value_quality_sector_stopfall,0.9718615847465439,11.7509,1.4467,4004568.8255,241927.15759999998,9.1521,7.9681,46.3695,6.0697,15.0795,57.0,0.07601596974168756,0.012018281671523079
601113.SH,化纤,2025-02-13,value_quality_sector_stopfall,0.9191291807250107,13.8276,1.2169,440556.7382,89685.27659999998,9.3771,5.3078,35.7226,-5.3911,96.2515,59.0,0.0845956097884315,0.01562957093657924
600332.SH,中成药,2025-02-13,value_quality_sector_stopfall,0.9137872403954693,12.8842,1.24,4410770.8446,136148.6495,8.8808,5.5697,51.9868,1.5046,-16.6772,60.0,0.05359182015440367,0.004920086907732157
600531.SH,铅锌,2025-02-13,value_quality_sector_stopfall,0.9022077703346579,11.3781,1.4123,737004.0206,123940.85195,10.992,1.9106,69.7309,13.3564,13.6444,60.0,0.0785521526149413,0.020362284386383322
600866.SH,饲料,2025-02-13,value_quality_sector_stopfall,0.8279252913213133,12.5315,1.4225,1084941.6182,118958.11145,8.9173,5.3302,45.7321,0.4788,38.3774,51.0,0.06488016168601174,0.012446462968634942
000598.SZ,水务,2025-02-14,value_quality_sector_stopfall,1.824027239974592,10.6289,1.1828,2104026.4783,108502.38485,9.4448,26.8684,59.3469,9.1716,9.1358,60.0,0.039278788354261795,0.008469784953663462
601298.SH,港口,2025-02-14,value_quality_sector_stopfall,1.752638147423445,11.2615,1.372,5705676.9,105375.4743,9.5191,31.0062,24.6688,2.3394,3.7808,60.0,0.03114101026030136,0.006166470496477006
000543.SZ,火力发电,2025-02-14,value_quality_sector_stopfall,1.5129655218959805,9.3736,1.0381,1600405.5117,216326.59730000002,10.8158,9.9628,65.7132,11.5242,21.2933,60.0,0.058399426051735315,0.006814095844245305
600323.SH,环境保护,2025-02-14,value_quality_sector_stopfall,1.509985980721683,10.5169,1.3215,1734243.3795,108099.818,10.9758,16.1272,63.132,-2.5764,18.8151,60.0,0.09782242288357179,0.017684891171444672
600461.SH,水务,2025-02-14,value_quality_sector_stopfall,1.5094739066412586,10.5898,1.3155,1182698.6419,111273.18225,10.8563,18.3138,58.5327,-1.2249,3.8247,60.0,0.039278788354261795,0.008469784953663462
603299.SH,食品,2025-02-14,value_quality_sector_stopfall,1.4485291914100558,9.9141,1.4242,842962.4408,90852.1345,11.4312,16.3512,38.2729,-3.3049,20.5816,57.0,0.04978113259154937,0.006866725485172864
600428.SH,水运,2025-02-14,value_quality_sector_stopfall,1.405683787831639,10.1344,1.1293,1369563.1919,171693.48885,10.1599,11.3533,60.27,32.999,31.3786,60.0,0.043495869650472585,0.005841918181166195
600970.SH,建筑工程,2025-02-14,value_quality_sector_stopfall,1.386934456592683,8.3068,1.2195,2470290.3531,128007.49925,10.4689,6.8506,61.0388,0.7027,2.8968,60.0,0.09220513180745438,0.01440665811856201
002083.SZ,纺织,2025-02-14,value_quality_sector_stopfall,1.266318007926817,12.2168,0.9988,461013.1988,60874.933699999994,8.5474,8.0944,48.3648,0.7262,36.9357,60.0,0.1109537250330701,0.023974949560413572
002588.SZ,农药化肥,2025-02-14,value_quality_sector_stopfall,1.2138941029136283,10.501,1.2408,824754.6577,90861.33775,10.4067,8.1504,41.2411,3.6426,14.6079,60.0,0.04214598502709466,0.011066784553200204
000612.SZ,铝,2025-02-14,value_quality_sector_stopfall,1.1857609406876986,10.8868,1.3532,835731.7752,293246.38705,8.8162,11.0258,21.6435,2.7117,49.4133,60.0,0.07724373438692833,0.0162625396341034
000065.SZ,建筑工程,2025-02-14,value_quality_sector_stopfall,1.1621031232593497,10.6239,1.1533,1046505.4948,90688.78345,8.6562,5.5911,58.9856,-3.4755,9.7005,60.0,0.09220513180745438,0.01440665811856201
000404.SZ,家用电器,2025-02-14,value_quality_sector_stopfall,1.1380633512298972,10.7772,1.2489,499029.1169,78207.44995000001,9.6151,5.3829,62.9823,-9.6885,36.6774,60.0,0.10412020160795121,0.02098914962194609
603995.SH,特种钢,2025-02-14,value_quality_sector_stopfall,1.071888985112236,9.8107,1.3192,707834.7521,76833.64085,10.9059,2.3857,57.0606,12.1842,85.1165,60.0,0.07804704036128252,0.01159594475095349
000338.SZ,汽车配件,2025-02-14,value_quality_sector_stopfall,1.0275738568424164,11.7935,1.5477,12871671.311,1359164.5261,10.1375,6.3857,64.7327,0.9792,29.2326,45.0,0.1561071556612894,0.03934336784779369
002078.SZ,造纸,2025-02-14,value_quality_sector_stopfall,0.9731248094197514,11.7181,1.4427,3993390.6851,235392.20249999998,9.1521,7.9681,46.3695,6.0697,15.0795,57.0,0.0703904557741668,0.014053686978918067
601113.SH,化纤,2025-02-14,value_quality_sector_stopfall,0.9466216727802717,13.6197,1.1986,433931.8248,90596.08219999999,9.3771,5.3078,35.7226,-5.3911,96.2515,59.0,0.08509069153111293,0.016566981249158674
600332.SH,中成药,2025-02-14,value_quality_sector_stopfall,0.9150988730581727,12.9554,1.2468,4435157.7089,139565.60009999998,8.8808,5.5697,51.9868,1.5046,-16.6772,60.0,0.06341282532572357,0.005690714399115615
600531.SH,铅锌,2025-02-14,value_quality_sector_stopfall,0.9019258182517436,11.4286,1.4186,740274.7485,124996.75759999998,10.992,1.9106,69.7309,13.3564,13.6444,60.0,0.08713919265327874,0.019059958931798127
600866.SH,饲料,2025-02-14,value_quality_sector_stopfall,0.8212735350256116,12.5507,1.4246,1086603.0909,119321.68125,8.9173,5.3302,45.7321,0.4788,38.3774,51.0,0.06011334851301231,0.013241519845932803
000598.SZ,水务,2025-02-17,value_quality_sector_stopfall,1.855112256989778,10.3877,1.156,2056275.5228,113283.57175,9.4448,26.8684,59.3469,9.1716,9.1358,60.0,0.03633413741173386,0.008552786244710786
601298.SH,港口,2025-02-17,value_quality_sector_stopfall,1.7286315118528683,11.4536,1.3954,5803043.4,106487.53034999999,9.5191,31.0062,24.6688,2.3394,3.7808,60.0,0.035105372484384834,0.006602139368483417
600323.SH,环境保护,2025-02-17,value_quality_sector_stopfall,1.6007908872712764,10.0472,1.2625,1656785.4007,118093.88235,10.9758,16.1272,63.132,-2.5764,18.8151,60.0,0.11600592382688335,0.019659630111059645
600461.SH,水务,2025-02-17,value_quality_sector_stopfall,1.5169455903231113,10.5208,1.3069,1174993.7648,113469.19635000001,10.8563,18.3138,58.5327,-1.2249,3.8247,60.0,0.03633413741173386,0.008552786244710786
000543.SZ,火力发电,2025-02-17,value_quality_sector_stopfall,1.5045082220659285,9.6525,1.069,1648009.6416,230514.8093,10.8158,9.9628,65.7132,11.5242,21.2933,60.0,0.08700643373874284,0.008943121660518916
603299.SH,食品,2025-02-17,value_quality_sector_stopfall,1.477625995000958,9.7853,1.4057,832014.8766,90623.1298,11.4312,16.3512,38.2729,-3.3049,20.5816,57.0,0.05596585513517316,0.008858806532451524
600970.SH,建筑工程,2025-02-17,value_quality_sector_stopfall,1.427620591509167,8.1825,1.2013,2433302.0483,130874.57615000001,10.4689,6.8506,61.0388,0.7027,2.8968,60.0,0.11102813653803478,0.015849788304465484
600428.SH,水运,2025-02-17,value_quality_sector_stopfall,1.4118849931520983,10.0868,1.124,1363123.2396,176201.69235,10.1599,11.3533,60.27,32.999,31.3786,60.0,0.04212163422699233,0.006710692258439455
002083.SZ,纺织,2025-02-17,value_quality_sector_stopfall,1.287138329120888,12.267,1.0029,462906.4769,61112.4219,8.5474,8.0944,48.3648,0.7262,36.9357,60.0,0.13651321080174794,0.025315784985806555
000065.SZ,建筑工程,2025-02-17,value_quality_sector_stopfall,1.2272092581758336,10.3013,1.1183,1014731.087,97018.41065,8.6562,5.5911,58.9856,-3.4755,9.7005,60.0,0.11102813653803478,0.015849788304465484
002588.SZ,农药化肥,2025-02-17,value_quality_sector_stopfall,1.2118077603928463,10.4863,1.239,823602.7657,90615.1583,10.4067,8.1504,41.2411,3.6426,14.6079,60.0,0.038515086731019776,0.010431340328493244
000404.SZ,家用电器,2025-02-17,value_quality_sector_stopfall,1.1759430276924123,10.657,1.235,493461.1491,77201.95255,9.6151,5.3829,62.9823,-9.6885,36.6774,60.0,0.12468540646807558,0.021023621224336875
000612.SZ,铝,2025-02-17,value_quality_sector_stopfall,1.1612732212565495,11.0576,1.3744,848845.9685,294264.08975,8.8162,11.0258,21.6435,2.7117,49.4133,60.0,0.07860713837251332,0.0159314162173696
603995.SH,特种钢,2025-02-17,value_quality_sector_stopfall,1.0526144357273717,9.7347,1.309,702350.4952,76873.6906,10.9059,2.3857,57.0606,12.1842,85.1165,60.0,0.04566419775687591,0.012837571303828899
002078.SZ,造纸,2025-02-17,value_quality_sector_stopfall,0.997275960220957,11.6197,1.4306,3959856.2636,237655.01,9.1521,7.9681,46.3695,6.0697,15.0795,57.0,0.07890755492041435,0.015061071967209294
601113.SH,化纤,2025-02-17,value_quality_sector_stopfall,0.932806784321656,13.7236,1.2078,437244.2815,91071.6555,9.3771,5.3078,35.7226,-5.3911,96.2515,59.0,0.08371080755572535,0.01719197676593054
600332.SH,中成药,2025-02-17,value_quality_sector_stopfall,0.9144699484162272,12.9222,1.2436,4423777.1722,142281.50035000002,8.8808,5.5697,51.9868,1.5046,-16.6772,60.0,0.05764883837671242,0.006479110039514735
600531.SH,铅锌,2025-02-17,value_quality_sector_stopfall,0.8767801685611609,11.2603,1.3977,729372.3221,126713.01975,10.992,1.9106,69.7309,13.3564,13.6444,60.0,0.038463952482984176,0.01743621607817669
600866.SH,饲料,2025-02-17,value_quality_sector_stopfall,0.8421906430530339,12.4547,1.4138,1078295.7278,121307.7784,8.9173,5.3302,45.7321,0.4788,38.3774,51.0,0.06700090493830113,0.013671071448066119
600323.SH,环境保护,2025-02-18,value_quality_sector_stopfall,1.4599555403112412,10.5119,1.3209,1733428.0324,124846.40849999999,10.9758,16.1272,63.132,-2.5764,18.8151,60.0,0.045068266081744524,0.019675274229496775
000543.SZ,火力发电,2025-02-18,value_quality_sector_stopfall,1.4242244098833918,9.8914,1.0955,1688813.1816,243394.97705000002,10.8158,9.9628,65.7132,11.5242,21.2933,60.0,0.038022088320076364,0.011236988229982092
600970.SH,建筑工程,2025-02-18,value_quality_sector_stopfall,1.3991869177910847,8.0847,1.1869,2404239.8089,138622.6827,10.4689,6.8506,61.0388,0.7027,2.8968,60.0,0.06555062106471077,0.016773630059707223
002083.SZ,纺织,2025-02-18,value_quality_sector_stopfall,1.2278478013649659,12.1416,0.9926,458173.2818,62880.621750000006,8.5474,8.0944,48.3648,0.7262,36.9357,60.0,0.06268321338587346,0.024628587979092398
000404.SZ,家用电器,2025-02-18,value_quality_sector_stopfall,1.1309961441007603,10.4916,1.2158,485805.1933,76879.30055,9.6151,5.3829,62.9823,-9.6885,36.6774,60.0,0.05647492984604763,0.02046054758804594
000612.SZ,铝,2025-02-18,value_quality_sector_stopfall,1.130534757884791,10.9644,1.3629,841692.7722,270390.4393,8.8162,11.0258,21.6435,2.7117,49.4133,60.0,0.0351987598694421,0.014721331348682254
000065.SZ,建筑工程,2025-02-18,value_quality_sector_stopfall,1.039442251124418,11.3315,1.2301,1116204.1957,133679.5963,8.6562,5.5911,58.9856,-3.4755,9.7005,60.0,0.06555062106471077,0.016773630059707223
601113.SH,化纤,2025-02-18,value_quality_sector_stopfall,0.9290415344210601,13.3771,1.1773,426202.7592,92679.16475,9.3771,5.3078,35.7226,-5.3911,96.2515,59.0,0.036773665215629636,0.01693053587209703
600368.SH,路桥,2025-02-19,value_quality_sector_stopfall,1.9957762828018215,10.3651,1.0415,701809.0821,175482.49409999998,8.6855,46.3254,30.6102,3.122,2.985,60.0,0.0329424243361327,0.0007538584656889835
600323.SH,环境保护,2025-02-19,value_quality_sector_stopfall,1.473186983341117,10.5564,1.3265,1740766.1567,125835.7312,10.9758,16.1272,63.132,-2.5764,18.8151,60.0,0.06558191107666311,0.019093072264454003
000543.SZ,火力发电,2025-02-19,value_quality_sector_stopfall,1.413802891577396,9.9446,1.1014,1697880.6349,244598.10184999998,10.8158,9.9628,65.7132,11.5242,21.2933,60.0,0.03494481417135753,0.011372744072704943
600428.SH,水运,2025-02-19,value_quality_sector_stopfall,1.403690651597241,10.1344,1.1293,1369563.1919,181857.4059,10.1599,11.3533,60.27,32.999,31.3786,60.0,0.03960391956360931,0.007740732033631348
600970.SH,建筑工程,2025-02-19,value_quality_sector_stopfall,1.3181211368843422,8.6978,1.2769,2586539.3109,168605.46765,10.4689,6.8506,61.0388,0.7027,2.8968,60.0,0.08478464699327382,0.017347156557735
002083.SZ,纺织,2025-02-19,value_quality_sector_stopfall,1.2473439762043186,12.1917,0.9967,460066.5598,62022.0299,8.5474,8.0944,48.3648,0.7262,36.9357,60.0,0.08876224490386853,0.02411906463378366
000404.SZ,家用电器,2025-02-19,value_quality_sector_stopfall,1.1535176185948912,10.5217,1.2193,487197.1853,77319.35635,9.6151,5.3829,62.9823,-9.6885,36.6774,60.0,0.08484385687005536,0.01895309505816911
000612.SZ,铝,2025-02-19,value_quality_sector_stopfall,1.107981112679843,11.2595,1.3995,864344.5607,257248.92695,8.8162,11.0258,21.6435,2.7117,49.4133,60.0,0.05709776851522408,0.014342010831285279
601113.SH,化纤,2025-02-19,value_quality_sector_stopfall,0.930050255614001,13.481,1.1864,429515.2159,91413.39114999998,9.3771,5.3078,35.7226,-5.3911,96.2515,59.0,0.05169422062296958,0.01601203499103132
000065.SZ,建筑工程,2025-02-19,value_quality_sector_stopfall,0.9015764702176755,12.4656,1.3532,1227927.1134,175322.4829,8.6562,5.5911,58.9856,-3.4755,9.7005,60.0,0.08478464699327382,0.017347156557735
600531.SH,铅锌,2025-02-19,value_quality_sector_stopfall,0.8756884993903378,11.2435,1.3956,728282.0795,122516.35505000001,10.992,1.9106,69.7309,13.3564,13.6444,60.0,0.039494315362990084,0.012794184027347555
603299.SH,食品,2025-02-20,value_quality_sector_stopfall,1.46955303005469,9.6929,1.3925,824153.0279,87772.06255,11.4312,16.3512,38.2729,-3.3049,20.5816,57.0,0.03724994157986661,0.004541755141490134
600323.SH,环境保护,2025-02-20,value_quality_sector_stopfall,1.452906356886479,10.7394,1.3494,1770934.0011,128143.89469999999,10.9758,16.1272,63.132,-2.5764,18.8151,60.0,0.0727230736026605,0.019137949950485345
600970.SH,建筑工程,2025-02-20,value_quality_sector_stopfall,1.35458714980486,8.449,1.2404,2512562.7014,182799.56465000001,10.4689,6.8506,61.0388,0.7027,2.8968,60.0,0.07972745845360873,0.01795035801791789
002083.SZ,纺织,2025-02-20,value_quality_sector_stopfall,1.262199378017817,12.1917,0.9967,460066.5598,60938.46214999999,8.5474,8.0944,48.3648,0.7262,36.9357,60.0,0.10280694650070599,0.024929764850444514
002588.SZ,农药化肥,2025-02-20,value_quality_sector_stopfall,1.2220062792421433,10.3396,1.2217,812083.8459,93665.3722,10.4067,8.1504,41.2411,3.6426,14.6079,60.0,0.03399749647123973,0.0038341161042370064
000404.SZ,家用电器,2025-02-20,value_quality_sector_stopfall,1.1346158107784683,10.7471,1.2454,497637.125,78568.32119999999,9.6151,5.3829,62.9823,-9.6885,36.6774,60.0,0.0972333613392673,0.020088449439201073
000612.SZ,铝,2025-02-20,value_quality_sector_stopfall,1.105507451257551,11.275,1.4015,865536.76,248128.02075,8.8162,11.0258,21.6435,2.7117,49.4133,60.0,0.05630643756763676,0.015026347023247455
603995.SH,特种钢,2025-02-20,value_quality_sector_stopfall,1.0323933495001298,9.7904,1.3165,706372.2836,76799.32639999999,10.9059,2.3857,57.0606,12.1842,85.1165,60.0,0.037208508126393536,0.009785508040403013
000065.SZ,建筑工程,2025-02-20,value_quality_sector_stopfall,0.9882224831381933,11.8101,1.2821,1163353.317,228198.4533,8.6562,5.5911,58.9856,-3.4755,9.7005,60.0,0.07972745845360873,0.01795035801791789
601113.SH,化纤,2025-02-20,value_quality_sector_stopfall,0.9354588223519169,13.5503,1.1925,431723.5204,88536.27049999998,9.3771,5.3078,35.7226,-5.3911,96.2515,59.0,0.06521524493712927,0.01658624408145415
600531.SH,铅锌,2025-02-20,value_quality_sector_stopfall,0.8688965557459818,11.2266,1.3935,727191.8369,122270.97659999998,10.992,1.9106,69.7309,13.3564,13.6444,60.0,0.03118470483518787,0.011785184244127223
600323.SH,环境保护,2025-02-21,value_quality_sector_stopfall,1.4743637846677289,10.6306,1.3358,1752996.3639,129149.3851,10.9758,16.1272,63.132,-2.5764,18.8151,60.0,0.07789322891291728,0.019105222421478496
603299.SH,食品,2025-02-21,value_quality_sector_stopfall,1.4588331774039498,9.7204,1.3964,826498.8145,87591.46435,11.4312,16.3512,38.2729,-3.3049,20.5816,57.0,0.03233068442075959,0.00317449298319028
600970.SH,建筑工程,2025-02-21,value_quality_sector_stopfall,1.3607238057938882,8.4223,1.2365,2504636.6361,188455.01715,10.4689,6.8506,61.0388,0.7027,2.8968,60.0,0.08076285924372328,0.018671613216831418
002083.SZ,纺织,2025-02-21,value_quality_sector_stopfall,1.2702261922741704,12.0914,0.9885,456280.0038,58840.798950000004,8.5474,8.0944,48.3648,0.7262,36.9357,60.0,0.09857796954964448,0.0250322227245261
002053.SZ,新型电力,2025-02-21,value_quality_sector_stopfall,1.1611030761949512,14.3914,1.4155,1035820.647,55004.61899999999,8.0147,21.0447,54.2673,31.6557,71.656,46.0,0.03292638179697471,0.009192027731310004
000404.SZ,家用电器,2025-02-21,value_quality_sector_stopfall,1.1512706655650113,10.7471,1.2454,497637.125,77561.04809999999,9.6151,5.3829,62.9823,-9.6885,36.6774,60.0,0.11285812441793697,0.021118541147074454
000612.SZ,铝,2025-02-21,value_quality_sector_stopfall,1.0584821186106204,11.6477,1.4478,894149.5455,249111.94084999998,8.8162,11.0258,21.6435,2.7117,49.4133,60.0,0.06496195335792421,0.015058831919362747
603995.SH,特种钢,2025-02-21,value_quality_sector_stopfall,1.027378865890904,9.7803,1.3151,705641.0493,77211.18470000001,10.9059,2.3857,57.0606,12.1842,85.1165,60.0,0.03279435615750925,0.007578509733394689
000065.SZ,建筑工程,2025-02-21,value_quality_sector_stopfall,1.0044524724605548,11.706,1.2708,1153103.508,258241.544,8.6562,5.5911,58.9856,-3.4755,9.7005,60.0,0.08076285924372328,0.018671613216831418
601113.SH,化纤,2025-02-21,value_quality_sector_stopfall,0.9327287579715606,13.5157,1.1895,430619.3681,87037.7285,9.3771,5.3078,35.7226,-5.3911,96.2515,59.0,0.058784682532143195,0.015980075439417485
603299.SH,食品,2025-02-24,value_quality_sector_stopfall,1.4556280870170604,9.794,1.407,832754.2455,86609.528,11.4312,16.3512,38.2729,-3.3049,20.5816,57.0,0.04412352497648131,0.00014989537391252306
600323.SH,环境保护,2025-02-24,value_quality_sector_stopfall,1.3978253809295127,11.224,1.4103,1850838.0214,138459.96585,10.9758,16.1272,63.132,-2.5764,18.8151,60.0,0.09259820144470177,0.017088512818144608
600970.SH,建筑工程,2025-02-24,value_quality_sector_stopfall,1.3094857403973859,8.8843,1.3043,2642021.768,213929.51945000002,10.4689,6.8506,61.0388,0.7027,2.8968,60.0,0.10622837271332708,0.01796803435072536
002083.SZ,纺织,2025-02-24,value_quality_sector_stopfall,1.283092865204609,12.1416,0.9926,458173.2818,59166.947550000004,8.5474,8.0944,48.3648,0.7262,36.9357,60.0,0.11844393708708711,0.02411292811752186
002053.SZ,新型电力,2025-02-24,value_quality_sector_stopfall,1.173486078491645,14.3658,1.413,1033979.1881,53983.835750000006,8.0147,21.0447,54.2673,31.6557,71.656,47.0,0.043592305834954326,0.007535772656690698
000404.SZ,家用电器,2025-02-24,value_quality_sector_stopfall,1.1342068436943467,10.8975,1.2628,504597.0848,79647.17270000001,9.6151,5.3829,62.9823,-9.6885,36.6774,60.0,0.11847407020463496,0.020065440156378456
000612.SZ,铝,2025-02-24,value_quality_sector_stopfall,1.0835667141623686,11.7099,1.4555,898918.3431,248669.15219999998,8.8162,11.0258,21.6435,2.7117,49.4133,60.0,0.09963491363788779,0.014750467191147365
603995.SH,特种钢,2025-02-24,value_quality_sector_stopfall,1.0366616310408052,9.6941,1.3035,699425.5582,78810.4375,10.9059,2.3857,57.0606,12.1842,85.1165,60.0,0.031314361845135474,0.00486126919566976
601113.SH,化纤,2025-02-24,value_quality_sector_stopfall,0.934775079045725,13.6197,1.1986,433931.8248,88085.72189999999,9.3771,5.3078,35.7226,-5.3911,96.2515,59.0,0.07525351358376664,0.0145575654619583
000065.SZ,建筑工程,2025-02-24,value_quality_sector_stopfall,0.8657544070640525,12.8819,1.3984,1268926.3492,276627.9227,8.6562,5.5911,58.9856,-3.4755,9.7005,60.0,0.10622837271332708,0.01796803435072536
600866.SH,饲料,2025-02-24,value_quality_sector_stopfall,0.8030737651816826,12.4163,1.4094,1074972.7826,126514.36099999999,8.9173,5.3302,45.7321,0.4788,38.3774,51.0,0.032744604450674286,0.003317160731008295
600323.SH,环境保护,2025-02-25,value_quality_sector_stopfall,1.3786655194813184,11.3179,1.4221,1866329.6172,142857.95044999997,10.9758,16.1272,63.132,-2.5764,18.8151,60.0,0.0885328695919263,0.016120649889392213
600970.SH,建筑工程,2025-02-25,value_quality_sector_stopfall,1.3236076597055648,8.7066,1.2782,2589181.3326,226171.98415,10.4689,6.8506,61.0388,0.7027,2.8968,60.0,0.09228649751570872,0.01678516218985604
002083.SZ,纺织,2025-02-25,value_quality_sector_stopfall,1.2813059176919483,12.0161,0.9824,453440.0867,59568.10805,8.5474,8.0944,48.3648,0.7262,36.9357,60.0,0.10329223118737652,0.022311019837905288
002053.SZ,新型电力,2025-02-25,value_quality_sector_stopfall,1.1764604081178645,14.2507,1.4016,1025692.6229,53246.417050000004,8.0147,21.0447,54.2673,31.6557,71.656,47.0,0.03314505234585585,0.005684022438675385
000612.SZ,铝,2025-02-25,value_quality_sector_stopfall,1.1475022868515978,11.3837,1.415,873882.1558,248723.41665000003,8.8162,11.0258,21.6435,2.7117,49.4133,60.0,0.1128893264149251,0.01668496043667278
000404.SZ,家用电器,2025-02-25,value_quality_sector_stopfall,1.134892098165652,10.8373,1.2559,501813.1009,80914.0365,9.6151,5.3829,62.9823,-9.6885,36.6774,60.0,0.1117372445628182,0.01887418693616727
000065.SZ,建筑工程,2025-02-25,value_quality_sector_stopfall,0.8839229930388981,12.6425,1.3724,1245351.7886,343672.20465,8.6562,5.5911,58.9856,-3.4755,9.7005,60.0,0.09228649751570872,0.01678516218985604
601113.SH,化纤,2025-02-25,value_quality_sector_stopfall,0.759712379382725,14.9712,1.3176,476993.7616,102611.5373,9.3771,5.3078,35.7226,-5.3911,96.2515,59.0,0.07022319091295137,0.01395852180310686
600323.SH,环境保护,2025-02-26,value_quality_sector_stopfall,1.4161034948305553,11.1745,1.4041,1842684.55,147100.53144999998,10.9758,16.1272,63.132,-2.5764,18.8151,60.0,0.10306889355095183,0.01746260127960353
600970.SH,建筑工程,2025-02-26,value_quality_sector_stopfall,1.317395645895787,8.7777,1.2887,2610317.5068,239198.43785000002,10.4689,6.8506,61.0388,0.7027,2.8968,60.0,0.09724422988700421,0.017355416008782765
002083.SZ,纺织,2025-02-26,value_quality_sector_stopfall,1.2798120337919883,12.1416,0.9926,458173.2818,60598.83315,8.5474,8.0944,48.3648,0.7262,36.9357,60.0,0.11651322183983215,0.022762811952156126
002053.SZ,新型电力,2025-02-26,value_quality_sector_stopfall,1.1740188468243433,14.3786,1.4142,1034899.9175,53524.13045,8.0147,21.0447,54.2673,31.6557,71.656,47.0,0.047035761370721074,0.006278418786955564
000612.SZ,铝,2025-02-26,value_quality_sector_stopfall,1.1586629630520326,11.508,1.4304,883419.751,248866.62094999998,8.8162,11.0258,21.6435,2.7117,49.4133,60.0,0.13875665818451766,0.020531638200848024
000404.SZ,家用电器,2025-02-26,value_quality_sector_stopfall,1.1338759411784016,11.0177,1.2768,510165.0526,84296.80985,9.6151,5.3829,62.9823,-9.6885,36.6774,60.0,0.13509484407108308,0.020460430440651933
603995.SH,特种钢,2025-02-26,value_quality_sector_stopfall,1.018952653735586,10.0134,1.3464,722459.437,85255.95475,10.9059,2.3857,57.0606,12.1842,85.1165,60.0,0.06311051590983241,0.0052428044924202055
000065.SZ,建筑工程,2025-02-26,value_quality_sector_stopfall,0.9327909792291204,12.3304,1.3386,1214602.3618,385248.2194,8.6562,5.5911,58.9856,-3.4755,9.7005,60.0,0.09724422988700421,0.017355416008782765
601113.SH,化纤,2025-02-26,value_quality_sector_stopfall,0.7378589952664538,15.595,1.3725,496868.5017,133609.0983,9.3771,5.3078,35.7226,-5.3911,96.2515,58.0,0.08557468640804511,0.015273642191742098
600368.SH,路桥,2025-02-27,value_quality_sector_stopfall,2.0369641026229806,10.1036,1.0152,684102.8897,155092.0722,8.6855,46.3254,30.6102,3.122,2.985,60.0,0.03721934054936771,0.0026980954069466545
603299.SH,食品,2025-02-27,value_quality_sector_stopfall,1.4685452097284943,9.9503,1.4295,846047.0363,83336.35505,11.4312,16.3512,38.2729,-3.3049,20.5816,57.0,0.08133768727775714,0.001272855784070659
600323.SH,环境保护,2025-02-27,value_quality_sector_stopfall,1.4386383925273754,11.0163,1.3842,1816593.4413,150056.8392,10.9758,16.1272,63.132,-2.5764,18.8151,60.0,0.10032727287131848,0.01892578632272368
600970.SH,建筑工程,2025-02-27,value_quality_sector_stopfall,1.3439400209289016,8.6089,1.2639,2560119.0932,248970.01130000004,10.4689,6.8506,61.0388,0.7027,2.8968,60.0,0.09472199849449225,0.01863535576774278
002083.SZ,纺织,2025-02-27,value_quality_sector_stopfall,1.292340546649236,12.0914,0.9885,456280.0038,61389.29495000001,8.5474,8.0944,48.3648,0.7262,36.9357,60.0,0.12171673738821931,0.024007809261016755
002053.SZ,新型电力,2025-02-27,value_quality_sector_stopfall,1.1652883457940024,14.3658,1.413,1033979.1881,53815.0064,8.0147,21.0447,54.2673,31.6557,71.656,47.0,0.03614703818207765,0.006783307611924805
000612.SZ,铝,2025-02-27,value_quality_sector_stopfall,1.1634589896792225,11.4148,1.4188,876266.5546,246002.63555,8.8162,11.0258,21.6435,2.7117,49.4133,60.0,0.12674596395931403,0.023391692386575125
000404.SZ,家用电器,2025-02-27,value_quality_sector_stopfall,1.143373765175449,10.9425,1.2681,506685.0727,86034.58589999999,9.6151,5.3829,62.9823,-9.6885,36.6774,60.0,0.1323402290104243,0.021899536165024713
603995.SH,特种钢,2025-02-27,value_quality_sector_stopfall,1.0207064982160248,9.9323,1.3355,716609.563,78573.4776,10.9059,2.3857,57.0606,12.1842,85.1165,60.0,0.051053566926795746,0.006380264622562137
000065.SZ,建筑工程,2025-02-27,value_quality_sector_stopfall,0.9981286875955685,11.8517,1.2866,1167453.2405,423309.4596,8.6562,5.5911,58.9856,-3.4755,9.7005,60.0,0.09472199849449225,0.01863535576774278
002078.SZ,造纸,2025-02-27,value_quality_sector_stopfall,0.9223428881719097,12.553,1.37,3923527.3071,233333.65069999997,9.1521,7.9681,46.3695,6.0697,15.0795,59.0,0.03839302547646173,0.0024625293621147737
600866.SH,饲料,2025-02-27,value_quality_sector_stopfall,0.7894757607745189,12.5315,1.4225,1084941.6182,147979.64625000002,8.9173,5.3302,45.7321,0.4788,38.3774,51.0,0.03789752919725431,0.0009795649105979187
601113.SH,化纤,2025-02-27,value_quality_sector_stopfall,0.755460370958902,15.2831,1.345,486931.1317,141306.96889999998,9.3771,5.3078,35.7226,-5.3911,96.2515,57.0,0.08423255423741582,0.015883816721486088
600368.SH,路桥,2025-02-28,value_quality_sector_stopfall,2.0364786003700495,10.0799,1.0128,682493.2358,150137.71000000002,8.6855,46.3254,30.6102,3.122,2.985,60.0,0.031893910715206975,0.004358022988175891
603299.SH,食品,2025-02-28,value_quality_sector_stopfall,1.4546323925407587,9.9503,1.4295,846047.0363,85896.99155,11.4312,16.3512,38.2729,-3.3049,20.5816,57.0,0.06498562974918842,0.003712096124903752
600323.SH,环境保护,2025-02-28,value_quality_sector_stopfall,1.433316402291941,10.8531,1.3637,1789686.9855,151753.5189,10.9758,16.1272,63.132,-2.5764,18.8151,60.0,0.06985043425906179,0.019533968032879212
600970.SH,建筑工程,2025-02-28,value_quality_sector_stopfall,1.3360390297223854,8.4668,1.243,2517846.7449,263944.62175,10.4689,6.8506,61.0388,0.7027,2.8968,60.0,0.0630471525595433,0.019002543829508722
002083.SZ,纺织,2025-02-28,value_quality_sector_stopfall,1.2695068748305631,11.9911,0.9803,452493.4477,61203.024450000004,8.5474,8.0944,48.3648,0.7262,36.9357,60.0,0.08630883019556967,0.024428711301660133
000612.SZ,铝,2025-02-28,value_quality_sector_stopfall,1.15678924969917,11.2284,1.3957,861960.1619,236191.7989,8.8162,11.0258,21.6435,2.7117,49.4133,60.0,0.09011007673721916,0.025531172961950732
000404.SZ,家用电器,2025-02-28,value_quality_sector_stopfall,1.1308135298259796,10.7772,1.2489,499029.1169,87084.72105000001,9.6151,5.3829,62.9823,-9.6885,36.6774,60.0,0.09557472233269215,0.02228480749328754
000065.SZ,建筑工程,2025-02-28,value_quality_sector_stopfall,0.9596143630557187,11.9038,1.2922,1172578.145,460652.8985,8.6562,5.5911,58.9856,-3.4755,9.7005,60.0,0.0630471525595433,0.019002543829508722
601113.SH,化纤,2025-02-28,value_quality_sector_stopfall,0.7434566987050482,15.1792,1.3359,483618.675,149831.31705,9.3771,5.3078,35.7226,-5.3911,96.2515,56.0,0.06534655436000958,0.016699477678371988
603299.SH,食品,2025-03-03,value_quality_sector_stopfall,1.4642153673491662,9.886,1.4202,840573.5342,86698.3645,11.4312,16.3512,38.2729,-3.3049,20.5816,57.0,0.06232436661605756,0.005469667399775169
600323.SH,环境保护,2025-03-03,value_quality_sector_stopfall,1.4547266485446633,10.7839,1.355,1778272.1254,152191.59815,10.9758,16.1272,63.132,-2.5764,18.8151,60.0,0.08068246700326598,0.019698848208064
600970.SH,建筑工程,2025-03-03,value_quality_sector_stopfall,1.3225542587459649,8.5467,1.2548,2541624.9408,269073.12755,10.4689,6.8506,61.0388,0.7027,2.8968,60.0,0.06411707155262492,0.017641187193339736
002083.SZ,纺织,2025-03-03,value_quality_sector_stopfall,1.2693359838175984,12.0161,0.9824,453440.0867,61325.25925,8.5474,8.0944,48.3648,0.7262,36.9357,60.0,0.09047093932507355,0.023162377825858282
002588.SZ,农药化肥,2025-03-03,value_quality_sector_stopfall,1.1645464936121688,10.7796,1.2737,846640.6053,115418.40125,10.4067,8.1504,41.2411,3.6426,14.6079,60.0,0.039906608032220126,0.00446521891328211
000404.SZ,家用电器,2025-03-03,value_quality_sector_stopfall,1.1379051149142045,10.7622,1.2472,498333.121,89102.7411,9.6151,5.3829,62.9823,-9.6885,36.6774,60.0,0.10083402878725023,0.02198375279362108
000065.SZ,建筑工程,2025-03-03,value_quality_sector_stopfall,1.012789592079298,11.5188,1.2505,1134653.8519,483384.04145,8.6562,5.5911,58.9856,-3.4755,9.7005,60.0,0.06411707155262492,0.017641187193339736
600866.SH,饲料,2025-03-03,value_quality_sector_stopfall,0.8309739135939255,12.2436,1.3898,1060019.529,149402.22405000002,8.9173,5.3302,45.7321,0.4788,38.3774,51.0,0.036490406744055015,0.0028915068498704954
601113.SH,化纤,2025-03-03,value_quality_sector_stopfall,0.7609012723121655,14.9366,1.3145,475889.6094,156140.90595,9.3771,5.3078,35.7226,-5.3911,96.2515,56.0,0.06379271599487879,0.01720455631728668
600368.SH,路桥,2025-03-04,value_quality_sector_stopfall,2.050735387572368,9.9848,1.0033,676054.6204,144726.8378,8.6855,46.3254,30.6102,3.122,2.985,60.0,0.03206261037280167,0.005772777199565926
603299.SH,食品,2025-03-04,value_quality_sector_stopfall,1.4773311044428779,9.8308,1.4123,835881.961,84619.62265,11.4312,16.3512,38.2729,-3.3049,20.5816,57.0,0.06397743374109632,0.007985670701781578
600323.SH,环境保护,2025-03-04,value_quality_sector_stopfall,1.4595209640784128,10.8185,1.3594,1783979.5554,150964.5135,10.9758,16.1272,63.132,-2.5764,18.8151,60.0,0.08914648488928711,0.021269145855792537
600970.SH,建筑工程,2025-03-04,value_quality_sector_stopfall,1.336743541697606,8.4579,1.2417,2515204.7231,271931.4436,10.4689,6.8506,61.0388,0.7027,2.8968,60.0,0.06328685803027168,0.018007350334000805
002083.SZ,纺织,2025-03-04,value_quality_sector_stopfall,1.2849992240379091,12.0161,0.9824,453440.0867,59773.25605,8.5474,8.0944,48.3648,0.7262,36.9357,60.0,0.10474479595499742,0.024551761416245155
002588.SZ,农药化肥,2025-03-04,value_quality_sector_stopfall,1.1564150018050923,10.8676,1.2841,853551.9572,122876.93895000001,10.4067,8.1504,41.2411,3.6426,14.6079,60.0,0.041844942108677285,0.007195393029748365
000404.SZ,家用电器,2025-03-04,value_quality_sector_stopfall,1.1443813469671682,10.8073,1.2524,500421.1089,88250.81915,9.6151,5.3829,62.9823,-9.6885,36.6774,60.0,0.11188276916134998,0.023884577805818097
000065.SZ,建筑工程,2025-03-04,value_quality_sector_stopfall,1.0123255416976058,11.5188,1.2505,1134653.8519,493716.5814,8.6562,5.5911,58.9856,-3.4755,9.7005,60.0,0.06328685803027168,0.018007350334000805
603995.SH,特种钢,2025-03-04,value_quality_sector_stopfall,0.9699731844201391,10.1958,1.371,735621.6535,75891.49620000001,10.9059,2.3857,57.0606,12.1842,85.1165,60.0,0.038726483531488665,0.009207367555317036
600531.SH,铅锌,2025-03-04,value_quality_sector_stopfall,0.9076603805566492,10.991,1.3643,711928.44,121150.15865,10.992,1.9106,69.7309,13.3564,13.6444,60.0,0.04073353282914982,0.005826847727499418
600866.SH,饲料,2025-03-04,value_quality_sector_stopfall,0.8246034554366616,12.3779,1.405,1071649.8373,145952.74215,8.9173,5.3302,45.7321,0.4788,38.3774,51.0,0.04699021402443493,0.005107908078893386
601113.SH,化纤,2025-03-04,value_quality_sector_stopfall,0.7587802275505849,15.0752,1.3267,480306.2183,159334.94629999998,9.3771,5.3078,35.7226,-5.3911,96.2515,55.0,0.07311844349737284,0.01811778405321207
603299.SH,食品,2025-03-05,value_quality_sector_stopfall,1.4700697446391104,9.794,1.407,832754.2455,82116.07155000001,11.4312,16.3512,38.2729,-3.3049,20.5816,57.0,0.047893034900815756,0.010822043071628151
600323.SH,环境保护,2025-03-05,value_quality_sector_stopfall,1.4426603301893874,10.7987,1.3569,1780718.1669,148313.41715,10.9758,16.1272,63.132,-2.5764,18.8151,60.0,0.06962217732228781,0.020946152867099777
002083.SZ,纺织,2025-03-05,value_quality_sector_stopfall,1.2674255922829922,11.9911,0.9803,452493.4477,59234.09634999999,8.5474,8.0944,48.3648,0.7262,36.9357,60.0,0.08390863476512855,0.02474762418453036
600970.SH,建筑工程,2025-03-05,value_quality_sector_stopfall,1.258238415771142,8.831,1.2965,2626169.6374,291477.8373,10.4689,6.8506,61.0388,0.7027,2.8968,60.0,0.04702270870889769,0.017173040395577432
000404.SZ,家用电器,2025-03-05,value_quality_sector_stopfall,1.1253326255566025,10.7772,1.2489,499029.1169,86411.65305,9.6151,5.3829,62.9823,-9.6885,36.6774,60.0,0.08766636872448141,0.024712256832121193
603995.SH,特种钢,2025-03-05,value_quality_sector_stopfall,0.9931069417330105,10.1097,1.3594,729406.1624,73553.12285,10.9059,2.3857,57.0606,12.1842,85.1165,60.0,0.04865030246072499,0.008943972605618855
000065.SZ,建筑工程,2025-03-05,value_quality_sector_stopfall,0.9142470824378085,12.1015,1.3137,1192052.782,522765.28185,8.6562,5.5911,58.9856,-3.4755,9.7005,60.0,0.04702270870889769,0.017173040395577432
600531.SH,铅锌,2025-03-05,value_quality_sector_stopfall,0.8490881016162553,11.5464,1.4332,747906.4469,125813.4309,10.992,1.9106,69.7309,13.3564,13.6444,60.0,0.06339995227705408,0.007548149339201116
600866.SH,饲料,2025-03-05,value_quality_sector_stopfall,0.837790872988457,12.2436,1.3898,1060019.529,143352.5608,8.9173,5.3302,45.7321,0.4788,38.3774,51.0,0.03900920503087835,0.007189667957578694
601113.SH,化纤,2025-03-05,value_quality_sector_stopfall,0.7451767776442633,15.0405,1.3237,479202.0661,163253.26645,9.3771,5.3078,35.7226,-5.3911,96.2515,54.0,0.05796808040899237,0.017664697235270976
600323.SH,环境保护,2025-03-06,value_quality_sector_stopfall,1.501688702396621,10.4971,1.319,1730981.991,158009.58255,10.9758,16.1272,63.132,-2.5764,18.8151,60.0,0.0835174700952539,0.020705898968033765
603299.SH,食品,2025-03-06,value_quality_sector_stopfall,1.4617388622377414,9.8124,1.4097,834318.1032,82994.09965,11.4312,16.3512,38.2729,-3.3049,20.5816,58.0,0.04258437445336982,0.010826487784371563
002083.SZ,纺织,2025-03-06,value_quality_sector_stopfall,1.2757184094831988,12.0161,0.9824,453440.0867,58590.13054999999,8.5474,8.0944,48.3648,0.7262,36.9357,60.0,0.09587437388304298,0.024141368933489282
600970.SH,建筑工程,2025-03-06,value_quality_sector_stopfall,1.2663195063170276,8.7688,1.2874,2607675.485,299341.35980000003,10.4689,6.8506,61.0388,0.7027,2.8968,60.0,0.04636178620155751,0.015701720115470108
000404.SZ,家用电器,2025-03-06,value_quality_sector_stopfall,1.1231219991523131,10.7772,1.2489,499029.1169,85815.96674999999,9.6151,5.3829,62.9823,-9.6885,36.6774,60.0,0.08621264324433442,0.023955355907978815
603995.SH,特种钢,2025-03-06,value_quality_sector_stopfall,0.9978226285075011,10.0286,1.3485,723556.2884,73931.18795,10.9059,2.3857,57.0606,12.1842,85.1165,60.0,0.04144041217118666,0.00819621633631451
000065.SZ,建筑工程,2025-03-06,value_quality_sector_stopfall,0.930934839650361,11.9662,1.299,1178728.0304,540349.2807,8.6562,5.5911,58.9856,-3.4755,9.7005,60.0,0.04636178620155751,0.015701720115470108
600531.SH,铅锌,2025-03-06,value_quality_sector_stopfall,0.8480778561519771,11.6306,1.4437,753357.6601,135514.07415,10.992,1.9106,69.7309,13.3564,13.6444,60.0,0.07311923449542035,0.009431954989890023
600866.SH,饲料,2025-03-06,value_quality_sector_stopfall,0.8031538414466048,12.4355,1.4116,1076634.2552,145358.16035,8.9173,5.3302,45.7321,0.4788,38.3774,51.0,0.031263221562517485,0.007625286550754007
601113.SH,化纤,2025-03-06,value_quality_sector_stopfall,0.7167588050172268,15.3524,1.3511,489139.4361,169798.82685,9.3771,5.3078,35.7226,-5.3911,96.2515,53.0,0.04897185576087182,0.01650961592302158
600323.SH,环境保护,2025-03-07,value_quality_sector_stopfall,1.490758483507284,10.5119,1.3209,1733428.0324,158094.53840000002,10.9758,16.1272,63.132,-2.5764,18.8151,60.0,0.07453450133083472,0.021011982176449395
603299.SH,食品,2025-03-07,value_quality_sector_stopfall,1.4379961882226748,9.9411,1.4281,845265.1074,83659.81899999999,11.4312,16.3512,38.2729,-3.3049,20.5816,58.0,0.03991407186128604,0.01060078302805545
002083.SZ,纺织,2025-03-07,value_quality_sector_stopfall,1.2722867722310365,11.966,0.9783,451546.8087,57377.6176,8.5474,8.0944,48.3648,0.7262,36.9357,60.0,0.08618646446513112,0.024324307765905218
000404.SZ,家用电器,2025-03-07,value_quality_sector_stopfall,1.0997635016714902,10.8223,1.2541,501117.1049,85879.09525,9.6151,5.3829,62.9823,-9.6885,36.6774,60.0,0.06956525171530914,0.023717583289514454
603995.SH,特种钢,2025-03-07,value_quality_sector_stopfall,0.9799692728109046,10.1857,1.3696,734890.4192,74822.62245,10.9059,2.3857,57.0606,12.1842,85.1165,60.0,0.048629058760239596,0.00769421405066506
600531.SH,铅锌,2025-03-07,value_quality_sector_stopfall,0.8345988882097793,12.59,1.5627,815501.4902,183341.87039999999,10.992,1.9106,69.7309,13.3564,13.6444,59.0,0.15519402756956935,0.015371527306876631
600866.SH,饲料,2025-03-07,value_quality_sector_stopfall,0.8266177384710852,12.3588,1.4029,1069988.3647,140633.34485,8.9173,5.3302,45.7321,0.4788,38.3774,51.0,0.04289832986788644,0.008540741936532203
601113.SH,化纤,2025-03-07,value_quality_sector_stopfall,0.7282373846480933,15.1445,1.3328,482514.5228,170409.7871,9.3771,5.3078,35.7226,-5.3911,96.2515,52.0,0.0490870613061396,0.015672990008620324
600323.SH,环境保护,2025-03-10,value_quality_sector_stopfall,1.502838477159477,10.4922,1.3184,1730166.6438,157417.44974999997,10.9758,16.1272,63.132,-2.5764,18.8151,60.0,0.08389879161307912,0.020747685546397943
603299.SH,食品,2025-03-10,value_quality_sector_stopfall,1.443621822556119,9.9595,1.4308,846828.9651,81914.4007,11.4312,16.3512,38.2729,-3.3049,20.5816,58.0,0.04924719002708455,0.009919965862367874
600970.SH,建筑工程,2025-03-10,value_quality_sector_stopfall,1.2770536823050624,8.6267,1.2665,2565403.1367,311565.91465,10.4689,6.8506,61.0388,0.7027,2.8968,60.0,0.03614775428263317,0.013243261355762481
002083.SZ,纺织,2025-03-10,value_quality_sector_stopfall,1.2511019834467123,12.2168,0.9988,461013.1988,62299.99264999999,8.5474,8.0944,48.3648,0.7262,36.9357,60.0,0.09510462204437142,0.024608028069007526
000404.SZ,家用电器,2025-03-10,value_quality_sector_stopfall,1.0858368863647974,11.0177,1.2768,510165.0526,89468.9867,9.6151,5.3829,62.9823,-9.6885,36.6774,60.0,0.08382661195558705,0.023689607742543695
603995.SH,特种钢,2025-03-10,value_quality_sector_stopfall,1.0113184969987175,9.9779,1.3417,719900.1172,74565.9804,10.9059,2.3857,57.0606,12.1842,85.1165,60.0,0.04830377402621222,0.006915389639171821
000065.SZ,建筑工程,2025-03-10,value_quality_sector_stopfall,0.9023690156383958,12.0806,1.3114,1190002.8203,569698.81235,8.6562,5.5911,58.9856,-3.4755,9.7005,60.0,0.03614775428263317,0.013243261355762481
600531.SH,铅锌,2025-03-10,value_quality_sector_stopfall,0.8872057610783075,12.5395,1.5565,812230.7623,226396.18335,10.992,1.9106,69.7309,13.3564,13.6444,58.0,0.19690535344649596,0.02290040763181156
600866.SH,饲料,2025-03-10,value_quality_sector_stopfall,0.8426162769832732,12.3396,1.4007,1068326.8921,137413.69455000001,8.9173,5.3302,45.7321,0.4788,38.3774,51.0,0.05589388595637024,0.008797057693569865
601113.SH,化纤,2025-03-10,value_quality_sector_stopfall,0.7462505250337784,14.9019,1.3115,474785.4572,171673.26075,9.3771,5.3078,35.7226,-5.3911,96.2515,52.0,0.04783843788577302,0.014194753814672056
600323.SH,环境保护,2025-03-11,value_quality_sector_stopfall,1.50619973427058,10.4922,1.3184,1730166.6438,155225.58125,10.9758,16.1272,63.132,-2.5764,18.8151,60.0,0.08832431300341481,0.01968342126716527
603299.SH,食品,2025-03-11,value_quality_sector_stopfall,1.4409649146564476,10.0515,1.444,854648.2538,81224.4062,11.4312,16.3512,38.2729,-3.3049,20.5816,58.0,0.06190709408023509,0.009536487242879144
600428.SH,水运,2025-03-11,value_quality_sector_stopfall,1.384697245462757,10.1662,1.1329,1373856.4934,212583.98810000002,10.1599,11.3533,60.27,32.999,31.3786,60.0,0.03054709342252515,0.0023241520402319527
600970.SH,建筑工程,2025-03-11,value_quality_sector_stopfall,1.2788141583240564,8.6089,1.2639,2560119.0932,317956.0057,10.4689,6.8506,61.0388,0.7027,2.8968,60.0,0.03668813966434725,0.011543351993042572
002083.SZ,纺织,2025-03-11,value_quality_sector_stopfall,1.2730895840328211,12.2168,0.9988,461013.1988,62642.6216,8.5474,8.0944,48.3648,0.7262,36.9357,60.0,0.11740695141799362,0.024293299281494152
002588.SZ,农药化肥,2025-03-11,value_quality_sector_stopfall,1.184295839666557,10.6183,1.2546,833969.7935,128035.554,10.4067,8.1504,41.2411,3.6426,14.6079,60.0,0.03601203744323023,0.004622468889993403
000404.SZ,家用电器,2025-03-11,value_quality_sector_stopfall,1.0967652406827644,10.9726,1.2715,508077.0647,90399.15235,9.6151,5.3829,62.9823,-9.6885,36.6774,60.0,0.08961612018027965,0.022288453835818123
603995.SH,特种钢,2025-03-11,value_quality_sector_stopfall,0.9786166025736354,10.206,1.3723,736352.8877,75456.39785,10.9059,2.3857,57.0606,12.1842,85.1165,60.0,0.051830477582791135,0.006293458324177603
000065.SZ,建筑工程,2025-03-11,value_quality_sector_stopfall,0.9228761583240566,11.9246,1.2945,1174628.1068,583561.6917,8.6562,5.5911,58.9856,-3.4755,9.7005,60.0,0.03668813966434725,0.011543351993042572
600531.SH,铅锌,2025-03-11,value_quality_sector_stopfall,0.8662386312215973,12.9939,1.6129,841667.3134,253372.11350000004,10.992,1.9106,69.7309,13.3564,13.6444,57.0,0.2112049993232763,0.02913196455493061
600866.SH,饲料,2025-03-11,value_quality_sector_stopfall,0.8435817508769615,12.3971,1.4072,1073311.3099,137158.3577,8.9173,5.3302,45.7321,0.4788,38.3774,52.0,0.06470507676685622,0.009118007443438714
601113.SH,化纤,2025-03-11,value_quality_sector_stopfall,0.753837734800081,14.8673,1.3084,473681.305,171100.12459999998,9.3771,5.3078,35.7226,-5.3911,96.2515,52.0,0.05245584274616055,0.012791225387253746
600323.SH,环境保护,2025-03-12,value_quality_sector_stopfall,1.515194659368813,10.4724,1.3159,1726905.2552,151779.6748,10.9758,16.1272,63.132,-2.5764,18.8151,60.0,0.09465301270459126,0.019362979997555207
603299.SH,食品,2025-03-12,value_quality_sector_stopfall,1.4404998057361613,10.0239,1.44,852302.4672,79728.49125,11.4312,16.3512,38.2729,-3.3049,20.5816,58.0,0.05859078081919056,0.007881024916970736
600428.SH,水运,2025-03-12,value_quality_sector_stopfall,1.377218922887108,10.4045,1.1594,1406056.255,219311.56115000002,10.1599,11.3533,60.27,32.999,31.3786,60.0,0.05592714960256173,0.003019106617879519
600970.SH,建筑工程,2025-03-12,value_quality_sector_stopfall,1.295285656122925,8.5911,1.2613,2554835.0497,322351.96550000005,10.4689,6.8506,61.0388,0.7027,2.8968,60.0,0.05100172983326945,0.010781259622988815
002083.SZ,纺织,2025-03-12,value_quality_sector_stopfall,1.2737518059284347,12.1667,0.9947,459119.9208,62256.04065,8.5474,8.0944,48.3648,0.7262,36.9357,60.0,0.11253753483826867,0.02375160442349955
002588.SZ,农药化肥,2025-03-12,value_quality_sector_stopfall,1.2006688216545924,10.545,1.246,828210.3336,129968.31450000001,10.4067,8.1504,41.2411,3.6426,14.6079,60.0,0.04220454039403765,0.004182947927221514
000404.SZ,家用电器,2025-03-12,value_quality_sector_stopfall,1.0831211903015934,11.0628,1.282,512253.0405,91045.07174999999,9.6151,5.3829,62.9823,-9.6885,36.6774,60.0,0.09109756679734393,0.020176290170916156
603995.SH,特种钢,2025-03-12,value_quality_sector_stopfall,1.0129723958887389,10.1097,1.3594,729406.1624,76773.6583,10.9059,2.3857,57.0606,12.1842,85.1165,60.0,0.07230562002551344,0.005154109196558787
000065.SZ,建筑工程,2025-03-12,value_quality_sector_stopfall,0.9465543227895917,11.8517,1.2866,1167453.2405,598258.51905,8.6562,5.5911,58.9856,-3.4755,9.7005,60.0,0.05100172983326945,0.010781259622988815
600531.SH,铅锌,2025-03-12,value_quality_sector_stopfall,0.873871906749204,12.9771,1.6108,840577.0708,276979.70660000003,10.992,1.9106,69.7309,13.3564,13.6444,56.0,0.21709178594862322,0.03564524008253733
600866.SH,饲料,2025-03-12,value_quality_sector_stopfall,0.8452431066629567,12.4739,1.4159,1079957.2004,136558.55015,8.9173,5.3302,45.7321,0.4788,38.3774,53.0,0.07709300223542881,0.009311437760861185
601113.SH,化纤,2025-03-12,value_quality_sector_stopfall,0.749473545595553,14.8326,1.3054,472577.1527,172523.24005,9.3771,5.3078,35.7226,-5.3911,96.2515,52.0,0.04589469269503543,0.010674852900517395
600323.SH,环境保护,2025-03-13,value_quality_sector_stopfall,1.5032724968900693,10.5218,1.3221,1735058.7267,150088.75175,10.9758,16.1272,63.132,-2.5764,18.8151,60.0,0.0906800450882912,0.01884045180177818
603299.SH,食品,2025-03-13,value_quality_sector_stopfall,1.4356519211401517,10.0607,1.4453,855430.1827,78093.1673,11.4312,16.3512,38.2729,-3.3049,20.5816,58.0,0.06067872725671197,0.006931860550106528
600428.SH,水运,2025-03-13,value_quality_sector_stopfall,1.3797082798273725,10.3727,1.1559,1401762.9535,222161.5497,10.1599,11.3533,60.27,32.999,31.3786,60.0,0.05288911520226147,0.004093164625110779
600970.SH,建筑工程,2025-03-13,value_quality_sector_stopfall,1.286165971528906,8.5467,1.2548,2541624.9408,331744.4429,10.4689,6.8506,61.0388,0.7027,2.8968,60.0,0.03612568243821679,0.009244289090688973
002083.SZ,纺织,2025-03-13,value_quality_sector_stopfall,1.2381895398892435,12.3172,1.007,464799.7549,62872.529,8.5474,8.0944,48.3648,0.7262,36.9357,60.0,0.0962873278924492,0.022672878663460905
002588.SZ,农药化肥,2025-03-13,value_quality_sector_stopfall,1.2035460351709864,10.5303,1.2442,827058.4416,129243.6401,10.4067,8.1504,41.2411,3.6426,14.6079,60.0,0.04277886953897614,0.0043058322986768705
000404.SZ,家用电器,2025-03-13,value_quality_sector_stopfall,1.0609045444679501,11.1229,1.289,515037.0245,91462.6039,9.6151,5.3829,62.9823,-9.6885,36.6774,60.0,0.07890798389947906,0.01882256056847087
603995.SH,特种钢,2025-03-13,value_quality_sector_stopfall,1.0228312848301626,10.1958,1.371,735621.6535,77082.16745,10.9059,2.3857,57.0606,12.1842,85.1165,60.0,0.09402088113664986,0.006771070360179321
600511.SH,医药商业,2025-03-13,value_quality_sector_stopfall,0.9505685443349701,10.5179,1.3711,2277090.048,159812.1507,9.1481,4.1414,46.2479,4.1032,1.2977,45.0,0.05525555579241748,0.0066023218758859414
000065.SZ,建筑工程,2025-03-13,value_quality_sector_stopfall,0.9378879715289058,11.8445,1.2757,1166737.1748,609516.12325,8.6562,5.5911,58.9856,-3.4755,9.7005,60.0,0.03612568243821679,0.009244289090688973
600531.SH,铅锌,2025-03-13,value_quality_sector_stopfall,0.8874132771259298,12.8761,1.5983,834035.615,292209.29005,10.992,1.9106,69.7309,13.3564,13.6444,55.0,0.20928226118173,0.04245327712592961
600866.SH,饲料,2025-03-13,value_quality_sector_stopfall,0.8651872114602356,12.3588,1.4029,1069988.3647,133699.17285,8.9173,5.3302,45.7321,0.4788,38.3774,54.0,0.07947636048945217,0.010532184304116843
601113.SH,化纤,2025-03-13,value_quality_sector_stopfall,0.7473391683247519,14.798,1.3023,471473.0005,171021.0508,9.3771,5.3078,35.7226,-5.3911,96.2515,52.0,0.04065489973725889,0.009406935254159698
600323.SH,环境保护,2025-03-14,value_quality_sector_stopfall,1.5138428962061168,10.5663,1.3277,1742396.851,149088.06069999997,10.9758,16.1272,63.132,-2.5764,18.8151,60.0,0.10713423229677677,0.01965666390934029
603299.SH,食品,2025-03-14,value_quality_sector_stopfall,1.4693388408414125,10.1619,1.4599,864031.4002,79493.7213,11.4312,16.3512,38.2729,-3.3049,20.5816,58.0,0.10823317474690697,0.00954433276117217
000543.SZ,火力发电,2025-03-14,value_quality_sector_stopfall,1.4264333232355855,9.7985,1.0852,1672945.1383,270234.86714999995,10.8158,9.9628,65.7132,11.5242,21.2933,60.0,0.03672778441373503,0.0016802054885172168
600428.SH,水运,2025-03-14,value_quality_sector_stopfall,1.3894046489272274,10.4362,1.163,1410349.5565,222850.52684999997,10.1599,11.3533,60.27,32.999,31.3786,60.0,0.06809151791438817,0.007553797679505703
600970.SH,建筑工程,2025-03-14,value_quality_sector_stopfall,1.278769104137198,8.7066,1.2782,2589181.3326,345904.91935,10.4689,6.8506,61.0388,0.7027,2.8968,60.0,0.05440678794324749,0.009826316193950468
002083.SZ,纺织,2025-03-14,value_quality_sector_stopfall,1.2450906632563672,12.4677,1.0193,470479.589,64253.51385,8.5474,8.0944,48.3648,0.7262,36.9357,60.0,0.11993031426161416,0.02416434899475317
002588.SZ,农药化肥,2025-03-14,value_quality_sector_stopfall,1.1998559929429544,10.6476,1.2581,836273.5775,130732.88215,10.4067,8.1504,41.2411,3.6426,14.6079,60.0,0.054108401261800054,0.006372925014487718
000404.SZ,家用电器,2025-03-14,value_quality_sector_stopfall,1.0610823064714192,11.3334,1.3133,524780.9682,94861.1491,9.6151,5.3829,62.9823,-9.6885,36.6774,60.0,0.10796111029416977,0.0201805295105828
603995.SH,特种钢,2025-03-14,value_quality_sector_stopfall,0.9975939987349698,10.3529,1.3921,746955.7843,80398.93085,10.9059,2.3857,57.0606,12.1842,85.1165,60.0,0.0909716261367457,0.009123039264890664
000065.SZ,建筑工程,2025-03-14,value_quality_sector_stopfall,0.930551104137198,12.0335,1.2961,1185355.3212,616952.7773999999,8.6562,5.5911,58.9856,-3.4755,9.7005,60.0,0.05440678794324749,0.009826316193950468
600511.SH,医药商业,2025-03-14,value_quality_sector_stopfall,0.9083202234039462,10.8594,1.4156,2351031.3418,163064.98585,9.1481,4.1414,46.2479,4.1032,1.2977,46.0,0.06564526875615306,0.006397621314459867
600531.SH,铅锌,2025-03-14,value_quality_sector_stopfall,0.8792163997664635,13.0444,1.6192,844938.0414,313342.68665,10.992,1.9106,69.7309,13.3564,13.6444,54.0,0.22104967693053834,0.04547639976646334
002078.SZ,造纸,2025-03-14,value_quality_sector_stopfall,0.8666809850819591,12.9643,1.4149,4052075.9226,250034.11975,9.1521,7.9681,46.3695,6.0697,15.0795,59.0,0.04200616442848237,0.0005408206534767146
600866.SH,饲料,2025-03-14,value_quality_sector_stopfall,0.8404414312653845,12.6658,1.4377,1096571.9266,138144.84905000002,8.9173,5.3302,45.7321,0.4788,38.3774,55.0,0.0960665835638852,0.01286284770149937
601113.SH,化纤,2025-03-14,value_quality_sector_stopfall,0.7242331845985431,15.1445,1.3328,482514.5228,172865.68295,9.3771,5.3078,35.7226,-5.3911,96.2515,51.0,0.05164685180423034,0.009108999460979428
601001.SH,煤炭开采,2025-03-17,value_quality_sector_stopfall,2.2603006013883196,6.3081,1.1472,2073714.3,247669.53620000003,12.3004,26.4923,30.0411,-0.1902,-0.6197,60.0,0.06972426000327059,0.0008236747183822946
601101.SH,煤炭开采,2025-03-17,value_quality_sector_stopfall,2.0224046013883195,9.4661,0.902,1087198.4341,96291.8794,9.642,23.9575,48.7629,11.8206,10.7388,60.0,0.06972426000327059,0.0008236747183822946
002128.SZ,煤炭开采,2025-03-17,value_quality_sector_stopfall,2.0032086013883195,7.9787,1.2671,4288130.0921,241942.44144999998,13.5706,22.9945,28.2547,10.5381,22.7287,60.0,0.06972426000327059,0.0008236747183822946
000598.SZ,水务,2025-03-17,value_quality_sector_stopfall,1.9112285493141783,9.9725,1.0962,1990617.9589,156745.26805,9.4448,26.8684,59.3469,9.1716,9.1358,60.0,0.03199235697821856,0.0014641923359597353
600985.SH,煤炭开采,2025-03-17,value_quality_sector_stopfall,1.6540146013883195,7.0615,0.896,3746322.8642,241850.35745,10.4645,6.9896,48.0862,1.9577,-18.1718,60.0,0.06972426000327059,0.0008236747183822946
600461.SH,水务,2025-03-17,value_quality_sector_stopfall,1.541615215980845,10.2793,1.2769,1148026.6948,101275.0279,10.8563,18.3138,58.5327,-1.2249,3.8247,60.0,0.03199235697821856,0.0014641923359597353
600323.SH,环境保护,2025-03-17,value_quality_sector_stopfall,1.5067270426719335,10.7641,1.3525,1775010.7368,144192.8716,10.9758,16.1272,63.132,-2.5764,18.8151,60.0,0.1284631923704953,0.020931850301438182
603299.SH,食品,2025-03-17,value_quality_sector_stopfall,1.464266644440267,10.1803,1.4625,865595.258,78601.35805000001,11.4312,16.3512,38.2729,-3.3049,20.5816,59.0,0.10337036547326361,0.012294945633670062
000543.SZ,火力发电,2025-03-17,value_quality_sector_stopfall,1.4323742446081023,9.7985,1.0852,1672945.1383,257887.20145,10.8158,9.9628,65.7132,11.5242,21.2933,60.0,0.04172232418792676,0.002626587086842269
600428.SH,水运,2025-03-17,value_quality_sector_stopfall,1.386818276004063,10.4839,1.1683,1416789.5089,224968.38389999996,10.1599,11.3533,60.27,32.999,31.3786,60.0,0.06924065087622444,0.010531625127838451
600970.SH,建筑工程,2025-03-17,value_quality_sector_stopfall,1.2864566133466793,8.7155,1.2795,2591823.3544,352437.79545000003,10.4689,6.8506,61.0388,0.7027,2.8968,60.0,0.06305772492100581,0.010322888425673415
002083.SZ,纺织,2025-03-17,value_quality_sector_stopfall,1.2516566017329491,12.5931,1.0295,475212.784,66475.04435000001,8.5474,8.0944,48.3648,0.7262,36.9357,60.0,0.14038033918527582,0.025440262547673287
002588.SZ,农药化肥,2025-03-17,value_quality_sector_stopfall,1.198752112696032,10.721,1.2668,842033.0374,132194.37415,10.4067,8.1504,41.2411,3.6426,14.6079,60.0,0.06179522325090114,0.008275556111797533
000612.SZ,铝,2025-03-17,value_quality_sector_stopfall,1.1585280368908635,12.3466,1.5347,947798.5182,219446.76129999998,8.8162,11.0258,21.6435,2.7117,49.4133,59.0,0.30039480869583235,0.061460036890863545
000404.SZ,家用电器,2025-03-17,value_quality_sector_stopfall,1.0260545799559935,11.6941,1.3551,541484.8717,101743.1995,9.6151,5.3829,62.9823,-9.6885,36.6774,60.0,0.12389462977374088,0.021132616848919206
603995.SH,特种钢,2025-03-17,value_quality_sector_stopfall,1.001402283520088,10.2566,1.3791,740009.059,81747.02265000001,10.9059,2.3857,57.0606,12.1842,85.1165,60.0,0.0771470518846662,0.011669231635421884
000065.SZ,建筑工程,2025-03-17,value_quality_sector_stopfall,0.9658986133466793,11.8445,1.2757,1166737.1748,623030.4225000001,8.6562,5.5911,58.9856,-3.4755,9.7005,60.0,0.06305772492100581,0.010322888425673415
600511.SH,医药商业,2025-03-17,value_quality_sector_stopfall,0.8999816855546761,10.8768,1.4179,2354803.8568,158087.4752,9.1481,4.1414,46.2479,4.1032,1.2977,47.0,0.06072316543295475,0.005674520121721205
600531.SH,铅锌,2025-03-17,value_quality_sector_stopfall,0.8969949530558665,12.792,1.5878,828584.4018,324924.3698,10.992,1.9106,69.7309,13.3564,13.6444,53.0,0.20233142940125726,0.046428286389199824
002078.SZ,造纸,2025-03-17,value_quality_sector_stopfall,0.8870275910125188,12.8659,1.4042,4021336.0362,251564.40380000003,9.1521,7.9681,46.3695,6.0697,15.0795,59.0,0.047348281936801184,0.0018519757423842709
601001.SH,煤炭开采,2025-03-18,value_quality_sector_stopfall,2.275468222656991,6.2724,1.1407,2061998.4,246768.75795,12.3004,26.4923,30.0411,-0.1902,-0.6197,60.0,0.0748476279376804,0.004154594719310456
601101.SH,煤炭开采,2025-03-18,value_quality_sector_stopfall,2.024312222656991,9.5163,0.9068,1092958.4258,95997.982,9.642,23.9575,48.7629,11.8206,10.7388,60.0,0.0748476279376804,0.004154594719310456
002128.SZ,煤炭开采,2025-03-18,value_quality_sector_stopfall,2.0238562226569905,7.9078,1.2559,4250023.3427,238111.5038,13.5706,22.9945,28.2547,10.5381,22.7287,60.0,0.0748476279376804,0.004154594719310456
000598.SZ,水务,2025-03-18,value_quality_sector_stopfall,1.906631426374688,10.0472,1.1044,2005540.1325,156597.99135,9.4448,26.8684,59.3469,9.1716,9.1358,60.0,0.03630737502083381,0.002998718020520652
600985.SH,煤炭开采,2025-03-18,value_quality_sector_stopfall,1.670862222656991,7.0056,0.889,3716697.0184,239940.14450000002,10.4645,6.9896,48.0862,1.9577,-18.1718,60.0,0.0748476279376804,0.004154594719310456
600461.SH,水务,2025-03-18,value_quality_sector_stopfall,1.5456980930413544,10.2908,1.2784,1149310.8409,100764.97005,10.8563,18.3138,58.5327,-1.2249,3.8247,60.0,0.03630737502083381,0.002998718020520652
603299.SH,食品,2025-03-18,value_quality_sector_stopfall,1.4588979262823256,10.1894,1.4638,866377.1869,76620.70349999999,11.4312,16.3512,38.2729,-3.3049,20.5816,59.0,0.09610085641004718,0.01566906987227834
000543.SZ,火力发电,2025-03-18,value_quality_sector_stopfall,1.4329667960814116,9.7587,1.0808,1666144.5483,243187.38994999998,10.8158,9.9628,65.7132,11.5242,21.2933,60.0,0.03572887896794397,0.0036259171134676027
600323.SH,环境保护,2025-03-18,value_quality_sector_stopfall,1.414901520153485,11.3525,1.4265,1872037.0472,156563.15954999998,10.9758,16.1272,63.132,-2.5764,18.8151,60.0,0.12196705416586173,0.024162465987623394
600428.SH,水运,2025-03-18,value_quality_sector_stopfall,1.335561638715063,11.1511,1.2426,1506948.8412,262329.749,10.1599,11.3533,60.27,32.999,31.3786,60.0,0.10788928978771484,0.014639682260681353
600970.SH,建筑工程,2025-03-18,value_quality_sector_stopfall,1.2852157579929064,8.7511,1.2848,2602391.4415,352668.1542,10.4689,6.8506,61.0388,0.7027,2.8968,60.0,0.06609120023446291,0.01195522442510999
002083.SZ,纺织,2025-03-18,value_quality_sector_stopfall,1.233513084494667,12.7436,1.0419,480892.6181,69312.42165,8.5474,8.0944,48.3648,0.7262,36.9357,60.0,0.13740622976246342,0.028570854732203443
002588.SZ,农药化肥,2025-03-18,value_quality_sector_stopfall,1.189694674706206,10.7796,1.2737,846640.6053,131786.4777,10.4067,8.1504,41.2411,3.6426,14.6079,60.0,0.05922620738789153,0.010293800651647977
000612.SZ,铝,2025-03-18,value_quality_sector_stopfall,1.0778199243727988,13.589,1.6891,1043174.4698,236212.45655,8.8162,11.0258,21.6435,2.7117,49.4133,58.0,0.28630605979897106,0.0635785910394655
000404.SZ,家用电器,2025-03-18,value_quality_sector_stopfall,0.9722906160837425,11.9346,1.383,552620.8073,107064.41440000001,9.6151,5.3829,62.9823,-9.6885,36.6774,60.0,0.10257653208060402,0.023320084003138453
603995.SH,特种钢,2025-03-18,value_quality_sector_stopfall,0.9453780092470561,10.6519,1.4323,768527.1946,88131.48445,10.9059,2.3857,57.0606,12.1842,85.1165,60.0,0.08013613495364624,0.014475874293409685
000065.SZ,建筑工程,2025-03-18,value_quality_sector_stopfall,0.925464424659573,12.17,1.3108,1198801.7603,603210.00975,8.6562,5.5911,58.9856,-3.4755,9.7005,60.0,0.06609120023446291,0.01195522442510999
600511.SH,医药商业,2025-03-18,value_quality_sector_stopfall,0.910885188587111,10.8489,1.4142,2348767.8328,157094.6447,9.1481,4.1414,46.2479,4.1032,1.2977,48.0,0.06637927631625318,0.006595245604191113
600531.SH,铅锌,2025-03-18,value_quality_sector_stopfall,0.8831880371323249,13.0276,1.6171,843847.7987,338955.03020000004,10.992,1.9106,69.7309,13.3564,13.6444,52.0,0.22599921428616376,0.04832803713232492
002078.SZ,造纸,2025-03-18,value_quality_sector_stopfall,0.8811800863816458,12.9464,1.413,4046486.8523,248618.8324,9.1521,7.9681,46.3695,6.0697,15.0795,59.0,0.05022320309699002,0.0043628832846558385
601001.SH,煤炭开采,2025-03-19,value_quality_sector_stopfall,2.2967306100986673,6.2521,1.137,2055303.6,241014.52245,12.3004,26.4923,30.0411,-0.1902,-0.6197,60.0,0.08778756498076112,0.00865704511790577
601101.SH,煤炭开采,2025-03-19,value_quality_sector_stopfall,2.0515746100986667,9.441,0.8996,1084318.4383,95502.3081,9.642,23.9575,48.7629,11.8206,10.7388,60.0,0.08778756498076112,0.00865704511790577
002128.SZ,煤炭开采,2025-03-19,value_quality_sector_stopfall,2.0370252767653336,7.9329,1.2598,4263472.7837,235617.99279999998,13.5706,22.9945,28.2547,10.5381,22.7287,60.0,0.08778756498076112,0.00865704511790577
000598.SZ,水务,2025-03-19,value_quality_sector_stopfall,1.9136016576731887,10.0024,1.0994,1996586.8283,156805.95344999997,9.4448,26.8684,59.3469,9.1716,9.1358,60.0,0.03541006237248756,0.004546261967367515
600985.SH,煤炭开采,2025-03-19,value_quality_sector_stopfall,1.6929312767653335,6.9752,0.8851,3700537.4662,237928.7673,10.4645,6.9896,48.0862,1.9577,-18.1718,60.0,0.08778756498076112,0.00865704511790577
600461.SH,水务,2025-03-19,value_quality_sector_stopfall,1.546348324339855,10.2908,1.2784,1149310.8409,101464.62444999999,10.8563,18.3138,58.5327,-1.2249,3.8247,60.0,0.03541006237248756,0.004546261967367515
600323.SH,环境保护,2025-03-19,value_quality_sector_stopfall,1.4589201177450875,10.9273,1.373,1801917.1927,158311.04645,10.9758,16.1272,63.132,-2.5764,18.8151,60.0,0.10037874611648312,0.025756038295271066
600897.SH,机场,2025-03-19,value_quality_sector_stopfall,1.4493844846657649,13.8223,1.4325,631655.01,51206.49115,8.676,27.9309,16.8644,13.8602,38.4239,60.0,0.0402558170811711,0.0075453342512603605
603299.SH,食品,2025-03-19,value_quality_sector_stopfall,1.440897878225795,10.1619,1.4599,864031.4002,75994.53475,11.4312,16.3512,38.2729,-3.3049,20.5816,59.0,0.07105870653263957,0.018277838359822107
000543.SZ,火力发电,2025-03-19,value_quality_sector_stopfall,1.440157226827552,9.8251,1.0881,1677478.8649,241293.4963,10.8158,9.9628,65.7132,11.5242,21.2933,60.0,0.05072778672871814,0.00511077343216737
600970.SH,建筑工程,2025-03-19,value_quality_sector_stopfall,1.246857837343805,8.8932,1.3056,2644663.7898,342703.39759999997,10.4689,6.8506,61.0388,0.7027,2.8968,60.0,0.05143703423086854,0.011591469779603347
002083.SZ,纺织,2025-03-19,value_quality_sector_stopfall,1.2310230613134658,12.7436,1.0419,480892.6181,69518.7047,8.5474,8.0944,48.3648,0.7262,36.9357,60.0,0.13252453901700956,0.03096252229645624
002588.SZ,农药化肥,2025-03-19,value_quality_sector_stopfall,1.1866056635322133,10.7356,1.2685,843184.9294,131400.0292,10.4067,8.1504,41.2411,3.6426,14.6079,60.0,0.048631032441942335,0.011399964423604247
600428.SH,水运,2025-03-19,value_quality_sector_stopfall,1.155893413198626,13.8679,1.201,1874097.6298,281184.41595,10.1599,11.3533,60.27,32.999,31.3786,60.0,0.0809527620266226,0.01529465117200357
000612.SZ,铝,2025-03-19,value_quality_sector_stopfall,1.1226985711804685,12.9212,1.6061,991909.8958,303552.99254999997,8.8162,11.0258,21.6435,2.7117,49.4133,57.0,0.25951680156183987,0.06393723784713523
000065.SZ,建筑工程,2025-03-19,value_quality_sector_stopfall,0.9627798373438052,11.792,1.2701,1161565.4674,575261.6276499999,8.6562,5.5911,58.9856,-3.4755,9.7005,60.0,0.05143703423086854,0.011591469779603347
000404.SZ,家用电器,2025-03-19,value_quality_sector_stopfall,0.9491018553435346,11.9496,1.3848,553316.8033,111081.17749999999,9.6151,5.3829,62.9823,-9.6885,36.6774,60.0,0.08070382762744144,0.024204027716093313
600511.SH,医药商业,2025-03-19,value_quality_sector_stopfall,0.9074610522761244,10.8594,1.4156,2351031.3418,153177.82975,9.1481,4.1414,46.2479,4.1032,1.2977,49.0,0.06381828229634223,0.007365436646448842
603995.SH,特种钢,2025-03-19,value_quality_sector_stopfall,0.8982870657546338,10.9661,1.4745,791195.4563,95335.5464,10.9059,2.3857,57.0606,12.1842,85.1165,60.0,0.08045995976690534,0.016141105987728332
002078.SZ,造纸,2025-03-19,value_quality_sector_stopfall,0.8956038808240446,13.0805,1.4276,4088404.8791,252027.29554999998,9.1521,7.9681,46.3695,6.0697,15.0795,59.0,0.07992093745998341,0.007762276697394599
601001.SH,煤炭开采,2025-03-20,value_quality_sector_stopfall,2.2871969575148805,6.359,1.1564,2090451.3,249239.38275000002,12.3004,26.4923,30.0411,-0.1902,-0.6197,60.0,0.09545444713696938,0.011516510377911127
601101.SH,煤炭开采,2025-03-20,value_quality_sector_stopfall,2.055554290848214,9.4912,0.9044,1090078.43,97339.8104,9.642,23.9575,48.7629,11.8206,10.7388,60.0,0.09545444713696938,0.011516510377911127
002128.SZ,煤炭开采,2025-03-20,value_quality_sector_stopfall,2.0439649575148806,7.9537,1.2631,4274680.6512,235234.99745,13.5706,22.9945,28.2547,10.5381,22.7287,60.0,0.09545444713696938,0.011516510377911127
000598.SZ,水务,2025-03-20,value_quality_sector_stopfall,1.9089821325972425,10.0472,1.1044,2005540.1325,154931.74435,9.4448,26.8684,59.3469,9.1716,9.1358,60.0,0.036197362298664215,0.005459436965244757
601298.SH,港口,2025-03-20,value_quality_sector_stopfall,1.8219185123250246,10.8387,1.3204,5491470.6,104927.85525,9.5191,31.0062,24.6688,2.3394,3.7808,60.0,0.04154758858823482,0.002453590403456385
600985.SH,煤炭开采,2025-03-20,value_quality_sector_stopfall,1.7050042908482137,6.965,0.8838,3695150.9487,229548.9063,10.4645,6.9896,48.0862,1.9577,-18.1718,60.0,0.09545444713696938,0.011516510377911127
600461.SH,水务,2025-03-20,value_quality_sector_stopfall,1.561848799263909,10.1988,1.2669,1139037.6714,103605.62785,10.8563,18.3138,58.5327,-1.2249,3.8247,60.0,0.036197362298664215,0.005459436965244757
600897.SH,机场,2025-03-20,value_quality_sector_stopfall,1.4564127933278888,13.7767,1.4277,629570.34,52077.7398,8.676,27.9309,16.8644,13.8602,38.4239,60.0,0.039244755578360824,0.009344704416194505
000543.SZ,火力发电,2025-03-20,value_quality_sector_stopfall,1.4407965638429283,9.8649,1.0925,1684279.4549,238200.11669999998,10.8158,9.9628,65.7132,11.5242,21.2933,60.0,0.05601168662261968,0.006052877220308783
600323.SH,环境保护,2025-03-20,value_quality_sector_stopfall,1.431470792428305,11.0509,1.3886,1822300.8713,160597.20695000002,10.9758,16.1272,63.132,-2.5764,18.8151,60.0,0.09089130310917137,0.026434155985800345
603299.SH,食品,2025-03-20,value_quality_sector_stopfall,1.430209470364159,10.1435,1.4572,862467.5425,75632.85264999999,11.4312,16.3512,38.2729,-3.3049,20.5816,59.0,0.05639625466745457,0.019225215696704323
600970.SH,建筑工程,2025-03-20,value_quality_sector_stopfall,1.259729796103743,8.8044,1.2926,2618243.5721,336175.51485000004,10.4689,6.8506,61.0388,0.7027,2.8968,60.0,0.04921425878918173,0.012099537314561148
002083.SZ,纺织,2025-03-20,value_quality_sector_stopfall,1.2323595362779318,12.7185,1.0398,479945.9791,69928.86980000001,8.5474,8.0944,48.3648,0.7262,36.9357,60.0,0.1291028377032577,0.03264736524134104
002588.SZ,农药化肥,2025-03-20,value_quality_sector_stopfall,1.1771098022328317,10.809,1.2772,848944.3893,132184.3731,10.4067,8.1504,41.2411,3.6426,14.6079,60.0,0.04928856155039174,0.011939907349106438
600428.SH,水运,2025-03-20,value_quality_sector_stopfall,1.1684812222070868,13.9085,1.2045,1879585.4706,292059.75049999997,10.1599,11.3533,60.27,32.999,31.3786,60.0,0.09690803015142113,0.016967192055665548
000612.SZ,铝,2025-03-20,value_quality_sector_stopfall,1.1246694444317165,12.8902,1.6022,989525.497,335336.2793,8.8162,11.0258,21.6435,2.7117,49.4133,56.0,0.2484352868461286,0.06384144443171635
600511.SH,医药商业,2025-03-20,value_quality_sector_stopfall,1.0225815621808265,11.5432,1.3479,2308779.1739,158392.02464999998,12.1574,4.2093,45.6743,1.8138,-6.7974,50.0,0.05751661472507008,0.006605614122423109
000065.SZ,建筑工程,2025-03-20,value_quality_sector_stopfall,0.9552651294370763,11.834,1.2746,1165702.8333,531353.3326999999,8.6562,5.5911,58.9856,-3.4755,9.7005,60.0,0.04921425878918173,0.012099537314561148
000404.SZ,家用电器,2025-03-20,value_quality_sector_stopfall,0.9507609474911823,11.8745,1.3761,549836.8234,112973.70564999999,9.6151,5.3829,62.9823,-9.6885,36.6774,60.0,0.0716643480052408,0.024095932819274912
603995.SH,特种钢,2025-03-20,value_quality_sector_stopfall,0.9205685413844609,10.8242,1.4555,780958.1769,98200.561,10.9059,2.3857,57.0606,12.1842,85.1165,60.0,0.08094335755290527,0.01581251716488885
601001.SH,煤炭开采,2025-03-21,value_quality_sector_stopfall,2.299871739229075,6.303,1.1463,2072040.6,247687.45,12.3004,26.4923,30.0411,-0.1902,-0.6197,60.0,0.09478160336618857,0.014397469196219426
601101.SH,煤炭开采,2025-03-21,value_quality_sector_stopfall,2.067575739229075,9.416,0.8972,1081438.4424,96163.37100000001,9.642,23.9575,48.7629,11.8206,10.7388,60.0,0.09478160336618857,0.014397469196219426
002128.SZ,煤炭开采,2025-03-21,value_quality_sector_stopfall,2.0410930725624077,7.9829,1.2678,4290371.6656,235930.11435000002,13.5706,22.9945,28.2547,10.5381,22.7287,60.0,0.09478160336618857,0.014397469196219426
601298.SH,港口,2025-03-21,value_quality_sector_stopfall,1.8172147067920295,10.8993,1.3429,5705676.9,114373.83215,9.5191,31.0062,24.6688,2.3394,3.7808,60.0,0.05349574909379706,0.004841624364898989
600985.SH,煤炭开采,2025-03-21,value_quality_sector_stopfall,1.7094924058957413,6.9498,0.8819,3687071.1726,223357.10325,10.4645,6.9896,48.0862,1.9577,-18.1718,60.0,0.09478160336618857,0.014397469196219426
000543.SZ,火力发电,2025-03-21,value_quality_sector_stopfall,1.4446607256704584,9.8516,1.0911,1682012.5916,236781.60570000001,10.8158,9.9628,65.7132,11.5242,21.2933,60.0,0.056606526146210756,0.007502199524247688
603299.SH,食品,2025-03-21,value_quality_sector_stopfall,1.4029803899304307,10.1894,1.4638,866377.1869,75967.16380000001,11.4312,16.3512,38.2729,-3.3049,20.5816,59.0,0.03888220928066266,0.016970180649767963
600323.SH,环境保护,2025-03-21,value_quality_sector_stopfall,1.4003719411287292,11.1646,1.4029,1841053.8557,164189.26979999998,10.9758,16.1272,63.132,-2.5764,18.8151,60.0,0.07799296504063502,0.02534697608809444
600970.SH,建筑工程,2025-03-21,value_quality_sector_stopfall,1.2481718529132053,8.831,1.2965,2626169.6374,341139.85310000007,10.4689,6.8506,61.0388,0.7027,2.8968,60.0,0.043045066307190405,0.011084119939348103
002588.SZ,农药化肥,2025-03-21,value_quality_sector_stopfall,1.1803522224342058,10.7063,1.265,840881.1454,132120.69509999998,10.4067,8.1504,41.2411,3.6426,14.6079,60.0,0.038240714709602,0.011250174391270518
600428.SH,水运,2025-03-21,value_quality_sector_stopfall,1.1604963780725766,14.0506,1.2169,1898792.9133,305169.7252,10.1599,11.3533,60.27,32.999,31.3786,60.0,0.10563173971521556,0.01799863835736093
002083.SZ,纺织,2025-03-21,value_quality_sector_stopfall,1.139349710943375,13.2955,1.087,501718.6764,88033.62995,8.5474,8.0944,48.3648,0.7262,36.9357,60.0,0.10705931391134915,0.031614397032025954
000612.SZ,铝,2025-03-21,value_quality_sector_stopfall,1.084184684631497,13.1697,1.637,1010985.0861,372286.47764999996,8.8162,11.0258,21.6435,2.7117,49.4133,55.0,0.18139020744151835,0.06059981052331209
600511.SH,医药商业,2025-03-21,value_quality_sector_stopfall,1.0273685832555688,11.3885,1.3299,2277844.551,153581.83179999999,12.1574,4.2093,45.6743,1.8138,-6.7974,51.0,0.040341431726550914,0.006254484862351362
000404.SZ,家用电器,2025-03-21,value_quality_sector_stopfall,0.9455329685191256,11.7392,1.3604,543572.8596,117097.90770000001,9.6151,5.3829,62.9823,-9.6885,36.6774,60.0,0.05038196478113943,0.020663670404653
603995.SH,特种钢,2025-03-21,value_quality_sector_stopfall,0.9413815512107684,10.7178,1.4411,773280.2173,99580.75534999999,10.9059,2.3857,57.0606,12.1842,85.1165,60.0,0.08525070064408213,0.015624850566686277
000065.SZ,建筑工程,2025-03-21,value_quality_sector_stopfall,0.9393471862465385,11.897,1.2814,1171908.8821,525274.6145499999,8.6562,5.5911,58.9856,-3.4755,9.7005,60.0,0.043045066307190405,0.011084119939348103
002078.SZ,造纸,2025-03-21,value_quality_sector_stopfall,0.8988228937290256,12.9464,1.413,4046486.8523,239788.42095000003,9.1521,7.9681,46.3695,6.0697,15.0795,59.0,0.060401039592678174,0.01182785413634746
600531.SH,铅锌,2025-03-21,value_quality_sector_stopfall,0.8980329506125182,12.6405,1.569,818772.2181,370526.78384999995,10.992,1.9106,69.7309,13.3564,13.6444,49.0,0.19082181884541694,0.04654446510043453
600866.SH,饲料,2025-03-21,value_quality_sector_stopfall,0.821366870305017,12.4547,1.4138,1078295.7278,135150.01929999999,8.9173,5.3302,45.7321,0.4788,38.3774,60.0,0.04346816955975408,0.01638003407859623
601001.SH,煤炭开采,2025-03-24,value_quality_sector_stopfall,2.298764729075031,6.303,1.1463,2072040.6,241715.41599999997,12.3004,26.4923,30.0411,-0.1902,-0.6197,60.0,0.09124584978074557,0.016826212627618853
601101.SH,煤炭开采,2025-03-24,value_quality_sector_stopfall,2.061562062408364,9.4536,0.9008,1085758.4362,96050.06725,9.642,23.9575,48.7629,11.8206,10.7388,60.0,0.09124584978074557,0.016826212627618853
002128.SZ,煤炭开采,2025-03-24,value_quality_sector_stopfall,2.0068593957416976,8.1748,1.2983,4393484.0463,243464.87630000003,13.5706,22.9945,28.2547,10.5381,22.7287,60.0,0.09124584978074557,0.016826212627618853
000598.SZ,水务,2025-03-24,value_quality_sector_stopfall,1.889338127252273,10.1668,1.1175,2029415.6103,152592.05565,9.4448,26.8684,59.3469,9.1716,9.1358,60.0,0.033416690961479256,0.005302769624127013
601298.SH,港口,2025-03-24,value_quality_sector_stopfall,1.8071500039256723,10.9613,1.3505,5738132.4,117723.32425000002,9.5191,31.0062,24.6688,2.3394,3.7808,60.0,0.05066586796704953,0.006806802625289432
600985.SH,煤炭开采,2025-03-24,value_quality_sector_stopfall,1.7053653957416977,6.9701,0.8844,3697844.2075,224105.25685,10.4645,6.9896,48.0862,1.9577,-18.1718,60.0,0.09124584978074557,0.016826212627618853
600874.SH,环境保护,2025-03-24,value_quality_sector_stopfall,1.6167264000791572,11.4978,0.9599,928117.0882,55031.37120000001,8.5914,18.0356,57.0769,3.4805,-6.7032,60.0,0.055846157156443255,0.022490909589380603
600461.SH,水务,2025-03-24,value_quality_sector_stopfall,1.512478127252273,10.5093,1.3055,1173709.6186,116104.85655,10.8563,18.3138,58.5327,-1.2249,3.8247,60.0,0.033416690961479256,0.005302769624127013
000543.SZ,火力发电,2025-03-24,value_quality_sector_stopfall,1.4360241685980288,9.9047,1.0969,1691080.0449,239494.78475000002,10.8158,9.9628,65.7132,11.5242,21.2933,60.0,0.05362393724420511,0.00925489802049051
603299.SH,食品,2025-03-24,value_quality_sector_stopfall,1.3836214066888224,10.3182,1.4823,877324.191,78856.4895,11.4312,16.3512,38.2729,-3.3049,20.5816,59.0,0.04239155338361278,0.015021853305209554
600323.SH,环境保护,2025-03-24,value_quality_sector_stopfall,1.3523490667458238,11.3179,1.4221,1866329.6172,161296.55664999998,10.9758,16.1272,63.132,-2.5764,18.8151,60.0,0.055846157156443255,0.022490909589380603
002083.SZ,纺织,2025-03-24,value_quality_sector_stopfall,1.1569041653009788,12.9443,1.0583,488465.7302,97596.11215,8.5474,8.0944,48.3648,0.7262,36.9357,60.0,0.08486421865783611,0.028817279976476096
002588.SZ,农药化肥,2025-03-24,value_quality_sector_stopfall,1.14585928026708,11.0143,1.3014,865070.877,133451.7871,10.4067,8.1504,41.2411,3.6426,14.6079,60.0,0.0493633504062605,0.010434596527486129
600428.SH,水运,2025-03-24,value_quality_sector_stopfall,1.1112021646764707,14.4364,1.2503,1950927.4008,326900.29024999996,10.1599,11.3533,60.27,32.999,31.3786,60.0,0.10332470088633228,0.018998130456805207
002539.SZ,农药化肥,2025-03-24,value_quality_sector_stopfall,1.0577606136004132,11.785,1.0903,948063.1532,109538.8936,9.4129,4.0194,62.264,-6.3675,-9.7985,60.0,0.0493633504062605,0.010434596527486129
000612.SZ,铝,2025-03-24,value_quality_sector_stopfall,1.0111133844013338,13.9307,1.7316,1069402.8564,420676.34725,8.8162,11.0258,21.6435,2.7117,49.4133,54.0,0.16452039830058118,0.05513165276741927
603995.SH,特种钢,2025-03-24,value_quality_sector_stopfall,0.9202333112900658,10.7735,1.4486,777302.0056,100754.00164999999,10.9059,2.3857,57.0606,12.1842,85.1165,60.0,0.07295654660690576,0.01548409801649342
600531.SH,铅锌,2025-03-24,value_quality_sector_stopfall,0.9054131477639571,12.6573,1.5711,819862.4608,379416.35695000004,10.992,1.9106,69.7309,13.3564,13.6444,48.0,0.20436027210387042,0.04586648109729041
002078.SZ,造纸,2025-03-24,value_quality_sector_stopfall,0.9015906059010638,12.8123,1.3983,4004568.8255,234156.32555,9.1521,7.9681,46.3695,6.0697,15.0795,59.0,0.04379424351175909,0.01246236238930476
000404.SZ,家用电器,2025-03-24,value_quality_sector_stopfall,0.8966134443302264,11.9797,1.3882,554708.7953,121830.02995,9.6151,5.3829,62.9823,-9.6885,36.6774,60.0,0.040049510574290625,0.01664326708926911
601001.SH,煤炭开采,2025-03-25,value_quality_sector_stopfall,2.3172203256453914,6.3895,1.162,2100493.5,244033.16105000005,12.3004,26.4923,30.0411,-0.1902,-0.6197,60.0,0.12255267991123753,0.020208312400820105
601101.SH,煤炭开采,2025-03-25,value_quality_sector_stopfall,2.0586909923120578,9.742,0.9283,1118878.3885,103652.51275000001,9.642,23.9575,48.7629,11.8206,10.7388,60.0,0.12255267991123753,0.020208312400820105
002128.SZ,煤炭开采,2025-03-25,value_quality_sector_stopfall,2.036534992312058,8.204,1.3029,4409175.0607,241806.30765,13.5706,22.9945,28.2547,10.5381,22.7287,60.0,0.12255267991123753,0.020208312400820105
600368.SH,路桥,2025-03-25,value_quality_sector_stopfall,1.9271393328573703,10.8881,1.0941,737221.467,111919.9162,8.6855,46.3254,30.6102,3.122,2.985,60.0,0.034324778123386857,0.0006678880673167686
000598.SZ,水务,2025-03-25,value_quality_sector_stopfall,1.8579896779787342,10.3761,1.1405,2071197.6964,155194.0104,9.4448,26.8684,59.3469,9.1716,9.1358,60.0,0.03191655745746247,0.0047411205212717356
601298.SH,港口,2025-03-25,value_quality_sector_stopfall,1.749239436839604,11.4697,1.4132,6004267.5,126702.20189999999,9.5191,31.0062,24.6688,2.3394,3.7808,60.0,0.066964274486349,0.00829116235325511
600985.SH,煤炭开采,2025-03-25,value_quality_sector_stopfall,1.7277076589787244,7.0513,0.8948,3740936.3468,224367.34465,10.4645,6.9896,48.0862,1.9577,-18.1718,60.0,0.12255267991123753,0.020208312400820105
600874.SH,环境保护,2025-03-25,value_quality_sector_stopfall,1.599537776186316,11.5951,0.968,935969.1787,55227.643299999996,8.5914,18.0356,57.0769,3.4805,-6.7032,60.0,0.05524275928187228,0.017792350237777255
600461.SH,水务,2025-03-25,value_quality_sector_stopfall,1.5069496779787344,10.5323,1.3084,1176277.911,118207.83205,10.8563,18.3138,58.5327,-1.2249,3.8247,60.0,0.03191655745746247,0.0047411205212717356
000543.SZ,火力发电,2025-03-25,value_quality_sector_stopfall,1.402322463197621,10.2898,1.1396,1756819.0815,274516.80555000005,10.8158,9.9628,65.7132,11.5242,21.2933,60.0,0.07138793146374867,0.011929198400538965
603299.SH,食品,2025-03-25,value_quality_sector_stopfall,1.3525690049230068,10.5021,1.5087,892962.7684,82992.75905000001,11.4312,16.3512,38.2729,-3.3049,20.5816,58.0,0.03795741097508931,0.012463593947917628
600323.SH,环境保护,2025-03-25,value_quality_sector_stopfall,1.3470471095196495,11.3179,1.4221,1866329.6172,160779.3347,10.9758,16.1272,63.132,-2.5764,18.8151,60.0,0.05524275928187228,0.017792350237777255
002588.SZ,农药化肥,2025-03-25,value_quality_sector_stopfall,1.1562308810866326,11.0876,1.3101,870830.3369,139999.62515,10.4067,8.1504,41.2411,3.6426,14.6079,60.0,0.07013890835844117,0.010717306061524878
002083.SZ,纺织,2025-03-25,value_quality_sector_stopfall,1.1531163910900635,12.9443,1.0583,488465.7302,101396.707,8.5474,8.0944,48.3648,0.7262,36.9357,60.0,0.08519269667604168,0.024701027747355164
600428.SH,水运,2025-03-25,value_quality_sector_stopfall,1.1496158277251973,13.9085,1.2045,1879585.4706,337237.58715,10.1599,11.3533,60.27,32.999,31.3786,60.0,0.0773482999598396,0.017661527765357565
002539.SZ,农药化肥,2025-03-25,value_quality_sector_stopfall,1.0403388810866325,12.0852,1.118,972217.6284,113277.3668,9.4129,4.0194,62.264,-6.3675,-9.7985,60.0,0.07013890835844117,0.010717306061524878
000612.SZ,铝,2025-03-25,value_quality_sector_stopfall,1.0285871201214722,13.4648,1.6736,1033636.8746,447508.10405,8.8162,11.0258,21.6435,2.7117,49.4133,53.0,0.1586576931378616,0.047408093650277205
603995.SH,特种钢,2025-03-25,value_quality_sector_stopfall,0.9320349094173976,10.6418,1.4309,767795.9604,101664.05734999999,10.9059,2.3857,57.0606,12.1842,85.1165,60.0,0.063846075792789,0.01581616695794197
600531.SH,铅锌,2025-03-25,value_quality_sector_stopfall,0.899302389518877,12.7415,1.5816,825313.6739,386064.86145,10.992,1.9106,69.7309,13.3564,13.6444,47.0,0.22170044075524542,0.045369056185543544
000404.SZ,家用电器,2025-03-25,value_quality_sector_stopfall,0.8853024415768618,11.9947,1.39,555404.7912,124689.972,9.6151,5.3829,62.9823,-9.6885,36.6774,60.0,0.036171989321888365,0.011409785588306631
601001.SH,煤炭开采,2025-03-26,value_quality_sector_stopfall,2.3118125133211667,6.4048,1.1648,2105514.6,247404.6043,12.3004,26.4923,30.0411,-0.1902,-0.6197,60.0,0.11839201858548076,0.021847828069019082
601101.SH,煤炭开采,2025-03-26,value_quality_sector_stopfall,2.0659898466544995,9.6667,0.9211,1110238.4009,107153.67280000001,9.642,23.9575,48.7629,11.8206,10.7388,60.0,0.11839201858548076,0.021847828069019082
002128.SZ,煤炭开采,2025-03-26,value_quality_sector_stopfall,2.0520338466545,8.0997,1.2863,4353135.7234,240845.51130000004,13.5706,22.9945,28.2547,10.5381,22.7287,60.0,0.11839201858548076,0.021847828069019082
600368.SH,路桥,2025-03-26,value_quality_sector_stopfall,1.9129108805826092,11.1021,1.1156,751708.3517,124897.65900000001,8.6855,46.3254,30.6102,3.122,2.985,60.0,0.047076738462919376,0.0022874754530231023
000598.SZ,水务,2025-03-26,value_quality_sector_stopfall,1.8588697760529267,10.3911,1.1422,2074182.1311,157236.84154999998,9.4448,26.8684,59.3469,9.1716,9.1358,60.0,0.035210822077575754,0.0044602873086840855
601298.SH,港口,2025-03-26,value_quality_sector_stopfall,1.743079170104648,11.5937,1.4284,6069178.5,133551.95405,9.5191,31.0062,24.6688,2.3394,3.7808,60.0,0.07662165912498153,0.010873510979666268
600985.SH,煤炭开采,2025-03-26,value_quality_sector_stopfall,1.7206198466544997,7.0818,0.8986,3757095.8991,231364.50425,10.4645,6.9896,48.0862,1.9577,-18.1718,60.0,0.11839201858548076,0.021847828069019082
600874.SH,环境保护,2025-03-26,value_quality_sector_stopfall,1.6039974672418154,11.634,0.9713,939110.0148,54201.83715,8.5914,18.0356,57.0769,3.4805,-6.7032,60.0,0.06757534502191831,0.014712788886563688
600461.SH,水务,2025-03-26,value_quality_sector_stopfall,1.4945297760529266,10.6358,1.3212,1187835.2267,121944.7188,10.8563,18.3138,58.5327,-1.2249,3.8247,60.0,0.035210822077575754,0.0044602873086840855
600970.SH,建筑工程,2025-03-26,value_quality_sector_stopfall,1.444262730177734,8.8123,1.245,2628811.6592,319927.5097,14.8374,6.9875,61.2819,0.7172,2.3084,60.0,0.03134195380188487,0.003994776375849218
000543.SZ,火力发电,2025-03-26,value_quality_sector_stopfall,1.4186244147863645,10.1172,1.1205,1727349.8582,298596.37705,10.8158,9.9628,65.7132,11.5242,21.2933,60.0,0.06276079442322313,0.012618287029808162
600323.SH,环境保护,2025-03-26,value_quality_sector_stopfall,1.3517868005751486,11.3476,1.4259,1871221.7001,159717.9199,10.9758,16.1272,63.132,-2.5764,18.8151,60.0,0.06757534502191831,0.014712788886563688
603299.SH,食品,2025-03-26,value_quality_sector_stopfall,1.3436263786079086,10.5113,1.5101,893744.6973,84166.0299,11.4312,16.3512,38.2729,-3.3049,20.5816,57.0,0.03140143921222305,0.01069027272901879
002083.SZ,纺织,2025-03-26,value_quality_sector_stopfall,1.1674077127389237,13.0196,1.0644,491305.6472,103353.89790000001,8.5474,8.0944,48.3648,0.7262,36.9357,60.0,0.11097545968032962,0.022296253058594173
600428.SH,水运,2025-03-26,value_quality_sector_stopfall,1.1547360288285673,13.8679,1.201,1874097.6298,342359.48355,10.1599,11.3533,60.27,32.999,31.3786,60.0,0.07697486410536603,0.018115164723201405
002588.SZ,农药化肥,2025-03-26,value_quality_sector_stopfall,1.142792237034038,11.2196,1.3257,881197.3647,149029.39775,10.4067,8.1504,41.2411,3.6426,14.6079,60.0,0.07483632131592732,0.011781249051444176
002539.SZ,农药化肥,2025-03-26,value_quality_sector_stopfall,1.0364269037007048,12.1603,1.125,978256.2472,117989.66274999999,9.4129,4.0194,62.264,-6.3675,-9.7985,60.0,0.07483632131592732,0.011781249051444176
000612.SZ,铝,2025-03-26,value_quality_sector_stopfall,1.0297379008940708,13.3871,1.664,1027675.8776,464935.5087,8.8162,11.0258,21.6435,2.7117,49.4133,52.0,0.1614003807297304,0.040636186831007004
600511.SH,医药商业,2025-03-26,value_quality_sector_stopfall,1.0153902184989652,11.3734,1.3281,2274826.539,149601.07434999998,12.1574,4.2093,45.6743,1.8138,-6.7974,54.0,0.031382923165621524,0.0010279620000104295
603995.SH,特种钢,2025-03-26,value_quality_sector_stopfall,0.9383501468173365,10.5455,1.418,760849.235,97286.24685,10.9059,2.3857,57.0606,12.1842,85.1165,60.0,0.057110653517729704,0.013846826632940124
601001.SH,煤炭开采,2025-03-27,value_quality_sector_stopfall,2.3291467971731654,6.2368,1.1342,2050282.5,250601.018,12.3004,26.4923,30.0411,-0.1902,-0.6197,60.0,0.10353801510549365,0.022436115401004875
601101.SH,煤炭开采,2025-03-27,value_quality_sector_stopfall,2.0664441305064987,9.5539,0.9103,1097278.4196,107732.5726,9.642,23.9575,48.7629,11.8206,10.7388,60.0,0.10353801510549365,0.022436115401004875
002128.SZ,煤炭开采,2025-03-27,value_quality_sector_stopfall,2.042781463839832,8.0705,1.2817,4337444.709,238675.09469999996,13.5706,22.9945,28.2547,10.5381,22.7287,60.0,0.10353801510549365,0.022436115401004875
600368.SH,路桥,2025-03-27,value_quality_sector_stopfall,1.9407436238961844,10.8644,1.0917,735611.8131,131447.79775,8.6855,46.3254,30.6102,3.122,2.985,60.0,0.04272031752161465,0.0026966397079031257
601298.SH,港口,2025-03-27,value_quality_sector_stopfall,1.713323527193518,11.7797,1.4514,6166545.0,142374.40805,9.5191,31.0062,24.6688,2.3394,3.7808,60.0,0.07287168801155297,0.012601172515298353
600985.SH,煤炭开采,2025-03-27,value_quality_sector_stopfall,1.7117274638398319,7.0462,0.8941,3738243.0881,230912.6534,10.4645,6.9896,48.0862,1.9577,-18.1718,60.0,0.10353801510549365,0.022436115401004875
600874.SH,环境保护,2025-03-27,value_quality_sector_stopfall,1.6024150381115116,11.5562,0.9648,932828.3425,54369.39584999999,8.5914,18.0356,57.0769,3.4805,-6.7032,60.0,0.05927224096306749,0.011913463815111047
000543.SZ,火力发电,2025-03-27,value_quality_sector_stopfall,1.4294688757758753,9.9047,1.0969,1691080.0449,302572.24305,10.8158,9.9628,65.7132,11.5242,21.2933,60.0,0.044403195840753584,0.011920346601788534
603299.SH,食品,2025-03-27,value_quality_sector_stopfall,1.3496429183680787,10.4653,1.5035,889835.0529,85344.45435,11.4312,16.3512,38.2729,-3.3049,20.5816,56.0,0.036135154868689234,0.00890643016605619
600323.SH,环境保护,2025-03-27,value_quality_sector_stopfall,1.2908710381115116,11.6788,1.4675,1925849.9589,165914.2941,10.9758,16.1272,63.132,-2.5764,18.8151,60.0,0.05927224096306749,0.011913463815111047
002083.SZ,纺织,2025-03-27,value_quality_sector_stopfall,1.1888763431277165,12.7185,1.0398,479945.9791,106192.09815,8.5474,8.0944,48.3648,0.7262,36.9357,60.0,0.09854311295041707,0.01972389684396636
002588.SZ,农药化肥,2025-03-27,value_quality_sector_stopfall,1.164573153271373,11.1316,1.3153,874286.0128,154640.2919,10.4067,8.1504,41.2411,3.6426,14.6079,60.0,0.08211841416686583,0.013480072437840551
600428.SH,水运,2025-03-27,value_quality_sector_stopfall,1.1590501440995673,13.6648,1.1834,1846658.4258,346440.68265,10.1599,11.3533,60.27,32.999,31.3786,60.0,0.05772178445975462,0.016409026306479113
000612.SZ,铝,2025-03-27,value_quality_sector_stopfall,1.0225460466088603,13.2163,1.6428,1014561.6843,481364.35645,8.8162,11.0258,21.6435,2.7117,49.4133,51.0,0.14909483558323244,0.03436321102562778
002539.SZ,农药化肥,2025-03-27,value_quality_sector_stopfall,1.018461153271373,12.3705,1.1444,995164.3799,131821.48105,9.4129,4.0194,62.264,-6.3675,-9.7985,60.0,0.08211841416686583,0.013480072437840551
600511.SH,医药商业,2025-03-27,value_quality_sector_stopfall,1.0056877664725377,11.4375,1.3356,2287653.0899,147970.77455,12.1574,4.2093,45.6743,1.8138,-6.7974,55.0,0.03149995798574512,0.00048180848679235666
603995.SH,特种钢,2025-03-27,value_quality_sector_stopfall,0.9413637936545451,10.4239,1.4016,752074.4241,96400.82775,10.9059,2.3857,57.0606,12.1842,85.1165,60.0,0.04273796565037191,0.012193161337506364
600531.SH,铅锌,2025-03-27,value_quality_sector_stopfall,0.8972683629628911,12.4385,1.5439,805689.3065,398469.1626,10.992,1.9106,69.7309,13.3564,13.6444,45.0,0.17989617653828005,0.04323885309127773
000404.SZ,家用电器,2025-03-27,value_quality_sector_stopfall,0.8884248074765615,11.9196,1.3813,551924.8113,125648.47009999999,9.6151,5.3829,62.9823,-9.6885,36.6774,60.0,0.03576724758556438,0.00413022655766393
002078.SZ,造纸,2025-03-27,value_quality_sector_stopfall,0.8376251393753051,13.3219,1.454,4163857.3273,217271.98110000003,9.1521,7.9681,46.3695,6.0697,15.0795,59.0,0.053640657947106485,0.009757148094865276
601001.SH,煤炭开采,2025-03-28,value_quality_sector_stopfall,2.335086236324101,6.1146,1.112,2010113.7,252463.67290000003,12.3004,26.4923,30.0411,-0.1902,-0.6197,60.0,0.08684889440647736,0.02211800858429025
601101.SH,煤炭开采,2025-03-28,value_quality_sector_stopfall,2.0755435696574347,9.3533,0.8912,1074238.4528,107978.271,9.642,23.9575,48.7629,11.8206,10.7388,60.0,0.08684889440647736,0.02211800858429025
002128.SZ,煤炭开采,2025-03-28,value_quality_sector_stopfall,2.0358675696574347,8.0121,1.2724,4306062.6801,228565.9522,13.5706,22.9945,28.2547,10.5381,22.7287,60.0,0.08684889440647736,0.02211800858429025
600368.SH,路桥,2025-03-28,value_quality_sector_stopfall,1.9936979786766607,10.4364,1.0487,706638.0437,136374.5214,8.6855,46.3254,30.6102,3.122,2.985,60.0,0.03882784257630645,0.002343469433687684
601298.SH,港口,2025-03-28,value_quality_sector_stopfall,1.679895973655771,11.9657,1.4743,6263911.5,151341.45125,9.5191,31.0062,24.6688,2.3394,3.7808,60.0,0.06619218394957271,0.01351978970619827
600874.SH,环境保护,2025-03-28,value_quality_sector_stopfall,1.584265485997616,11.4784,0.9583,926546.6702,54235.59820000001,8.5914,18.0356,57.0769,3.4805,-6.7032,60.0,0.033286267409511794,0.010229885254770865
600428.SH,水运,2025-03-28,value_quality_sector_stopfall,1.3383375426076458,12.0292,1.1465,1841170.585,350002.90414999996,12.6908,10.3331,60.5198,37.572,43.8177,60.0,0.03865661372531348,0.01389226221566564
600362.SH,铜,2025-03-28,value_quality_sector_stopfall,1.2567220000000001,11.678,1.0431,8130488.6429,869115.7184,9.5788,1.4251,54.5368,-0.1848,7.0266,60.0,0.800800551594623,0.1866913432695807
600323.SH,环境保护,2025-03-28,value_quality_sector_stopfall,1.2364681526642827,11.8568,1.4898,1955202.4561,171812.24835,10.9758,16.1272,63.132,-2.5764,18.8151,60.0,0.033286267409511794,0.010229885254770865
002083.SZ,纺织,2025-03-28,value_quality_sector_stopfall,1.1735483377072473,12.568,1.0275,474266.145,107402.23675,8.5474,8.0944,48.3648,0.7262,36.9357,60.0,0.06670341375528888,0.01800225728529181
600420.SH,化学制药,2025-03-28,value_quality_sector_stopfall,1.1612268889877526,13.4288,1.1021,1455172.3708,152689.93155,8.4684,12.179,23.2197,-9.382,56.6199,58.0,0.040811663247039,0.005699225740713576
000612.SZ,铝,2025-03-28,value_quality_sector_stopfall,1.0335780581804948,12.7038,1.5791,975219.1043,501317.1507,8.8162,11.0258,21.6435,2.7117,49.4133,50.0,0.1293490748099171,0.03097431670391093
600866.SH,饲料,2025-03-28,value_quality_sector_stopfall,0.8213514292775749,12.3588,1.4029,1069988.3647,160794.59029999998,8.9173,5.3302,45.7321,0.4788,38.3774,59.0,0.03515575607254662,0.011017006538361684
002078.SZ,造纸,2025-03-28,value_quality_sector_stopfall,0.8212569261448861,13.3219,1.454,4163857.3273,206953.8241,9.1521,7.9681,46.3695,6.0697,15.0795,59.0,0.03786980956968211,0.009159783241870612
601001.SH,煤炭开采,2025-03-31,value_quality_sector_stopfall,2.330456361164534,6.0535,1.1009,1990029.3,249726.43795000002,12.3004,26.4923,30.0411,-0.1902,-0.6197,60.0,0.0718137373295138,0.02104995716835356
600368.SH,路桥,2025-03-31,value_quality_sector_stopfall,2.1085946901986374,10.1895,1.0356,711467.0052,140039.617,10.5996,38.077,29.4146,11.6126,5.6858,60.0,0.05077020745456373,0.003540482744073703
601101.SH,煤炭开采,2025-03-31,value_quality_sector_stopfall,2.100207027831201,9.0398,0.8614,1038238.5046,109366.09540000002,9.642,23.9575,48.7629,11.8206,10.7388,60.0,0.0718137373295138,0.02104995716835356
002128.SZ,煤炭开采,2025-03-31,value_quality_sector_stopfall,2.0161710278312004,8.033,1.2757,4317270.5475,211220.58695,13.5706,22.9945,28.2547,10.5381,22.7287,60.0,0.0718137373295138,0.02104995716835356
601298.SH,港口,2025-03-31,value_quality_sector_stopfall,1.7740161202022096,12.1765,1.5003,6374260.2,160023.65350000001,12.65,30.2638,25.4306,4.2253,6.3286,59.0,0.06484296620406549,0.01493982066481081
601326.SH,港口,2025-03-31,value_quality_sector_stopfall,1.7328907868688763,11.9611,0.9684,1871783.02,56507.68125,8.2902,22.9352,27.2912,-2.6862,2.2006,60.0,0.06484296620406549,0.01493982066481081
601000.SH,港口,2025-03-31,value_quality_sector_stopfall,1.639765453535543,14.0453,1.3383,2779260.52,287393.22785,9.7134,37.1435,9.8635,-2.0573,2.7963,60.0,0.06484296620406549,0.01493982066481081
600987.SH,纺织,2025-03-31,value_quality_sector_stopfall,1.3183496176888179,10.0846,1.1392,725802.2187,58369.93704999999,11.472,7.2291,31.2152,18.6462,5.0407,60.0,0.03309799177645578,0.017174959245695565
600362.SH,铜,2025-03-31,value_quality_sector_stopfall,1.2843086666666668,11.4592,1.0236,7978128.5491,895557.9406,9.5788,1.4251,54.5368,-0.1848,7.0266,60.0,0.7656804313527816,0.17649424922544021
002083.SZ,纺织,2025-03-31,value_quality_sector_stopfall,1.157348951022151,12.4175,1.0152,468586.3109,108692.34139999999,8.5474,8.0944,48.3648,0.7262,36.9357,60.0,0.03309799177645578,0.017174959245695565
000612.SZ,铝,2025-03-31,value_quality_sector_stopfall,0.8468828809881711,15.3506,1.4494,903687.1407,515675.34085,9.782,9.1057,22.6419,4.5038,-0.7333,49.0,0.0900319084357013,0.02831430588580308
601001.SH,煤炭开采,2025-04-01,value_quality_sector_stopfall,2.316803924669303,6.1808,1.124,2031871.8,246861.37695,12.3004,26.4923,30.0411,-0.1902,-0.6197,60.0,0.08387592912942021,0.019221995539882242
600368.SH,路桥,2025-04-01,value_quality_sector_stopfall,2.119749947154654,10.2587,1.0426,716295.9668,143249.46795,10.5996,38.077,29.4146,11.6126,5.6858,60.0,0.07021365937330293,0.004532287781350952
601101.SH,煤炭开采,2025-04-01,value_quality_sector_stopfall,2.079421258002636,9.2781,0.8841,1065598.4652,111420.88870000001,9.642,23.9575,48.7629,11.8206,10.7388,60.0,0.08387592912942021,0.019221995539882242
002128.SZ,煤炭开采,2025-04-01,value_quality_sector_stopfall,2.0163119246693024,8.0914,1.285,4348652.5764,207764.68195,13.5706,22.9945,28.2547,10.5381,22.7287,60.0,0.08387592912942021,0.019221995539882242
601298.SH,港口,2025-04-01,value_quality_sector_stopfall,1.771315342712732,12.3997,1.5278,6491100.0,170327.96625,12.65,30.2638,25.4306,4.2253,6.3286,58.0,0.07673958543030945,0.015222423949089237
601326.SH,港口,2025-04-01,value_quality_sector_stopfall,1.7365100093793986,12.0325,0.9741,1882957.844,57719.093949999995,8.2902,22.9352,27.2912,-2.6862,2.2006,60.0,0.07673958543030945,0.015222423949089237
601000.SH,港口,2025-04-01,value_quality_sector_stopfall,1.620771342712732,14.2849,1.3611,2826667.9489,290029.05725,9.7134,37.1435,9.8635,-2.0573,2.7963,60.0,0.07673958543030945,0.015222423949089237
600874.SH,环境保护,2025-04-01,value_quality_sector_stopfall,1.5794655871078331,11.4784,0.9583,926546.6702,55096.32165,8.5914,18.0356,57.0769,3.4805,-6.7032,60.0,0.0303327318020441,0.008383521972455732
000543.SZ,火力发电,2025-04-01,value_quality_sector_stopfall,1.3866681302202006,10.2765,1.1381,1754552.2182,332033.27895,10.8158,9.9628,65.7132,11.5242,21.2933,60.0,0.057021141939215925,0.008754988280984755
600428.SH,水运,2025-04-01,value_quality_sector_stopfall,1.32070586146064,12.083,1.1516,1849402.3462,357316.12265,12.6908,10.3331,60.5198,37.572,43.8177,60.0,0.03211750214984277,0.009786359310797188
600987.SH,纺织,2025-04-01,value_quality_sector_stopfall,1.3096206376003467,10.1981,1.152,733968.7697,60328.8743,11.472,7.2291,31.2152,18.6462,5.0407,60.0,0.04220948326280349,0.015434487670876518
600362.SH,铜,2025-04-01,value_quality_sector_stopfall,1.273668666666667,11.5438,1.0311,8036994.949,916492.9059499999,9.5788,1.4251,54.5368,-0.1848,7.0266,60.0,0.7720651072335802,0.16667331000063523
600323.SH,环境保护,2025-04-01,value_quality_sector_stopfall,1.2120082537744998,12.0497,1.5141,1987000.9948,186666.4314,10.9758,16.1272,63.132,-2.5764,18.8151,59.0,0.0303327318020441,0.008383521972455732
600420.SH,化学制药,2025-04-01,value_quality_sector_stopfall,1.1855907143021787,13.4288,1.1021,1455172.3708,173914.86279999997,8.4684,12.179,23.2197,-9.382,56.6199,59.0,0.06241907491319587,0.00845563938898275
002083.SZ,纺织,2025-04-01,value_quality_sector_stopfall,1.155633304267013,12.4928,1.0213,471426.228,110347.8798,8.5474,8.0944,48.3648,0.7262,36.9357,60.0,0.04220948326280349,0.015434487670876518
002078.SZ,造纸,2025-04-01,value_quality_sector_stopfall,0.8407020814665117,13.1967,1.4403,4124733.8356,199367.9922,9.1521,7.9681,46.3695,6.0697,15.0795,59.0,0.04082430180833274,0.008170446324845537
000612.SZ,铝,2025-04-01,value_quality_sector_stopfall,0.8316713836846834,15.0671,1.4227,886996.3491,523994.6971,9.782,9.1057,22.6419,4.5038,-0.7333,48.0,0.05948707246195273,0.02584764455606403
600866.SH,饲料,2025-04-01,value_quality_sector_stopfall,0.8047901926853145,12.4547,1.4138,1078295.7278,168485.86715,8.9173,5.3302,45.7321,0.4788,38.3774,59.0,0.0329932866791558,0.010278239339492012
601001.SH,煤炭开采,2025-04-02,value_quality_sector_stopfall,2.3088285463575446,6.1757,1.1231,2030198.1,243294.24605000002,12.3004,26.4923,30.0411,-0.1902,-0.6197,60.0,0.07591170077373399,0.018270845583810758
601101.SH,煤炭开采,2025-04-02,value_quality_sector_stopfall,2.0754192130242113,9.2404,0.8805,1061278.4715,109953.83780000001,9.642,23.9575,48.7629,11.8206,10.7388,60.0,0.07591170077373399,0.018270845583810758
600368.SH,路桥,2025-04-02,value_quality_sector_stopfall,2.0656870534519047,10.6506,1.0824,743660.0824,154335.2923,10.5996,38.077,29.4146,11.6126,5.6858,60.0,0.06769770597274527,0.005645347479159346
002128.SZ,煤炭开采,2025-04-02,value_quality_sector_stopfall,2.0095698796908783,8.0788,1.283,4341927.8559,201037.01845,13.5706,22.9945,28.2547,10.5381,22.7287,60.0,0.07591170077373399,0.018270845583810758
601298.SH,港口,2025-04-02,value_quality_sector_stopfall,1.7635541671337625,12.4369,1.5323,6510573.3,185297.15409999999,12.65,30.2638,25.4306,4.2253,6.3286,57.0,0.07140708157617426,0.015273752224254755
601326.SH,港口,2025-04-02,value_quality_sector_stopfall,1.731228833800429,12.0325,0.9741,1882957.844,58907.5044,8.2902,22.9352,27.2912,-2.6862,2.2006,60.0,0.07140708157617426,0.015273752224254755
601000.SH,港口,2025-04-02,value_quality_sector_stopfall,1.6350101671337622,14.1351,1.3468,2797038.3058,299432.1968,9.7134,37.1435,9.8635,-2.0573,2.7963,60.0,0.07140708157617426,0.015273752224254755
000543.SZ,火力发电,2025-04-02,value_quality_sector_stopfall,1.3984512092105816,10.1437,1.1234,1731883.5849,337767.95745,10.8158,9.9628,65.7132,11.5242,21.2933,60.0,0.05003021551065845,0.008875660366589821
600362.SH,铜,2025-04-02,value_quality_sector_stopfall,1.2956086666666669,11.3697,1.0156,7915799.4198,928596.6725999999,9.5788,1.4251,54.5368,-0.1848,7.0266,60.0,0.7164564150439352,0.15689244485028575
600987.SH,纺织,2025-04-02,value_quality_sector_stopfall,1.2843949329386852,10.2974,1.1632,741114.5018,60554.731999999996,11.472,7.2291,31.2152,18.6462,5.0407,60.0,0.03268152971481597,0.013823403223869324
600420.SH,化学制药,2025-04-02,value_quality_sector_stopfall,1.2033725860242195,13.2926,1.0909,1440419.4712,174359.381,8.4684,12.179,23.2197,-9.382,56.6199,60.0,0.0612236323656119,0.01088628699194083
002083.SZ,纺织,2025-04-02,value_quality_sector_stopfall,1.1384209329386852,12.5429,1.0254,473319.506,110591.549,8.5474,8.0944,48.3648,0.7262,36.9357,60.0,0.03268152971481597,0.013823403223869324
002078.SZ,造纸,2025-04-02,value_quality_sector_stopfall,0.8350486961364202,13.2235,1.4432,4133117.441,193181.83745000002,9.1521,7.9681,46.3695,6.0697,15.0795,59.0,0.038437664108848635,0.008623698694238291
000612.SZ,铝,2025-04-02,value_quality_sector_stopfall,0.8194928884888978,15.0873,1.4246,888188.5485,521136.55350000004,9.782,9.1057,22.6419,4.5038,-0.7333,47.0,0.051102184059864,0.02332070442903378
600866.SH,饲料,2025-04-02,value_quality_sector_stopfall,0.7921180362739502,12.5123,1.4203,1083280.1456,168535.67575,8.9173,5.3302,45.7321,0.4788,38.3774,59.0,0.03014015922134794,0.008632543719268915
601001.SH,煤炭开采,2025-04-03,value_quality_sector_stopfall,2.292714366085059,6.1604,1.1203,2025177.0,239738.04020000002,12.3004,26.4923,30.0411,-0.1902,-0.6197,60.0,0.057768850284755535,0.017412849133636943
601101.SH,煤炭开采,2025-04-03,value_quality_sector_stopfall,2.0564183660850595,9.2404,0.8805,1061278.4715,109305.1267,9.642,23.9575,48.7629,11.8206,10.7388,60.0,0.057768850284755535,0.017412849133636943
002128.SZ,煤炭开采,2025-04-03,value_quality_sector_stopfall,2.0006623660850593,8.0204,1.2737,4310545.827,198546.18820000003,13.5706,22.9945,28.2547,10.5381,22.7287,60.0,0.057768850284755535,0.017412849133636943
600368.SH,路桥,2025-04-03,value_quality_sector_stopfall,1.9304689204994026,11.711,1.1902,817704.1599,181056.99975000002,10.5996,38.077,29.4146,11.6126,5.6858,60.0,0.0724468253689119,0.008238095130490564
000598.SZ,水务,2025-04-03,value_quality_sector_stopfall,1.8238576150881378,10.6154,1.1668,2118948.6519,160926.03015,9.4448,26.8684,59.3469,9.1716,9.1358,60.0,0.03240813369181228,0.0036041480629922518
601298.SH,港口,2025-04-03,value_quality_sector_stopfall,1.7844522238263787,12.4245,1.5308,6504082.2,203679.66935,12.65,30.2638,25.4306,4.2253,6.3286,56.0,0.09011472582628821,0.01663749800009051
601326.SH,港口,2025-04-03,value_quality_sector_stopfall,1.7297335571597119,12.211,0.9886,1910894.904,61085.2218,8.2902,22.9352,27.2912,-2.6862,2.2006,60.0,0.09011472582628821,0.01663749800009051
601000.SH,港口,2025-04-03,value_quality_sector_stopfall,1.7252148904930453,13.5961,1.2955,2690371.5908,314383.0551,9.7134,37.1435,9.8635,-2.0573,2.7963,60.0,0.09011472582628821,0.01663749800009051
601156.SH,仓储物流,2025-04-03,value_quality_sector_stopfall,1.6333129491650986,7.6296,1.3052,2205114.6673,200396.9375,12.5406,13.3158,33.3242,24.1891,24.1357,45.0,0.06637942440126743,0.00022285809716460214
600461.SH,水务,2025-04-03,value_quality_sector_stopfall,1.4014776150881378,11.2337,1.3955,1254610.8286,145295.1166,10.8563,18.3138,58.5327,-1.2249,3.8247,60.0,0.03240813369181228,0.0036041480629922518
603299.SH,食品,2025-04-03,value_quality_sector_stopfall,1.3999404621647336,10.1619,1.4599,864031.4002,85352.4403,11.4312,16.3512,38.2729,-3.3049,20.5816,57.0,0.04323047318531348,0.005148655646086686
000543.SZ,火力发电,2025-04-03,value_quality_sector_stopfall,1.395433538240524,10.2499,1.1352,1750018.4915,335174.63815,10.8158,9.9628,65.7132,11.5242,21.2933,60.0,0.06057839904359241,0.01025647253026496
600428.SH,水运,2025-04-03,value_quality_sector_stopfall,1.3683794413461003,11.7065,1.1157,1791780.0179,363696.41435,12.6908,10.3331,60.5198,37.572,43.8177,60.0,0.03267128463385793,0.007872823378909155
600362.SH,铜,2025-04-03,value_quality_sector_stopfall,1.3282486666666666,11.1111,0.9925,7735737.4908,923152.33585,9.5788,1.4251,54.5368,-0.1848,7.0266,60.0,0.6818421917584541,0.1489259000317238
600420.SH,化学制药,2025-04-03,value_quality_sector_stopfall,1.2058107674966767,13.3298,1.0939,1444442.9893,175846.9205,8.4684,12.179,23.2197,-9.382,56.6199,60.0,0.06682834452388198,0.012199756306128018
002078.SZ,造纸,2025-04-03,value_quality_sector_stopfall,0.8618933077166064,13.0537,1.4247,4080021.2737,185527.25385,9.1521,7.9681,46.3695,6.0697,15.0795,60.0,0.04121043427715532,0.009042206772784445
600866.SH,饲料,2025-04-03,value_quality_sector_stopfall,0.7852389411290501,12.6082,1.4312,1091587.5087,164792.45494999998,8.9173,5.3302,45.7321,0.4788,38.3774,59.0,0.0376482957211246,0.007905312074592219
600362.SH,铜,2025-04-07,value_quality_sector_stopfall,1.468262,10.0019,0.8934,6963548.8335,923800.0112,9.5788,1.4251,54.5368,-0.1848,7.0266,60.0,0.500201453117644,0.13419009168885387
601298.SH,港口,2025-04-08,value_quality_sector_stopfall,1.9041714792643516,11.1349,1.3719,5829007.8,222169.48155,12.65,30.2638,25.4306,4.2253,6.3286,56.0,0.041650667539874675,0.013447478391143575
600368.SH,路桥,2025-04-08,value_quality_sector_stopfall,1.8814218182593392,11.9416,1.2136,833800.6984,272462.2395,10.5996,38.077,29.4146,11.6126,5.6858,60.0,0.052931241106574545,0.009679910486097842
601326.SH,港口,2025-04-08,value_quality_sector_stopfall,1.7642194792643515,11.4969,0.9308,1799146.664,70104.15359999999,8.2902,22.9352,27.2912,-2.6862,2.2006,60.0,0.041650667539874675,0.013447478391143575
601000.SH,港口,2025-04-08,value_quality_sector_stopfall,1.732040812597685,13.1469,1.2527,2601482.6615,333739.39160000003,9.7134,37.1435,9.8635,-2.0573,2.7963,60.0,0.041650667539874675,0.013447478391143575
603299.SH,食品,2025-04-08,value_quality_sector_stopfall,1.5224759375135781,9.6009,1.3793,816333.7392,95664.84465,11.4312,16.3512,38.2729,-3.3049,20.5816,57.0,0.07498723404255325,0.004794036804358193
600362.SH,铜,2025-04-08,value_quality_sector_stopfall,1.4877353333333332,9.8478,0.8796,6856204.2219,940386.3617999998,9.5788,1.4251,54.5368,-0.1848,7.0266,60.0,0.45544627501928914,0.11959469924795352
600866.SH,饲料,2025-04-08,value_quality_sector_stopfall,0.8383664563366893,12.4739,1.4159,1079957.2004,185994.76309999998,8.9173,5.3302,45.7321,0.4788,38.3774,59.0,0.07382030769230763,0.005707481977714979
601298.SH,港口,2025-04-09,value_quality_sector_stopfall,1.876838984894989,11.7549,1.4483,6153562.8,235533.40600000002,12.65,30.2638,25.4306,4.2253,6.3286,56.0,0.1048469980409863,0.01518532018733576
600368.SH,路桥,2025-04-09,value_quality_sector_stopfall,1.823045171744462,12.541,1.2746,875651.6988,320510.673,10.5996,38.077,29.4146,11.6126,5.6858,60.0,0.0735385094033516,0.011322662341110457
601000.SH,港口,2025-04-09,value_quality_sector_stopfall,1.7969749848949887,13.1469,1.2527,2601482.6615,338905.98065,9.7134,37.1435,9.8635,-2.0573,2.7963,60.0,0.1048469980409863,0.01518532018733576
601326.SH,港口,2025-04-09,value_quality_sector_stopfall,1.7688269848949885,11.9968,0.9713,1877370.432,74078.9127,8.2902,22.9352,27.2912,-2.6862,2.2006,60.0,0.1048469980409863,0.01518532018733576
603299.SH,食品,2025-04-09,value_quality_sector_stopfall,1.559788493303152,9.4905,1.3634,806950.5928,100107.03465,11.4312,16.3512,38.2729,-3.3049,20.5816,57.0,0.0934844021463106,0.005649424490174804
600362.SH,铜,2025-04-09,value_quality_sector_stopfall,1.4726486666666665,9.9671,0.8903,6939309.7276,956092.25785,9.5788,1.4251,54.5368,-0.1848,7.0266,60.0,0.45792872172583743,0.10578946184895277
600866.SH,饲料,2025-04-09,value_quality_sector_stopfall,0.8694895387299095,12.3396,1.4007,1068326.8921,193024.1169,8.9173,5.3302,45.7321,0.4788,38.3774,59.0,0.08512325764951467,0.0064409477470617205
601298.SH,港口,2025-04-10,value_quality_sector_stopfall,1.9542663678767545,11.2589,1.3872,5893918.8,258814.4958,12.65,30.2638,25.4306,4.2253,6.3286,56.0,0.10654675663864155,0.017112944571446187
601156.SH,仓储物流,2025-04-10,value_quality_sector_stopfall,1.8407410193122524,6.9375,1.1868,2005082.6672,236908.74340000004,12.5406,13.3158,33.3242,24.1891,24.1357,49.0,0.14509803936918853,0.003858979943064167
600368.SH,路桥,2025-04-10,value_quality_sector_stopfall,1.840531146313127,12.3104,1.2511,859555.1602,375336.80945,10.5996,38.077,29.4146,11.6126,5.6858,60.0,0.05903229083749184,0.012274855475635338
601000.SH,港口,2025-04-10,value_quality_sector_stopfall,1.8279157012100877,12.9372,1.2327,2560001.1612,341030.10494999995,9.7134,37.1435,9.8635,-2.0573,2.7963,60.0,0.10654675663864155,0.017112944571446187
601326.SH,港口,2025-04-10,value_quality_sector_stopfall,1.798341034543421,11.7825,0.9539,1843845.96,77659.8654,8.2902,22.9352,27.2912,-2.6862,2.2006,60.0,0.10654675663864155,0.017112944571446187
603299.SH,食品,2025-04-10,value_quality_sector_stopfall,1.5972172154234818,9.5365,1.37,810860.2372,103734.7853,11.4312,16.3512,38.2729,-3.3049,20.5816,57.0,0.13567642800624946,0.008352787417232443
600362.SH,铜,2025-04-10,value_quality_sector_stopfall,1.4245907618685678,10.3153,0.9214,7181700.786,974410.0444,9.5788,1.4251,54.5368,-0.1848,7.0266,60.0,0.5075838172950928,0.09588876186856798
600866.SH,饲料,2025-04-10,value_quality_sector_stopfall,0.8204162245629839,12.7809,1.4508,1106540.7623,199206.8541,8.9173,5.3302,45.7321,0.4788,38.3774,59.0,0.09809490454247682,0.007215986687173936
601298.SH,港口,2025-04-11,value_quality_sector_stopfall,2.0069872132597424,10.9861,1.3536,5751114.6,271380.0084,12.65,30.2638,25.4306,4.2253,6.3286,56.0,0.11720712747509099,0.018586752451318134
601000.SH,港口,2025-04-11,value_quality_sector_stopfall,1.8595632132597424,12.7875,1.2184,2530371.5182,328939.5811,9.7134,37.1435,9.8635,-2.0573,2.7963,60.0,0.11720712747509099,0.018586752451318134
601156.SH,仓储物流,2025-04-11,value_quality_sector_stopfall,1.8371379260586993,6.8716,1.1756,1986032.0006,238556.45275,12.5406,13.3158,33.3242,24.1891,24.1357,50.0,0.1278660652030954,0.005627860855604183
601326.SH,港口,2025-04-11,value_quality_sector_stopfall,1.827661879926409,11.6397,0.9424,1821496.312,79898.90635,8.2902,22.9352,27.2912,-2.6862,2.2006,60.0,0.11720712747509099,0.018586752451318134
600368.SH,路桥,2025-04-11,value_quality_sector_stopfall,1.7222655942876157,13.2326,1.3448,923941.3145,450222.66675,10.5996,38.077,29.4146,11.6126,5.6858,60.0,0.06419714617429118,0.012791114779991064
603299.SH,食品,2025-04-11,value_quality_sector_stopfall,1.5718778183813111,9.5181,1.3674,809296.3794,105902.20049999999,11.4312,16.3512,38.2729,-3.3049,20.5816,57.0,0.1067182497084267,0.00901156867288444
600362.SH,铜,2025-04-11,value_quality_sector_stopfall,1.4184562638390306,10.3004,0.92,7171312.5978,974091.1694,9.5788,1.4251,54.5368,-0.1848,7.0266,60.0,0.5045003215448014,0.0878275971723641
600866.SH,饲料,2025-04-11,value_quality_sector_stopfall,0.839723373946518,12.4547,1.4138,1078295.7278,202257.66855,8.9173,5.3302,45.7321,0.4788,38.3774,59.0,0.0726193561636077,0.0055853511162435865
601298.SH,港口,2025-04-14,value_quality_sector_stopfall,1.9910857396852835,11.1101,1.3689,5816025.6,273921.5045,12.65,30.2638,25.4306,4.2253,6.3286,56.0,0.11520590481693005,0.02315316820168678
601000.SH,港口,2025-04-14,value_quality_sector_stopfall,1.8465417396852835,12.9073,1.2298,2554075.2326,316204.47235000005,9.7134,37.1435,9.8635,-2.0573,2.7963,60.0,0.11520590481693005,0.02315316820168678
601156.SH,仓储物流,2025-04-14,value_quality_sector_stopfall,1.8318431261318775,6.921,1.184,2000320.0006,235503.91920000003,12.5406,13.3158,33.3242,24.1891,24.1357,51.0,0.12640282484615106,0.010689634619059696
601326.SH,港口,2025-04-14,value_quality_sector_stopfall,1.82598040635195,11.6754,0.9452,1827083.724,78127.837,8.2902,22.9352,27.2912,-2.6862,2.2006,60.0,0.11520590481693005,0.02315316820168678
600368.SH,路桥,2025-04-14,value_quality_sector_stopfall,1.7763459553766787,12.8407,1.305,896577.1989,507470.57315000007,10.5996,38.077,29.4146,11.6126,5.6858,60.0,0.0631227800331644,0.015285842010180906
603299.SH,食品,2025-04-14,value_quality_sector_stopfall,1.5769409837239545,9.6929,1.3925,824153.0279,105793.06575,11.4312,16.3512,38.2729,-3.3049,20.5816,57.0,0.1368843987014845,0.01229525168913681
600362.SH,铜,2025-04-14,value_quality_sector_stopfall,1.382273790787119,10.5839,0.9454,7368688.1738,964460.92065,9.5788,1.4251,54.5368,-0.1848,7.0266,60.0,0.53926763141284,0.08747845745378591
600866.SH,饲料,2025-04-14,value_quality_sector_stopfall,0.8103134088940962,12.8385,1.4573,1111525.1801,202118.41499999998,8.9173,5.3302,45.7321,0.4788,38.3774,59.0,0.09570748780502947,0.0076739210890668375
601298.SH,港口,2025-04-15,value_quality_sector_stopfall,1.9823669837071884,10.9241,1.3459,5718659.1,272694.23005,12.65,30.2638,25.4306,4.2253,6.3286,56.0,0.07795275571358551,0.023954227993602917
600368.SH,路桥,2025-04-15,value_quality_sector_stopfall,1.9370752405031062,11.5497,1.1738,806436.5829,547881.10505,10.5996,38.077,29.4146,11.6126,5.6858,60.0,0.0501941525448093,0.015410421291630172
601326.SH,港口,2025-04-15,value_quality_sector_stopfall,1.8325949837071882,11.3184,0.9163,1771209.604,80137.37845,8.2902,22.9352,27.2912,-2.6862,2.2006,60.0,0.07795275571358551,0.023954227993602917
601000.SH,港口,2025-04-15,value_quality_sector_stopfall,1.8295363170405217,12.7576,1.2156,2524445.5896,312954.06805,9.7134,37.1435,9.8635,-2.0573,2.7963,60.0,0.07795275571358551,0.023954227993602917
601156.SH,仓储物流,2025-04-15,value_quality_sector_stopfall,1.816512672117824,6.9814,1.1944,2017783.1117,231842.39455,12.5406,13.3158,33.3242,24.1891,24.1357,52.0,0.11910651741871514,0.013615488032442391
603299.SH,食品,2025-04-15,value_quality_sector_stopfall,1.5810444554322347,9.84,1.4136,836663.8898,105828.44125,11.4312,16.3512,38.2729,-3.3049,20.5816,57.0,0.1632471272423781,0.013909328189856573
600362.SH,铜,2025-04-15,value_quality_sector_stopfall,1.3946965820390618,10.4993,0.9378,7309821.774,954110.2532499998,9.5788,1.4251,54.5368,-0.1848,7.0266,60.0,0.49785765779373103,0.08919458203906183
600866.SH,饲料,2025-04-15,value_quality_sector_stopfall,0.759471680404911,13.2799,1.5074,1149739.0503,210109.85025,8.9173,5.3302,45.7321,0.4788,38.3774,58.0,0.10314869021028761,0.007284323527956715
600368.SH,路桥,2025-04-16,value_quality_sector_stopfall,2.0206396592216773,10.9042,1.1082,761366.2748,590247.89565,10.5996,38.077,29.4146,11.6126,5.6858,60.0,0.047719604800583015,0.01468272108776092
601298.SH,港口,2025-04-16,value_quality_sector_stopfall,1.9823873746862386,11.1597,1.375,5841990.0,275732.61860000005,12.65,30.2638,25.4306,4.2253,6.3286,56.0,0.11508822814791864,0.021945813204986786
601326.SH,港口,2025-04-16,value_quality_sector_stopfall,1.8461553746862387,11.4969,0.9308,1799146.664,80194.5124,8.2902,22.9352,27.2912,-2.6862,2.2006,60.0,0.11508822814791864,0.021945813204986786
601156.SH,仓储物流,2025-04-16,value_quality_sector_stopfall,1.8416714107352694,6.9705,1.1925,2014608.0006,242860.9761,12.5406,13.3158,33.3242,24.1891,24.1357,52.0,0.14154282568849164,0.014344585046777825
601000.SH,港口,2025-04-16,value_quality_sector_stopfall,1.8412900413529054,12.9372,1.2327,2560001.1612,311158.41784999997,9.7134,37.1435,9.8635,-2.0573,2.7963,60.0,0.11508822814791864,0.021945813204986786
603299.SH,食品,2025-04-16,value_quality_sector_stopfall,1.5938381177281467,9.8308,1.4123,835881.961,105904.21310000001,11.4312,16.3512,38.2729,-3.3049,20.5816,57.0,0.17278859992873663,0.015681517799410072
600362.SH,铜,2025-04-16,value_quality_sector_stopfall,1.4058557172386672,10.4098,0.9298,7247492.6447,939148.5560000001,9.5788,1.4251,54.5368,-0.1848,7.0266,60.0,0.4795078043900036,0.0890537172386674
600866.SH,饲料,2025-04-16,value_quality_sector_stopfall,0.7292139868989903,13.3759,1.5183,1158046.4134,218329.77085000003,8.9173,5.3302,45.7321,0.4788,38.3774,57.0,0.08062782484205311,0.0059474953902705074
600368.SH,路桥,2025-04-17,value_quality_sector_stopfall,2.05137369133758,10.6045,1.0777,740440.7747,613742.45835,10.5996,38.077,29.4146,11.6126,5.6858,60.0,0.03931025801258525,0.013512766658328124
601156.SH,仓储物流,2025-04-17,value_quality_sector_stopfall,1.9988992486098331,7.3543,1.1287,1976506.6672,252083.16545000003,16.306,12.7368,26.2098,16.656,8.0063,53.0,0.15079825347044018,0.014054328472726363
601298.SH,港口,2025-04-17,value_quality_sector_stopfall,1.994702912762811,11.0109,1.3566,5764096.8,276757.2034,12.65,30.2638,25.4306,4.2253,6.3286,56.0,0.10679734442832478,0.020365568334486328
601000.SH,港口,2025-04-17,value_quality_sector_stopfall,1.8625855794294779,12.6977,1.2099,2512593.7323,314188.8191,9.7134,37.1435,9.8635,-2.0573,2.7963,60.0,0.10679734442832478,0.020365568334486328
601326.SH,港口,2025-04-17,value_quality_sector_stopfall,1.8405975794294778,11.4612,0.9279,1793559.252,80268.18965,8.2902,22.9352,27.2912,-2.6862,2.2006,60.0,0.10679734442832478,0.020365568334486328
603299.SH,食品,2025-04-17,value_quality_sector_stopfall,1.6175482426015169,9.8584,1.4163,838227.7476,106353.45220000001,11.4312,16.3512,38.2729,-3.3049,20.5816,57.0,0.1993145079053844,0.01737240136279894
600362.SH,铜,2025-04-17,value_quality_sector_stopfall,1.2661547696425377,10.4595,0.9343,7282119.9387,942820.8296,9.5788,1.4251,54.5368,-0.1848,7.0266,60.0,0.06904690631307187,0.08661919666279938
600866.SH,饲料,2025-04-17,value_quality_sector_stopfall,0.7592998517468542,13.2607,1.5052,1148077.5777,221410.33974999998,8.9173,5.3302,45.7321,0.4788,38.3774,56.0,0.10271893321486458,0.006262251865323032
600368.SH,路桥,2025-04-18,value_quality_sector_stopfall,2.0682009873061986,10.4201,1.059,727563.5438,632151.59825,10.5996,38.077,29.4146,11.6126,5.6858,60.0,0.03302184594065638,0.011868474698875309
601156.SH,仓储物流,2025-04-18,value_quality_sector_stopfall,1.9908439368154252,7.1358,1.0952,1917767.1116,261385.9343,16.306,12.7368,26.2098,16.656,8.0063,53.0,0.10761928759000572,0.012277982558752676
601298.SH,港口,2025-04-18,value_quality_sector_stopfall,1.96683790201268,10.9861,1.3536,5751114.6,276469.42480000004,12.65,30.2638,25.4306,4.2253,6.3286,56.0,0.07875965224544523,0.016884916433901553
601000.SH,港口,2025-04-18,value_quality_sector_stopfall,1.8310672353460136,12.6977,1.2099,2512593.7323,311548.62240000005,9.7134,37.1435,9.8635,-2.0573,2.7963,60.0,0.07875965224544523,0.016884916433901553
601326.SH,港口,2025-04-18,value_quality_sector_stopfall,1.8220192353460134,11.3541,0.9192,1776797.016,79837.94965,8.2902,22.9352,27.2912,-2.6862,2.2006,60.0,0.07875965224544523,0.016884916433901553
603299.SH,食品,2025-04-18,value_quality_sector_stopfall,1.5962593958761764,9.7388,1.3991,828062.6723,106456.43660000002,11.4312,16.3512,38.2729,-3.3049,20.5816,57.0,0.1567332800968131,0.019224782446029876
600362.SH,铜,2025-04-18,value_quality_sector_stopfall,1.2505503456319556,10.4943,0.9374,7306359.0446,919193.4337499999,9.5788,1.4251,54.5368,-0.1848,7.0266,60.0,0.0851867083502702,0.05926163728168565
600866.SH,饲料,2025-04-18,value_quality_sector_stopfall,0.7573971802333446,13.1456,1.4922,1138108.742,224278.2998,8.9173,5.3302,45.7321,0.4788,38.3774,56.0,0.08704013612428252,0.0071650441090620465
600368.SH,路桥,2025-04-21,value_quality_sector_stopfall,2.066716647866791,10.397,1.0567,725953.89,638564.5895499999,10.5996,38.077,29.4146,11.6126,5.6858,60.0,0.03027561475332563,0.010057033113465286
601156.SH,仓储物流,2025-04-21,value_quality_sector_stopfall,1.994996177240823,7.1712,1.1006,1927292.445,259545.14244999998,16.306,12.7368,26.2098,16.656,8.0063,53.0,0.1176836376696544,0.012325872904501711
601298.SH,港口,2025-04-21,value_quality_sector_stopfall,1.9799339498347033,10.8125,1.3322,5660239.2,273625.18215,12.65,30.2638,25.4306,4.2253,6.3286,56.0,0.0697775071046125,0.013123109396757426
601000.SH,港口,2025-04-21,value_quality_sector_stopfall,1.8300499498347031,12.6078,1.2013,2494815.9465,309570.16380000004,9.7134,37.1435,9.8635,-2.0573,2.7963,60.0,0.0697775071046125,0.013123109396757426
601326.SH,港口,2025-04-21,value_quality_sector_stopfall,1.8092752831680365,11.3541,0.9192,1776797.016,78213.13105,8.2902,22.9352,27.2912,-2.6862,2.2006,60.0,0.0697775071046125,0.013123109396757426
603299.SH,食品,2025-04-21,value_quality_sector_stopfall,1.6125686426393597,9.7296,1.3978,827280.7434,104478.7119,11.4312,16.3512,38.2729,-3.3049,20.5816,57.0,0.16777480218285024,0.02301250712317615
600362.SH,铜,2025-04-21,value_quality_sector_stopfall,1.2241600849006253,10.8723,0.9711,7569526.4793,919535.68875,9.5788,1.4251,54.5368,-0.1848,7.0266,60.0,0.1286902157079699,0.03703453585932226
600866.SH,饲料,2025-04-21,value_quality_sector_stopfall,0.7391488462772688,13.7597,1.5619,1191275.8657,231678.04254999998,8.9173,5.3302,45.7321,0.4788,38.3774,55.0,0.1123425004250711,0.00975434585219781
601156.SH,仓储物流,2025-04-22,value_quality_sector_stopfall,2.0506610862568184,7.2126,1.107,1938405.3339,264439.04400000005,16.306,12.7368,26.2098,16.656,8.0063,54.0,0.17566821009270384,0.01703287616411453
600368.SH,路桥,2025-04-22,value_quality_sector_stopfall,2.0443135547150364,10.6506,1.0824,743660.0824,660649.02945,10.5996,38.077,29.4146,11.6126,5.6858,60.0,0.04247075825502411,0.009498796460012171
601298.SH,港口,2025-04-22,value_quality_sector_stopfall,2.007488459615699,10.8373,1.3353,5673221.4,272392.6543,12.65,30.2638,25.4306,4.2253,6.3286,56.0,0.10108999199006496,0.013085134292300848
601000.SH,港口,2025-04-22,value_quality_sector_stopfall,1.841804459615699,12.7576,1.2156,2524445.5896,302056.22765,9.7134,37.1435,9.8635,-2.0573,2.7963,60.0,0.10108999199006496,0.013085134292300848
601326.SH,港口,2025-04-22,value_quality_sector_stopfall,1.8276097929490325,11.4612,0.9279,1793559.252,77662.58009999999,8.2902,22.9352,27.2912,-2.6862,2.2006,60.0,0.10108999199006496,0.013085134292300848
600970.SH,建筑工程,2025-04-22,value_quality_sector_stopfall,1.6858420056203218,8.1923,1.1574,2443870.1354,198727.59879999998,14.8374,6.9875,61.2819,0.7172,2.3084,60.0,0.1771790500200492,3.6222669392849127e-06
603299.SH,食品,2025-04-22,value_quality_sector_stopfall,1.5910940164281613,9.8676,1.4176,839009.6764,100969.26670000001,11.4312,16.3512,38.2729,-3.3049,20.5816,57.0,0.16663345463216883,0.025079228462659087
600273.SH,化工原料,2025-04-22,value_quality_sector_stopfall,1.3772460758547673,11.7328,1.169,1182388.426,241802.05789999999,10.0772,10.9839,22.691,4.3225,-14.5713,60.0,0.16729223800815984,0.0022558378466073226
600362.SH,铜,2025-04-22,value_quality_sector_stopfall,1.194458458800277,11.0414,0.9862,7687259.2791,867969.11325,9.5788,1.4251,54.5368,-0.1848,7.0266,60.0,0.14156490282599665,0.01579822264094699
601298.SH,港口,2025-04-23,value_quality_sector_stopfall,2.020229303014129,10.7381,1.323,5621292.6,264732.22705,12.65,30.2638,25.4306,4.2253,6.3286,56.0,0.10008880089007555,0.012013835457386213
601156.SH,仓储物流,2025-04-23,value_quality_sector_stopfall,1.9902750650158882,7.378,1.1324,1982856.8894,277220.7413,16.306,12.7368,26.2098,16.656,8.0063,55.0,0.1409918070790659,0.019283257936822285
601326.SH,港口,2025-04-23,value_quality_sector_stopfall,1.834163969680795,11.3898,0.9221,1782384.428,77019.17335000001,8.2902,22.9352,27.2912,-2.6862,2.2006,60.0,0.10008880089007555,0.012013835457386213
601000.SH,港口,2025-04-23,value_quality_sector_stopfall,1.8319386363474617,12.8175,1.2213,2536297.4468,284122.94185,9.7134,37.1435,9.8635,-2.0573,2.7963,60.0,0.10008880089007555,0.012013835457386213
600970.SH,建筑工程,2025-04-23,value_quality_sector_stopfall,1.6668595704606992,8.3606,1.1812,2494068.549,194207.54035,14.8374,6.9875,61.2819,0.7172,2.3084,60.0,0.18124283731883084,0.004044066475201724
603299.SH,食品,2025-04-23,value_quality_sector_stopfall,1.5532303064565784,9.9136,1.4242,842919.3208,96000.59795,11.4312,16.3512,38.2729,-3.3049,20.5816,57.0,0.13641300698497405,0.024902632804937763
600273.SH,化工原料,2025-04-23,value_quality_sector_stopfall,1.4032051448850933,11.6086,1.1566,1169869.0191,237830.43635,10.0772,10.9839,22.691,4.3225,-14.5713,60.0,0.17357233458758592,0.005388143630840725
002078.SZ,造纸,2025-04-23,value_quality_sector_stopfall,1.0690418683284246,12.6334,1.3692,3917938.2368,190915.46635,11.3464,7.6382,45.4131,2.9895,0.5046,60.0,0.11500862369899734,0.0005972446294273404
601298.SH,港口,2025-04-24,value_quality_sector_stopfall,2.018513937238723,10.6265,1.3093,5562872.7,258532.73185,12.65,30.2638,25.4306,4.2253,6.3286,56.0,0.0846033508803099,0.00921058635841332
601156.SH,仓储物流,2025-04-24,value_quality_sector_stopfall,1.9822588141389013,7.313,1.1224,1965393.7783,279935.4035,16.306,12.7368,26.2098,16.656,8.0063,56.0,0.12231746264126331,0.01894135149763776
601000.SH,港口,2025-04-24,value_quality_sector_stopfall,1.8253766039053898,12.7276,1.2127,2518519.661,275364.74569999997,9.7134,37.1435,9.8635,-2.0573,2.7963,60.0,0.0846033508803099,0.00921058635841332
601326.SH,港口,2025-04-24,value_quality_sector_stopfall,1.8158752705720564,11.3898,0.9221,1782384.428,77219.46674999999,8.2902,22.9352,27.2912,-2.6862,2.2006,60.0,0.0846033508803099,0.00921058635841332
603299.SH,食品,2025-04-24,value_quality_sector_stopfall,1.5579962119186705,9.9595,1.4308,846828.9651,93484.38175,11.4312,16.3512,38.2729,-3.3049,20.5816,57.0,0.15041554219221465,0.02312600305978929
600273.SH,化工原料,2025-04-24,value_quality_sector_stopfall,1.3934851598363673,11.6362,1.1593,1172651.1095,217973.67849999998,10.0772,10.9839,22.691,4.3225,-14.5713,60.0,0.16724269530280544,0.005637797866895333
600420.SH,化学制药,2025-04-24,value_quality_sector_stopfall,1.3115019982441056,12.7976,1.0503,1386772.5635,195763.92005000002,8.4684,12.179,23.2197,-9.382,56.6199,60.0,0.11711496425406343,0.0030577006567087395
600380.SH,化学制药,2025-04-24,value_quality_sector_stopfall,1.3005279982441056,13.9462,1.3778,1933732.229,233303.71850000002,9.8023,19.0963,34.4867,-6.1687,-3.8959,52.0,0.11711496425406343,0.0030577006567087395
002078.SZ,造纸,2025-04-24,value_quality_sector_stopfall,1.049824075981414,12.8587,1.3937,3987801.6148,190702.142,11.3464,7.6382,45.4131,2.9895,0.5046,60.0,0.12425158904957057,0.0034898202651767463
601298.SH,港口,2025-04-25,value_quality_sector_stopfall,2.0270614616341094,10.5397,1.2986,5517435.0,250688.95035,12.65,30.2638,25.4306,4.2253,6.3286,56.0,0.08156695449936824,0.00787450713474147
601156.SH,仓储物流,2025-04-25,value_quality_sector_stopfall,1.9827965829881977,7.3425,1.1269,1973331.5561,281697.49655000004,16.306,12.7368,26.2098,16.656,8.0063,57.0,0.12596591865628715,0.020797330998577168
601000.SH,港口,2025-04-25,value_quality_sector_stopfall,1.813210794967443,12.7875,1.2184,2530371.5182,267077.8133,9.7134,37.1435,9.8635,-2.0573,2.7963,60.0,0.08156695449936824,0.00787450713474147
601326.SH,港口,2025-04-25,value_quality_sector_stopfall,1.8071894616341095,11.4255,0.925,1787971.84,77338.37125,8.2902,22.9352,27.2912,-2.6862,2.2006,60.0,0.08156695449936824,0.00787450713474147
000543.SZ,火力发电,2025-04-25,value_quality_sector_stopfall,1.7166606460790401,8.5244,1.1118,1759085.9449,399691.51625,13.9095,9.9475,65.0069,7.992,44.3559,60.0,0.13794488273980843,0.0002457633392316527
603299.SH,食品,2025-04-25,value_quality_sector_stopfall,1.527155414404955,10.0883,1.4493,857775.9693,89218.89365,11.4312,16.3512,38.2729,-3.3049,20.5816,57.0,0.14157414858786388,0.022046599150424395
600420.SH,化学制药,2025-04-25,value_quality_sector_stopfall,1.2912734796925605,12.7728,1.0482,1384090.2181,190339.67745,8.4684,12.179,23.2197,-9.382,56.6199,60.0,0.09311038122881432,0.00378043179707932
002078.SZ,造纸,2025-04-25,value_quality_sector_stopfall,1.0596472428012143,12.7235,1.379,3945883.588,190763.29605,11.3464,7.6382,45.4131,2.9895,0.5046,60.0,0.11339285176970049,0.0053583910315138095
601298.SH,港口,2025-04-28,value_quality_sector_stopfall,2.0362343621890684,10.5521,1.3001,5523926.1,244381.33880000003,12.65,30.2638,25.4306,4.2253,6.3286,56.0,0.09212108148991005,0.008319947365824865
601156.SH,仓储物流,2025-04-28,value_quality_sector_stopfall,1.9847253171462058,7.183,1.1024,1930467.5561,284961.46025,16.306,12.7368,26.2098,16.656,8.0063,58.0,0.10046524123042744,0.021260075915778387
601000.SH,港口,2025-04-28,value_quality_sector_stopfall,1.8124903621890682,12.8773,1.227,2548149.304,256971.5736,9.7134,37.1435,9.8635,-2.0573,2.7963,60.0,0.09212108148991005,0.008319947365824865
601326.SH,港口,2025-04-28,value_quality_sector_stopfall,1.8009356955224014,11.5683,0.9366,1810321.488,78132.0891,8.2902,22.9352,27.2912,-2.6862,2.2006,60.0,0.09212108148991005,0.008319947365824865
603299.SH,食品,2025-04-28,value_quality_sector_stopfall,1.5218339936116758,9.8768,1.4189,839791.6053,86332.72235,11.4312,16.3512,38.2729,-3.3049,20.5816,57.0,0.1048224561810962,0.019110204097246175
600420.SH,化学制药,2025-04-28,value_quality_sector_stopfall,1.2916406574262476,12.6243,1.0361,1367996.1458,162251.10965,8.4684,12.179,23.2197,-9.382,56.6199,60.0,0.07702584067452811,0.0022654834183859496
002078.SZ,造纸,2025-04-28,value_quality_sector_stopfall,1.044550797586805,12.7145,1.378,3943089.0529,190090.22950000002,11.3464,7.6382,45.4131,2.9895,0.5046,60.0,0.09750534308013892,0.004882787839999292
601298.SH,港口,2025-04-29,value_quality_sector_stopfall,2.002922549690399,10.6513,1.3123,5575854.9,234691.1199,12.65,30.2638,25.4306,4.2253,6.3286,56.0,0.07542374155874554,0.006452141464986516
002078.SZ,造纸,2025-04-29,value_quality_sector_stopfall,1.0536647670823434,12.7505,1.3819,3954267.1934,185913.40420000002,11.3464,7.6382,45.4131,2.9895,0.5046,60.0,0.11192855875247187,0.004573541663204894
002128.SZ,煤炭开采,2025-10-24,value_quality_sector_stopfall,1.6780726202604812,10.8448,1.4737,5487371.9109,328922.5124,11.4643,22.0879,25.1754,2.7208,-6.4031,53.0,0.15012887964829646,0.03856174061218476
600970.SH,建筑工程,2025-10-24,value_quality_sector_stopfall,1.3603273974977432,8.3368,1.1276,2498594.0064,236098.64105000003,9.5846,6.7603,60.7308,3.992,0.6767,60.0,0.05510447232077542,0.004015591843634647
600428.SH,水运,2025-10-24,value_quality_sector_stopfall,1.2520443902547826,11.5728,1.1607,1918000.3561,254114.2823,9.1319,10.6139,57.9238,37.9243,10.5429,60.0,0.06818992721538608,0.010101796372729899
000543.SZ,火力发电,2025-10-27,value_quality_sector_stopfall,1.7367477178370991,8.215,1.1414,1960836.7813,410392.6571,11.5507,13.1051,62.9977,-3.4066,20.4287,60.0,0.12402265406122548,0.022460397109206998
002128.SZ,煤炭开采,2025-10-27,value_quality_sector_stopfall,1.6589677090079216,10.9999,1.4947,5565826.9831,338845.98765,11.4643,22.0879,25.1754,2.7208,-6.4031,53.0,0.15622382334186713,0.03770188566605448
600970.SH,建筑工程,2025-10-27,value_quality_sector_stopfall,1.3292543213639383,8.5643,1.1584,2566761.314,252487.44670000003,9.5846,6.7603,60.7308,3.992,0.6767,60.0,0.05785512968011575,0.005891858350489221
600428.SH,水运,2025-10-27,value_quality_sector_stopfall,1.2522868270122525,11.6556,1.169,1931719.9581,255717.0406,9.1319,10.6139,57.9238,37.9243,10.5429,60.0,0.07949137664532491,0.010096117033594254
600269.SH,路桥,2025-10-28,value_quality_sector_stopfall,2.5188435805099227,7.2502,0.64,1272796.8226,129703.224,8.4486,38.9139,43.0641,-3.5475,41.3481,60.0,0.07898364853686513,0.011929265306390935
000543.SZ,火力发电,2025-10-28,value_quality_sector_stopfall,1.7454585247813394,8.139,1.1308,1942701.8747,473173.19365,11.5507,13.1051,62.9977,-3.4066,20.4287,60.0,0.11912888422997381,0.02393164055136565
002128.SZ,煤炭开采,2025-10-28,value_quality_sector_stopfall,1.673430572718846,10.7607,1.4622,5444782.0145,345851.12225,11.4643,22.0879,25.1754,2.7208,-6.4031,53.0,0.13424590797070524,0.03652933141480763
600461.SH,水务,2025-10-28,value_quality_sector_stopfall,1.5774137444256315,9.8381,1.2242,1181422.7638,105174.53534999999,9.754,18.4993,56.3664,-3.8512,1.1808,60.0,0.03904199622753479,0.0035750815314299356
600970.SH,建筑工程,2025-10-28,value_quality_sector_stopfall,1.3495315632478941,8.4243,1.1395,2524812.2016,253126.69545,9.5846,6.7603,60.7308,3.992,0.6767,60.0,0.05515496374103823,0.0069359328401894516
600428.SH,水运,2025-10-28,value_quality_sector_stopfall,1.2990932224121228,11.5066,1.1541,1907024.6745,246325.35295000003,9.1319,10.6139,57.9238,37.9243,10.5429,60.0,0.10449968349522276,0.012027538916900005
600269.SH,路桥,2025-10-29,value_quality_sector_stopfall,2.5235818420941403,7.1703,0.633,1258784.3805,138174.1255,8.4486,38.9139,43.0641,-3.5475,41.3481,60.0,0.0717035060860427,0.013954336008097812
601298.SH,港口,2025-10-29,value_quality_sector_stopfall,1.9581549866420125,10.1558,1.2277,5569363.8,151251.52015,9.5171,32.274,25.0139,1.8585,6.3339,60.0,0.06281721638946158,0.01017377025255084
000598.SZ,水务,2025-10-29,value_quality_sector_stopfall,1.95046290764577,10.0404,1.0999,2142824.1297,168886.61310000002,9.3734,27.6783,57.6582,5.395,8.4918,60.0,0.04978049525854655,0.005763079053890285
000543.SZ,火力发电,2025-10-29,value_quality_sector_stopfall,1.7293168581016365,8.234,1.144,1965370.508,498741.65819999995,11.5507,13.1051,62.9977,-3.4066,20.4287,60.0,0.11655388058024907,0.02549831085472043
002128.SZ,煤炭开采,2025-10-29,value_quality_sector_stopfall,1.6270710974891465,11.2347,1.5266,5684630.3782,363273.06405,11.4643,22.0879,25.1754,2.7208,-6.4031,52.0,0.1452366698013765,0.03597909435443669
600461.SH,水务,2025-10-29,value_quality_sector_stopfall,1.587113574312437,9.8595,1.2269,1183991.0741,103752.1758,9.754,18.4993,56.3664,-3.8512,1.1808,60.0,0.04978049525854655,0.005763079053890285
600970.SH,建筑工程,2025-10-29,value_quality_sector_stopfall,1.3444511940671702,8.4418,1.1418,2530055.8407,256066.41294999997,9.5846,6.7603,60.7308,3.992,0.6767,60.0,0.05111049923054689,0.008600028169956753
600428.SH,水运,2025-10-29,value_quality_sector_stopfall,1.2677363550617327,11.7715,1.1807,1950927.4008,242758.64304999998,9.1319,10.6139,57.9238,37.9243,10.5429,60.0,0.10624976324372115,0.014313925151344886
600511.SH,医药商业,2025-10-29,value_quality_sector_stopfall,0.9419897847215633,11.1087,1.2382,2234083.3771,152864.85475,8.4858,3.9508,43.258,3.5572,0.7422,60.0,0.03676646031289299,0.0001446577420036732
600269.SH,路桥,2025-10-30,value_quality_sector_stopfall,2.5265958192188833,7.0905,0.6259,1244771.9385,142004.39325,8.4486,38.9139,43.0641,-3.5475,41.3481,60.0,0.06370157231876772,0.014916913566782819
000598.SZ,水务,2025-10-30,value_quality_sector_stopfall,1.9523865045585562,9.9691,1.0922,2127598.2181,174651.16865,9.3734,27.6783,57.6582,5.395,8.4918,60.0,0.04047891518030822,0.007101589378247786
601298.SH,港口,2025-10-30,value_quality_sector_stopfall,1.9512511455414852,10.2387,1.2377,5614801.5,155486.35405,9.5171,32.274,25.0139,1.8585,6.3339,60.0,0.06854667076352317,0.009733808111295428
000543.SZ,火力发电,2025-10-30,value_quality_sector_stopfall,1.7584362474030448,8.0441,1.1176,1920033.2414,520659.52375,11.5507,13.1051,62.9977,-3.4066,20.4287,60.0,0.11500365717245153,0.02590792356392657
002128.SZ,煤炭开采,2025-10-30,value_quality_sector_stopfall,1.6174393725170821,11.2701,1.5315,5702562.9662,370197.30460000003,11.4643,22.0879,25.1754,2.7208,-6.4031,51.0,0.13983851495564847,0.034105524228100315
600461.SH,水务,2025-10-30,value_quality_sector_stopfall,1.5871838378918894,9.806,1.2202,1177570.2982,104403.9474,9.754,18.4993,56.3664,-3.8512,1.1808,60.0,0.04047891518030822,0.007101589378247786
600970.SH,建筑工程,2025-10-30,value_quality_sector_stopfall,1.3376569402417404,8.3981,1.1359,2516946.743,261738.50525,9.5846,6.7603,60.7308,3.992,0.6767,60.0,0.03716390411337933,0.008905702795027448
600273.SH,化工原料,2025-10-30,value_quality_sector_stopfall,1.2148560740646634,11.1573,1.152,1160131.9913,113149.08445000001,8.1514,10.6257,25.9105,9.3295,4.0517,60.0,0.04170349847865373,0.004726575586009529
600428.SH,水运,2025-10-30,value_quality_sector_stopfall,1.2129750383100175,12.1523,1.2189,2014037.5699,258753.76155,9.1319,10.6139,57.9238,37.9243,10.5429,60.0,0.10096907999887716,0.01568662497780715
600511.SH,医药商业,2025-10-30,value_quality_sector_stopfall,0.9405093739269172,11.1424,1.242,2240873.9041,159129.23304999998,8.4858,3.9508,43.258,3.5572,0.7422,60.0,0.038098978047673926,0.0021117292125767406
600269.SH,路桥,2025-10-31,value_quality_sector_stopfall,2.524186652956715,7.1171,0.6283,1249442.7525,146054.277,8.4486,38.9139,43.0641,-3.5475,41.3481,60.0,0.06410057859745089,0.01548207435926452
000598.SZ,水务,2025-10-31,value_quality_sector_stopfall,1.967268910311571,9.8712,1.0814,2106710.157,180167.4984,9.3734,27.6783,57.6582,5.395,8.4918,60.0,0.04048125625786758,0.008254987387036783
601298.SH,港口,2025-10-31,value_quality_sector_stopfall,1.9551077665510712,10.1085,1.222,5543399.4,161225.42015,9.5171,32.274,25.0139,1.8585,6.3339,60.0,0.05356088654970326,0.009429546668034527
000543.SZ,火力发电,2025-10-31,value_quality_sector_stopfall,1.781351881406074,7.7781,1.0807,1856561.0681,539160.0532000001,11.5507,13.1051,62.9977,-3.4066,20.4287,60.0,0.09555625869243989,0.025937622713633868
002128.SZ,煤炭开采,2025-10-31,value_quality_sector_stopfall,1.604724973208023,11.1948,1.5212,5664456.2168,374856.56145000004,11.4643,22.0879,25.1754,2.7208,-6.4031,50.0,0.12472816426510214,0.031481475609587584
600461.SH,水务,2025-10-31,value_quality_sector_stopfall,1.5899195769782377,9.7953,1.2189,1176286.143,103668.5562,9.754,18.4993,56.3664,-3.8512,1.1808,60.0,0.04048125625786758,0.008254987387036783
002034.SZ,环境保护,2025-10-31,value_quality_sector_stopfall,1.552074123727502,12.3641,1.0815,741680.3342,62897.939,8.0085,21.8098,49.4313,5.1838,7.6122,60.0,0.03923445919606805,0.010779664531433752
601019.SH,出版业,2025-10-31,value_quality_sector_stopfall,1.4303246098242808,11.2987,1.1308,1744648.4,108160.89794999998,8.1575,14.8396,33.4103,-1.7473,28.276,58.0,0.10378007051284643,0.012704539311434226
600897.SH,机场,2025-10-31,value_quality_sector_stopfall,1.4172759534243415,15.8903,1.4963,705869.262,136713.62335,8.3683,27.0,17.21,7.2128,3.5294,54.0,0.15091247551389886,0.029164811243776123
600970.SH,建筑工程,2025-10-31,value_quality_sector_stopfall,1.3510182871408865,8.3281,1.1265,2495972.1868,265012.81149999995,9.5846,6.7603,60.7308,3.992,0.6767,60.0,0.03872987280466211,0.00976774766955768
600273.SH,化工原料,2025-10-31,value_quality_sector_stopfall,1.2335862604699253,11.1312,1.1493,1157418.2323,115240.48325,8.1514,10.6257,25.9105,9.3295,4.0517,60.0,0.05534561468517096,0.006274645784754229
600428.SH,水运,2025-10-31,value_quality_sector_stopfall,1.2310416659843209,12.0529,1.2089,1997574.0476,266470.78745,9.1319,10.6139,57.9238,37.9243,10.5429,60.0,0.10402385633246913,0.01740514298518514
600968.SH,石油开采,2025-10-31,value_quality_sector_stopfall,1.171699162495455,10.3771,1.3853,3964390.6376,207758.2357,10.2284,8.6152,39.2962,0.8091,6.1106,45.0,0.07111596877227844,0.019613860389843252
600511.SH,医药商业,2025-10-31,value_quality_sector_stopfall,0.9587465641717494,11.1724,1.2453,2246909.928,160647.038,8.4858,3.9508,43.258,3.5572,0.7422,60.0,0.057160169025067153,0.005487728480015663
600269.SH,路桥,2025-11-03,value_quality_sector_stopfall,2.522693602864229,7.2369,0.6388,1270461.4156,150524.59040000002,8.4486,38.9139,43.0641,-3.5475,41.3481,60.0,0.07685843513444857,0.016217834396447195
000598.SZ,水务,2025-11-03,value_quality_sector_stopfall,1.9631041953641435,9.997,1.0952,2133566.2355,178078.0615,9.3734,27.6783,57.6582,5.395,8.4918,60.0,0.05272563968151012,0.009432555682633126
601298.SH,港口,2025-11-03,value_quality_sector_stopfall,1.9491777983958356,10.215,1.2349,5601819.3,165582.17765,9.5171,32.274,25.0139,1.8585,6.3339,60.0,0.0624190349272884,0.010341430135214047
000543.SZ,火力发电,2025-11-03,value_quality_sector_stopfall,1.755487235817058,7.8826,1.0952,1881496.5647,553534.88065,11.5507,13.1051,62.9977,-3.4066,20.4287,60.0,0.08728555103623759,0.024977018114153537
002128.SZ,煤炭开采,2025-11-03,value_quality_sector_stopfall,1.607253733558712,11.496,1.5622,5816883.2143,386824.9812,11.4643,22.0879,25.1754,2.7208,-6.4031,49.0,0.14798577527213208,0.03083262495324668
600461.SH,水务,2025-11-03,value_quality_sector_stopfall,1.5937281953641433,9.8595,1.2269,1183991.0741,107014.84354999999,9.754,18.4993,56.3664,-3.8512,1.1808,60.0,0.05272563968151012,0.009432555682633126
600897.SH,机场,2025-11-03,value_quality_sector_stopfall,1.4633910756406112,15.5899,1.468,692527.374,144238.3189,8.3683,27.0,17.21,7.2128,3.5294,53.0,0.1729085573388336,0.03441718496844426
601019.SH,出版业,2025-11-03,value_quality_sector_stopfall,1.4283085844115078,11.542,1.1552,1782212.6,143646.3677,8.1575,14.8396,33.4103,-1.7473,28.276,58.0,0.13062554711981766,0.016329703958356756
600970.SH,建筑工程,2025-11-03,value_quality_sector_stopfall,1.3629509149834127,8.2931,1.1217,2485484.9088,273606.53365,9.5846,6.7603,60.7308,3.992,0.6767,60.0,0.0444359313034719,0.010460983679940972
600428.SH,水运,2025-11-03,value_quality_sector_stopfall,1.2582549067330178,11.8542,1.189,1964647.0028,275651.15270000004,9.1319,10.6139,57.9238,37.9243,10.5429,60.0,0.10257634305383512,0.019552563679182677
600273.SH,化工原料,2025-11-03,value_quality_sector_stopfall,1.230756820183516,11.1834,1.1547,1162845.7504,116757.11045000001,8.1514,10.6257,25.9105,9.3295,4.0517,60.0,0.05799254613392124,0.007878274049594847
600968.SH,石油开采,2025-11-03,value_quality_sector_stopfall,1.2063888776657228,10.4303,1.3925,3984720.846,213520.29805,10.2284,8.6152,39.2962,0.8091,6.1106,46.0,0.11258101015539079,0.021185200843665486
600511.SH,医药商业,2025-11-03,value_quality_sector_stopfall,0.9710950391067497,11.1987,1.2483,2252191.449,165434.56754999998,8.4858,3.9508,43.258,3.5572,0.7422,60.0,0.06988331421931937,0.008866391554096964
600269.SH,路桥,2025-11-04,value_quality_sector_stopfall,2.5292075432437544,7.33,0.6471,1286809.2647,155854.84515,8.4486,38.9139,43.0641,-3.5475,41.3481,60.0,0.09474648955327858,0.01658372035714284
000598.SZ,水务,2025-11-04,value_quality_sector_stopfall,1.957899852377992,10.0809,1.1044,2151470.2878,176696.5541,9.3734,27.6783,57.6582,5.395,8.4918,60.0,0.05832087645641737,0.010359642588241513
601298.SH,港口,2025-11-04,value_quality_sector_stopfall,1.9410572316199157,10.3097,1.2463,5653748.1,168699.97675,9.5171,32.274,25.0139,1.8585,6.3339,60.0,0.06831024505950878,0.010242986560407008
000543.SZ,火力发电,2025-11-04,value_quality_sector_stopfall,1.7608864247530656,7.8446,1.0899,1872429.1114,560014.0874,11.5507,13.1051,62.9977,-3.4066,20.4287,60.0,0.08770665899198415,0.023888432427748185
002128.SZ,煤炭开采,2025-11-04,value_quality_sector_stopfall,1.6143448359162365,11.4163,1.5513,5776534.8915,396827.10565,11.4643,22.0879,25.1754,2.7208,-6.4031,48.0,0.14925798950808566,0.03133817974148401
600461.SH,水务,2025-11-04,value_quality_sector_stopfall,1.5810971857113256,9.9878,1.2428,1199400.9363,112397.34615,9.754,18.4993,56.3664,-3.8512,1.1808,60.0,0.05832087645641737,0.010359642588241513
600897.SH,机场,2025-11-04,value_quality_sector_stopfall,1.4728784800566381,16.6318,1.5661,738807.048,170034.52715,8.3683,27.0,17.21,7.2128,3.5294,52.0,0.2041004965431834,0.03814648005663823
601019.SH,出版业,2025-11-04,value_quality_sector_stopfall,1.4081369550178218,11.7312,1.1741,1811429.2,164040.14635,8.1575,14.8396,33.4103,-1.7473,28.276,58.0,0.1326896171186398,0.01930733789918193
600970.SH,建筑工程,2025-11-04,value_quality_sector_stopfall,1.3716042709282148,8.1881,1.1075,2454023.0745,281738.25635000004,9.5846,6.7603,60.7308,3.992,0.6767,60.0,0.036893032434839546,0.010190571826708794
600428.SH,水运,2025-11-04,value_quality_sector_stopfall,1.2950722216436856,11.6887,1.1724,1937207.7989,281884.21554999996,9.1319,10.6139,57.9238,37.9243,10.5429,60.0,0.11616711252444545,0.020679109119240202
600273.SH,化工原料,2025-11-04,value_quality_sector_stopfall,1.2301593023828967,11.1181,1.148,1156061.3527,120110.23020000002,8.1514,10.6257,25.9105,9.3295,4.0517,60.0,0.048458950110410015,0.007994352272486571
600968.SH,石油开采,2025-11-04,value_quality_sector_stopfall,1.207483380817918,10.3771,1.3853,3964390.6376,218193.10950000002,10.2284,8.6152,39.2962,0.8091,6.1106,47.0,0.10459379108348532,0.021920256401099403
000404.SZ,家用电器,2025-11-04,value_quality_sector_stopfall,1.1092408160026601,10.7892,1.1523,489981.1692,100002.94105,9.0816,5.618,62.8327,-3.4887,1.0455,60.0,0.04552509544580152,0.0006650538901920022
600511.SH,医药商业,2025-11-04,value_quality_sector_stopfall,0.9870113928161222,11.1312,1.2407,2238610.3951,167734.1818,8.4858,3.9508,43.258,3.5572,0.7422,60.0,0.07367672628400412,0.011422666532117987
600269.SH,路桥,2025-11-05,value_quality_sector_stopfall,2.532200344936494,7.2901,0.6435,1279803.0437,159461.8293,8.4486,38.9139,43.0641,-3.5475,41.3481,60.0,0.0913169339073796,0.017946077695780938
000598.SZ,水务,2025-11-05,value_quality_sector_stopfall,1.960443084317973,10.0809,1.1044,2151470.2878,176626.55115,9.3734,27.6783,57.6582,5.395,8.4918,60.0,0.059758703838672655,0.011465047145967189
601298.SH,港口,2025-11-05,value_quality_sector_stopfall,1.9479618710051678,10.2387,1.2377,5614801.5,167619.8363,9.5171,32.274,25.0139,1.8585,6.3339,60.0,0.06275612336873082,0.01223508096977044
000543.SZ,火力发电,2025-11-05,value_quality_sector_stopfall,1.7376607619755051,7.8636,1.0926,1876962.8381,569679.01485,11.5507,13.1051,62.9977,-3.4066,20.4287,60.0,0.0679322241041429,0.023503871204695326
002128.SZ,煤炭开采,2025-11-05,value_quality_sector_stopfall,1.6094529775108448,11.2568,1.5297,5695838.2457,404252.5277,11.4643,22.0879,25.1754,2.7208,-6.4031,47.0,0.13267404533745508,0.03239693217338968
600461.SH,水务,2025-11-05,value_quality_sector_stopfall,1.5804137509846399,10.0092,1.2455,1201969.2466,115024.98125,9.754,18.4993,56.3664,-3.8512,1.1808,60.0,0.059758703838672655,0.011465047145967189
002034.SZ,环境保护,2025-11-05,value_quality_sector_stopfall,1.5032618386774852,12.668,1.108,759907.7035,68694.36815,8.0085,21.8098,49.4313,5.1838,7.6122,60.0,0.032037396387386785,0.007091108956765124
600897.SH,机场,2025-11-05,value_quality_sector_stopfall,1.4754348405490874,16.2188,1.5272,720461.952,191466.81824999998,8.3683,27.0,17.21,7.2128,3.5294,51.0,0.208178383558143,0.04070284054908746
601019.SH,出版业,2025-11-05,value_quality_sector_stopfall,1.3907224857598752,11.8934,1.1904,1836472.0,180130.89035,8.1575,14.8396,33.4103,-1.7473,28.276,58.0,0.13413017177369135,0.02213231398618376
600970.SH,建筑工程,2025-11-05,value_quality_sector_stopfall,1.3813840616003192,8.1531,1.1028,2443535.7964,280688.1709,9.5846,6.7603,60.7308,3.992,0.6767,60.0,0.04154984232769188,0.009846885939293948
601156.SH,仓储物流,2025-11-05,value_quality_sector_stopfall,1.3651023271282814,9.7801,1.346,2563902.2229,152704.74945,10.9468,13.1869,32.3788,-2.4036,-3.1926,60.0,0.03698480341691224,2.2190378035968905e-05
600428.SH,水运,2025-11-05,value_quality_sector_stopfall,1.2865725112915067,11.7715,1.1807,1950927.4008,284272.72905,9.1319,10.6139,57.9238,37.9243,10.5429,60.0,0.11658930273475776,0.02281054189008236
600273.SH,化工原料,2025-11-05,value_quality_sector_stopfall,1.2432263418737803,11.1964,1.156,1164202.6299,119977.46395,8.1514,10.6257,25.9105,9.3295,4.0517,60.0,0.07234856611244789,0.0077251090946657275
600968.SH,石油开采,2025-11-05,value_quality_sector_stopfall,1.1953267768136573,10.4037,1.3889,3974555.7418,221640.3887,10.2284,8.6152,39.2962,0.8091,6.1106,48.0,0.09604801291892495,0.02248276389473247
000404.SZ,家用电器,2025-11-05,value_quality_sector_stopfall,1.108744161751341,10.8658,1.1605,493461.1491,100932.33499999999,9.0816,5.618,62.8327,-3.4887,1.0455,60.0,0.05499999236909647,0.0012668360489112018
600511.SH,医药商业,2025-11-05,value_quality_sector_stopfall,0.9992781264210516,11.1124,1.2386,2234837.8801,166232.39740000002,8.4858,3.9508,43.258,3.5572,0.7422,60.0,0.0811410964130348,0.013571696674683498
002078.SZ,造纸,2025-11-05,value_quality_sector_stopfall,0.9309238097557085,12.7626,1.3299,4010157.8958,230665.61195,8.5067,8.6608,47.6651,-6.5834,1.6621,60.0,0.03543910723152188,0.003963369190853383
600269.SH,路桥,2025-11-06,value_quality_sector_stopfall,2.518012844351376,7.33,0.6471,1286809.2647,161340.33375000002,8.4486,38.9139,43.0641,-3.5475,41.3481,60.0,0.08026034245673253,0.019875168561310552
000598.SZ,水务,2025-11-06,value_quality_sector_stopfall,1.9502963816177727,10.1508,1.1121,2166390.3314,176739.83899999998,9.3734,27.6783,57.6582,5.395,8.4918,60.0,0.05783645476904309,0.013033926848729616
601298.SH,港口,2025-11-06,value_quality_sector_stopfall,1.9286424408618434,10.2624,1.2406,5627783.7,164492.7188,9.5171,32.274,25.0139,1.8585,6.3339,60.0,0.04555822390031139,0.01362688362819875
000543.SZ,火力发电,2025-11-06,value_quality_sector_stopfall,1.6988765742096563,8.0061,1.1124,1910965.788,555689.4531500001,11.5507,13.1051,62.9977,-3.4066,20.4287,60.0,0.05338089460741591,0.021971012935573908
600461.SH,水务,2025-11-06,value_quality_sector_stopfall,1.5816403816177729,9.9985,1.2442,1200685.0914,113878.20590000002,9.754,18.4993,56.3664,-3.8512,1.1808,60.0,0.05783645476904309,0.013033926848729616
002128.SZ,煤炭开采,2025-11-06,value_quality_sector_stopfall,1.5506223287275485,11.9125,1.6188,6027591.1227,418528.07025,11.4643,22.0879,25.1754,2.7208,-6.4031,46.0,0.11727308088244759,0.03268058117843409
002034.SZ,环境保护,2025-11-06,value_quality_sector_stopfall,1.5078884805943646,12.639,1.1055,758171.7636,69064.209,8.0085,21.8098,49.4313,5.1838,7.6122,60.0,0.03296875675638189,0.00718639050464942
600897.SH,机场,2025-11-06,value_quality_sector_stopfall,1.4688605208114907,15.7683,1.4848,700449.12,205872.16124999998,8.3683,27.0,17.21,7.2128,3.5294,50.0,0.18047857890270702,0.043516608575450366
601019.SH,出版业,2025-11-06,value_quality_sector_stopfall,1.4091521732219865,11.6771,1.1687,1803081.6,188381.18485000002,8.1575,14.8396,33.4103,-1.7473,28.276,58.0,0.12005300784258477,0.025752498712735106
600970.SH,建筑工程,2025-11-06,value_quality_sector_stopfall,1.3592470219099932,8.3106,1.1241,2490728.5478,281730.41870000004,9.5846,6.7603,60.7308,3.992,0.6767,60.0,0.04328743982956218,0.010672248747097823
601156.SH,仓储物流,2025-11-06,value_quality_sector_stopfall,1.3365431473961036,9.9618,1.371,2611528.8896,151431.8184,10.9468,13.1869,32.3788,-2.4036,-3.1926,60.0,0.03488802014440329,0.002339793918366917
600428.SH,水运,2025-11-06,value_quality_sector_stopfall,1.2349042703639446,11.937,1.1973,1978366.6048,284442.91265,9.1319,10.6139,57.9238,37.9243,10.5429,60.0,0.08534330118946287,0.024488302507815085
600273.SH,化工原料,2025-11-06,value_quality_sector_stopfall,1.224980373341433,11.4183,1.179,1187269.5818,124526.7389,8.1514,10.6257,25.9105,9.3295,4.0517,60.0,0.08301151051987943,0.008942862821553543
600968.SH,石油开采,2025-11-06,value_quality_sector_stopfall,1.1832937137651858,10.5101,1.4031,4015216.1586,223077.94150000002,10.2284,8.6152,39.2962,0.8091,6.1106,49.0,0.09905867413574443,0.023999039629441388
000404.SZ,家用电器,2025-11-06,value_quality_sector_stopfall,1.107830925666476,10.9271,1.167,496245.133,99904.72339999999,9.0816,5.618,62.8327,-3.4887,1.0455,60.0,0.06062876899504954,0.0031448233380930724
600511.SH,医药商业,2025-11-06,value_quality_sector_stopfall,0.9994518932666132,11.1387,1.2416,2240119.4011,168365.79275,8.4858,3.9508,43.258,3.5572,0.7422,60.0,0.08253047652625156,0.016109416740361704
002078.SZ,造纸,2025-11-06,value_quality_sector_stopfall,0.931455180311618,12.7981,1.3336,4021336.0362,227685.13645000002,8.5067,8.6608,47.6651,-6.5834,1.6621,60.0,0.0393239806310266,0.00544319968059126
600269.SH,路桥,2025-11-07,value_quality_sector_stopfall,2.5110482399267444,7.3167,0.6459,1284473.8577,160561.13035,8.4486,38.9139,43.0641,-3.5475,41.3481,60.0,0.07100768790925671,0.02047655201748766
000598.SZ,水务,2025-11-07,value_quality_sector_stopfall,1.9549282225862759,10.1229,1.109,2160422.314,172861.32205000002,9.3734,27.6783,57.6582,5.395,8.4918,60.0,0.05770224176884442,0.01387331415076476
000543.SZ,火力发电,2025-11-07,value_quality_sector_stopfall,1.7088774422425739,7.9396,1.1031,1895097.7447,527542.00075,11.5507,13.1051,62.9977,-3.4066,20.4287,60.0,0.054937159541109004,0.01978228270146465
600461.SH,水务,2025-11-07,value_quality_sector_stopfall,1.587152222586276,9.9664,1.2402,1196832.6259,113268.52679999999,9.754,18.4993,56.3664,-3.8512,1.1808,60.0,0.05770224176884442,0.01387331415076476
002128.SZ,煤炭开采,2025-11-07,value_quality_sector_stopfall,1.5544467819365826,11.9612,1.6254,6052248.4311,420733.04835,11.4643,22.0879,25.1754,2.7208,-6.4031,45.0,0.12405995621226795,0.03296482572431447
002034.SZ,环境保护,2025-11-07,value_quality_sector_stopfall,1.4886480726113998,12.8271,1.122,769455.3731,69716.6292,8.0085,21.8098,49.4313,5.1838,7.6122,60.0,0.0382991604981433,0.006155578779923232
600897.SH,机场,2025-11-07,value_quality_sector_stopfall,1.4813449628506061,15.6744,1.476,696279.78,214080.4613,8.3683,27.0,17.21,7.2128,3.5294,49.0,0.1862680393465055,0.044344923504100686
601019.SH,出版业,2025-11-07,value_quality_sector_stopfall,1.4106981803274006,11.6366,1.1647,1796820.9,195588.87834999998,8.1575,14.8396,33.4103,-1.7473,28.276,58.0,0.11549181597874725,0.026493031015319968
600970.SH,建筑工程,2025-11-07,value_quality_sector_stopfall,1.344331775563585,8.3981,1.1359,2516946.743,284595.3567,9.5846,6.7603,60.7308,3.992,0.6767,60.0,0.04260710659906297,0.01013733563118846
601156.SH,仓储物流,2025-11-07,value_quality_sector_stopfall,1.289736814568629,10.2585,1.4118,2689319.1119,155425.40350000001,10.9468,13.1869,32.3788,-2.4036,-3.1926,60.0,0.034794941098356125,0.002606540136939506
600428.SH,水运,2025-11-07,value_quality_sector_stopfall,1.200887675530908,12.1191,1.2155,2008549.7291,281803.5054,9.1319,10.6139,57.9238,37.9243,10.5429,60.0,0.07571150635704038,0.024376835840534294
600273.SH,化工原料,2025-11-07,value_quality_sector_stopfall,1.1851219354925082,11.9141,1.2302,1238831.0036,144412.23820000002,8.1514,10.6257,25.9105,9.3295,4.0517,60.0,0.10916433683305393,0.010118265326120923
600968.SH,石油开采,2025-11-07,value_quality_sector_stopfall,1.1664932576118385,10.6166,1.4173,4055876.5754,223293.86624999996,10.2284,8.6152,39.2962,0.8091,6.1106,50.0,0.09864048231023559,0.024183441968269603
000404.SZ,家用电器,2025-11-07,value_quality_sector_stopfall,1.1067964904943979,10.8965,1.1638,494853.1411,97489.1158,9.0816,5.618,62.8327,-3.4887,1.0455,60.0,0.05478972036810692,0.0037761034596242027
600511.SH,医药商业,2025-11-07,value_quality_sector_stopfall,1.0029849761545075,11.2212,1.2508,2256718.467,171287.69835,8.4858,3.9508,43.258,3.5572,0.7422,60.0,0.09602575724893336,0.0177805522389074
002078.SZ,造纸,2025-11-07,value_quality_sector_stopfall,0.8891567016011629,13.0827,1.3632,4110761.16,228869.88665,8.5067,8.6608,47.6651,-6.5834,1.6621,60.0,0.035573107626928335,0.005602260640901191
600269.SH,路桥,2025-11-10,value_quality_sector_stopfall,2.503420172603601,7.3433,0.6482,1289144.6717,158851.79575,8.4486,38.9139,43.0641,-3.5475,41.3481,60.0,0.06628638646777629,0.020876452802491396
000598.SZ,水务,2025-11-10,value_quality_sector_stopfall,1.9532088763490936,10.0949,1.1059,2154454.2966,172467.66164999997,9.3734,27.6783,57.6582,5.395,8.4918,60.0,0.05164150339099649,0.01428137295809706
000543.SZ,火力发电,2025-11-10,value_quality_sector_stopfall,1.7179292695268922,7.9206,1.1005,1890564.0181,511547.5549500001,11.5507,13.1051,62.9977,-3.4066,20.4287,60.0,0.06223876758450908,0.018532501942383206
600461.SH,水务,2025-11-10,value_quality_sector_stopfall,1.5735328763490937,10.0199,1.2468,1203253.4018,112653.4875,9.754,18.4993,56.3664,-3.8512,1.1808,60.0,0.05164150339099649,0.01428137295809706
000600.SZ,火力发电,2025-11-10,value_quality_sector_stopfall,1.5430146028602256,9.6069,1.3656,1612091.5321,544275.25795,13.6045,14.0677,57.3426,-3.726,231.7949,45.0,0.06223876758450908,0.018532501942383206
002034.SZ,环境保护,2025-11-10,value_quality_sector_stopfall,1.498923377096965,12.7475,1.115,764681.5383,68604.75375,8.0085,21.8098,49.4313,5.1838,7.6122,60.0,0.04001210348902973,0.004744606941268659
600897.SH,机场,2025-11-10,value_quality_sector_stopfall,1.4623215128372762,16.1812,1.5237,718794.216,225476.34055,8.3683,27.0,17.21,7.2128,3.5294,48.0,0.1828811937439807,0.044708319093295534
601019.SH,出版业,2025-11-10,value_quality_sector_stopfall,1.3852965746517782,11.8123,1.1822,1823950.6,200179.53350000002,8.1575,14.8396,33.4103,-1.7473,28.276,58.0,0.11401189298648817,0.02595134833195667
600970.SH,建筑工程,2025-11-10,value_quality_sector_stopfall,1.338610776077463,8.468,1.1454,2537921.2992,276183.63344999996,9.5846,6.7603,60.7308,3.992,0.6767,60.0,0.04848627661641114,0.009530499461051667
601156.SH,仓储物流,2025-11-10,value_quality_sector_stopfall,1.276154543287438,10.3917,1.4302,2724245.3341,152617.92609999998,10.9468,13.1869,32.3788,-2.4036,-3.1926,60.0,0.042634730182989244,0.0023311464377819835
600273.SH,化工原料,2025-11-10,value_quality_sector_stopfall,1.2140707376394024,11.8228,1.2207,1229332.8469,153785.3818,8.1514,10.6257,25.9105,9.3295,4.0517,60.0,0.12414344399759036,0.011667960308478609
600428.SH,水运,2025-11-10,value_quality_sector_stopfall,1.1903088389519432,12.2681,1.2305,2033245.0127,276934.91185000003,9.1319,10.6139,57.9238,37.9243,10.5429,60.0,0.0857462811440921,0.023696557807851182
600968.SH,石油开采,2025-11-10,value_quality_sector_stopfall,1.1677778205297478,10.6166,1.4173,4055876.5754,220741.72955,10.2284,8.6152,39.2962,0.8091,6.1106,51.0,0.10065520584804566,0.02345328134836877
000404.SZ,家用电器,2025-11-10,value_quality_sector_stopfall,1.1012428074033638,10.9578,1.1703,497637.125,96335.41040000001,9.0816,5.618,62.8327,-3.4887,1.0455,60.0,0.057432364163774174,0.003999776572922942
600511.SH,医药商业,2025-11-10,value_quality_sector_stopfall,1.0022244543860652,11.3638,1.2667,2285389.5809,176698.57545,8.4858,3.9508,43.258,3.5572,0.7422,60.0,0.11328718227097934,0.01986527211508582
002078.SZ,造纸,2025-11-10,value_quality_sector_stopfall,0.8322459617881944,13.5719,1.4142,4264460.5916,240594.011,8.5067,8.6608,47.6651,-6.5834,1.6621,60.0,0.045100239002581644,0.005777722785612616
600269.SH,路桥,2025-11-11,value_quality_sector_stopfall,2.5010566500202174,7.3965,0.6529,1298486.2998,157752.98924999998,8.4486,38.9139,43.0641,-3.5475,41.3481,60.0,0.07133644105044223,0.020142875636442348
000598.SZ,水务,2025-11-11,value_quality_sector_stopfall,1.9538999714667753,10.1368,1.1105,2163406.3227,173040.9183,9.3734,27.6783,57.6582,5.395,8.4918,60.0,0.05802720205477474,0.014446769412000293
000543.SZ,火力发电,2025-11-11,value_quality_sector_stopfall,1.7168469667393698,7.8731,1.0939,1879229.7014,481858.24795000005,11.5507,13.1051,62.9977,-3.4066,20.4287,60.0,0.05502420285903287,0.01709809721367006
600461.SH,水务,2025-11-11,value_quality_sector_stopfall,1.562443971466775,10.1375,1.2615,1217379.1087,110235.05015,9.754,18.4993,56.3664,-3.8512,1.1808,60.0,0.05802720205477474,0.014446769412000293
000600.SZ,火力发电,2025-11-11,value_quality_sector_stopfall,1.543012300072703,9.5532,1.358,1603075.3603,526991.9798999999,13.6045,14.0677,57.3426,-3.726,231.7949,46.0,0.05502420285903287,0.01709809721367006
002034.SZ,环境保护,2025-11-11,value_quality_sector_stopfall,1.496475651012899,12.8127,1.1207,768587.4031,65511.96455,8.0085,21.8098,49.4313,5.1838,7.6122,60.0,0.045758134498320446,0.004697516514578615
600897.SH,机场,2025-11-11,value_quality_sector_stopfall,1.4511596558724444,15.8152,1.4892,702533.79,231423.37039999999,8.3683,27.0,17.21,7.2128,3.5294,47.0,0.1659434689919168,0.04328418688052782
601019.SH,出版业,2025-11-11,value_quality_sector_stopfall,1.4052384781543032,11.6771,1.1687,1803081.6,200987.38830000002,8.1575,14.8396,33.4103,-1.7473,28.276,58.0,0.11629706558257125,0.025594745905065386
600970.SH,建筑工程,2025-11-11,value_quality_sector_stopfall,1.350637322478995,8.4068,1.1371,2519568.5626,265553.63564999995,9.5846,6.7603,60.7308,3.992,0.6767,60.0,0.050808121884234225,0.00962186726142722
601156.SH,仓储物流,2025-11-11,value_quality_sector_stopfall,1.2921281928125774,10.3191,1.4202,2705194.6674,151695.18785000002,10.9468,13.1869,32.3788,-2.4036,-3.1926,60.0,0.04678239247111193,0.002650467008132207
600273.SH,化工原料,2025-11-11,value_quality_sector_stopfall,1.232944278589121,11.8489,1.2234,1232046.606,154436.11724999998,8.1514,10.6257,25.9105,9.3295,4.0517,60.0,0.14197397884813423,0.016250966407653333
600968.SH,石油开采,2025-11-11,value_quality_sector_stopfall,1.1759810480572905,10.59,1.4138,4045711.4712,216906.69504999998,10.2284,8.6152,39.2962,0.8091,6.1106,52.0,0.1049044687127565,0.023300579344534
600428.SH,水运,2025-11-11,value_quality_sector_stopfall,1.168246662796137,12.4006,1.2438,2055196.3759,273285.6518,9.1319,10.6139,57.9238,37.9243,10.5429,60.0,0.08385735405147154,0.021223308744665603
000404.SZ,家用电器,2025-11-11,value_quality_sector_stopfall,1.0918726360021276,11.0804,1.1834,503205.0928,98215.65355,9.0816,5.618,62.8327,-3.4887,1.0455,60.0,0.0631063259314677,0.0058623100706598485
600511.SH,医药商业,2025-11-11,value_quality_sector_stopfall,1.0229653607774902,11.3638,1.2667,2285389.5809,177239.28925,8.4858,3.9508,43.258,3.5572,0.7422,60.0,0.13114325398148585,0.02275010679600431
002078.SZ,造纸,2025-11-11,value_quality_sector_stopfall,0.8280195523162116,13.6164,1.4188,4278433.2672,237187.83325,8.5067,8.6608,47.6651,-6.5834,1.6621,60.0,0.04655392593047769,0.006130959719067297
600269.SH,路桥,2025-11-12,value_quality_sector_stopfall,2.4941830423026734,7.3832,0.6518,1296150.8928,156316.39505,8.4486,38.9139,43.0641,-3.5475,41.3481,60.0,0.06423208107318001,0.01875362789616064
000598.SZ,水务,2025-11-12,value_quality_sector_stopfall,1.9482051697547065,10.1508,1.1121,2166390.3314,170284.3135,9.3734,27.6783,57.6582,5.395,8.4918,60.0,0.05528069569164051,0.013498474063065924
000543.SZ,火力发电,2025-11-12,value_quality_sector_stopfall,1.7107348505190665,7.8161,1.086,1865628.5214,467155.5022,11.5507,13.1051,62.9977,-3.4066,20.4287,60.0,0.043390556476526676,0.013552960709206419
000600.SZ,火力发电,2025-11-12,value_quality_sector_stopfall,1.5573468505190664,9.3705,1.332,1572420.3759,482889.04405,13.6045,14.0677,57.3426,-3.726,231.7949,47.0,0.043390556476526676,0.013552960709206419
600461.SH,水务,2025-11-12,value_quality_sector_stopfall,1.5411691697547065,10.2552,1.2761,1231504.8157,111759.03924999999,9.754,18.4993,56.3664,-3.8512,1.1808,60.0,0.05528069569164051,0.013498474063065924
002034.SZ,环境保护,2025-11-12,value_quality_sector_stopfall,1.4932305458101525,12.7982,1.1194,767719.4332,65829.34965,8.0085,21.8098,49.4313,5.1838,7.6122,60.0,0.041462556748679935,0.003914655728139316
600897.SH,机场,2025-11-12,value_quality_sector_stopfall,1.4306689541313842,15.7964,1.4875,701699.922,238996.2173,8.3683,27.0,17.21,7.2128,3.5294,46.0,0.14667322218845058,0.04093039860960035
601019.SH,出版业,2025-11-12,value_quality_sector_stopfall,1.3908759380483022,11.7582,1.1768,1815603.0,202960.55155,8.1575,14.8396,33.4103,-1.7473,28.276,58.0,0.11351514166543297,0.02482079638286927
600970.SH,建筑工程,2025-11-12,value_quality_sector_stopfall,1.3531553684098079,8.3631,1.1312,2506459.4649,258334.03019999998,9.5846,6.7603,60.7308,3.992,0.6767,60.0,0.04768593129612331,0.00841543711368442
601156.SH,仓储物流,2025-11-12,value_quality_sector_stopfall,1.2866873785289872,10.2888,1.416,2697256.8896,152619.5905,10.9468,13.1869,32.3788,-2.4036,-3.1926,60.0,0.037449280659839435,0.0017227645358144361
600273.SH,化工原料,2025-11-12,value_quality_sector_stopfall,1.223177793637088,11.8619,1.2248,1233403.4855,156584.0821,8.1514,10.6257,25.9105,9.3295,4.0517,60.0,0.1310379055033397,0.01922055480041518
600968.SH,石油开采,2025-11-12,value_quality_sector_stopfall,1.189574947021341,10.8028,1.4422,4127032.3048,227334.26804999998,10.2284,8.6152,39.2962,0.8091,6.1106,53.0,0.15070183818717653,0.024217108834164502
600428.SH,水运,2025-11-12,value_quality_sector_stopfall,1.1645052361929968,12.1523,1.2189,2014037.5699,270925.7255,9.1319,10.6139,57.9238,37.9243,10.5429,60.0,0.04849463579544677,0.019691267064216866
000404.SZ,家用电器,2025-11-12,value_quality_sector_stopfall,1.092708214616614,11.111,1.1867,504597.0848,99373.8189,9.0816,5.618,62.8327,-3.4887,1.0455,60.0,0.0673503128287316,0.006693901787882428
600511.SH,医药商业,2025-11-12,value_quality_sector_stopfall,1.0282111588347373,11.5326,1.2855,2319342.2159,189533.84725000002,8.4858,3.9508,43.258,3.5572,0.7422,60.0,0.15667512184107868,0.026250703660325447
002078.SZ,造纸,2025-11-12,value_quality_sector_stopfall,0.8103173244069839,13.7142,1.429,4309173.1535,238769.56809999997,8.5067,8.6608,47.6651,-6.5834,1.6621,60.0,0.043094161363250505,0.005208496377066663
600269.SH,路桥,2025-11-13,value_quality_sector_stopfall,2.484810511716158,7.3167,0.6459,1284473.8577,157535.1407,8.4486,38.9139,43.0641,-3.5475,41.3481,60.0,0.048372798257406036,0.016873713458751327
000598.SZ,水务,2025-11-13,value_quality_sector_stopfall,1.9516790248011398,10.1229,1.109,2160422.314,171648.77135,9.3734,27.6783,57.6582,5.395,8.4918,60.0,0.055503491828518436,0.012822866305954639
000543.SZ,火力发电,2025-11-13,value_quality_sector_stopfall,1.7082690216771852,7.8161,1.086,1865628.5214,461469.51225,11.5507,13.1051,62.9977,-3.4066,20.4287,60.0,0.04260258792827565,0.011875100415576156
000600.SZ,火力发电,2025-11-13,value_quality_sector_stopfall,1.5531010216771852,9.3812,1.3336,1574223.6102,452767.31460000004,13.6045,14.0677,57.3426,-3.726,231.7949,48.0,0.04260258792827565,0.011875100415576156
600461.SH,水务,2025-11-13,value_quality_sector_stopfall,1.5391430248011397,10.2658,1.2774,1232788.9709,111840.30864999999,9.754,18.4993,56.3664,-3.8512,1.1808,60.0,0.055503491828518436,0.012822866305954639
002034.SZ,环境保护,2025-11-13,value_quality_sector_stopfall,1.4953242493281058,12.8127,1.1207,768587.4031,66660.02605,8.0085,21.8098,49.4313,5.1838,7.6122,60.0,0.04513665708637937,0.004167592241726581
600897.SH,机场,2025-11-13,value_quality_sector_stopfall,1.3939185091567292,16.1625,1.5219,717960.348,250060.43345000004,8.3683,27.0,17.21,7.2128,3.5294,45.0,0.11955558839131131,0.039630920765417965
601019.SH,出版业,2025-11-13,value_quality_sector_stopfall,1.379147167888305,11.8258,1.1836,1826037.5,207113.2189,8.1575,14.8396,33.4103,-1.7473,28.276,58.0,0.11089749027040585,0.024749677617899035
600970.SH,建筑工程,2025-11-13,value_quality_sector_stopfall,1.3694157404154066,8.3368,1.1276,2498594.0064,250385.4744,9.5846,6.7603,60.7308,3.992,0.6767,60.0,0.059541049022387105,0.008667358059686325
601156.SH,仓储物流,2025-11-13,value_quality_sector_stopfall,1.3029262457186275,10.2403,1.4093,2684556.4452,157722.73700000002,10.9468,13.1869,32.3788,-2.4036,-3.1926,60.0,0.045127747918144445,0.002583164467149679
600273.SH,化工原料,2025-11-13,value_quality_sector_stopfall,1.2585729958640137,11.888,1.2275,1236117.2445,158589.78685,8.1514,10.6257,25.9105,9.3295,4.0517,60.0,0.1648130395897731,0.02438062294090715
600968.SH,石油开采,2025-11-13,value_quality_sector_stopfall,1.2102545365901873,10.6432,1.4209,4066041.6796,234997.82340000002,10.2284,8.6152,39.2962,0.8091,6.1106,54.0,0.14457972084074133,0.026178815749446027
600428.SH,水运,2025-11-13,value_quality_sector_stopfall,1.1484952842474485,12.2681,1.2305,2033245.0127,268962.51475,9.1319,10.6139,57.9238,37.9243,10.5429,60.0,0.05011127227080703,0.0175180119766416
000404.SZ,家用电器,2025-11-13,value_quality_sector_stopfall,1.099927575352887,11.111,1.1867,504597.0848,99214.73439999999,9.0816,5.618,62.8327,-3.4887,1.0455,60.0,0.07323094608665603,0.00803262926623094
600511.SH,医药商业,2025-11-13,value_quality_sector_stopfall,1.046796525189424,11.5026,1.2821,2313306.1919,196613.88880000002,8.4858,3.9508,43.258,3.5572,0.7422,60.0,0.16702066764137702,0.03022385754804713
002035.SZ,家用电器,2025-11-13,value_quality_sector_stopfall,0.9369655753528869,12.715,1.4288,555213.1198,52080.4121,9.2823,8.5383,43.8052,-9.1341,-11.8951,49.0,0.07323094608665603,0.00803262926623094
002078.SZ,造纸,2025-11-13,value_quality_sector_stopfall,0.813818622220336,13.7854,1.4365,4331529.4345,238812.13105000003,8.5067,8.6608,47.6651,-6.5834,1.6621,60.0,0.055702040491648175,0.005848581728687741
600269.SH,路桥,2025-11-14,value_quality_sector_stopfall,2.4815963557097946,7.2901,0.6435,1279803.0437,150359.56644999998,8.4486,38.9139,43.0641,-3.5475,41.3481,60.0,0.04310363898804903,0.015555383388412114
000598.SZ,水务,2025-11-14,value_quality_sector_stopfall,1.960219390278949,10.039,1.0998,2142518.2617,168390.32859999998,9.3734,27.6783,57.6582,5.395,8.4918,60.0,0.05218549599971367,0.012954560945902083
600461.SH,水务,2025-11-14,value_quality_sector_stopfall,1.5423367236122825,10.2231,1.2721,1227652.3502,108616.08825,9.754,18.4993,56.3664,-3.8512,1.1808,60.0,0.05218549599971367,0.012954560945902083
002034.SZ,环境保护,2025-11-14,value_quality_sector_stopfall,1.5006335322015751,12.7837,1.1182,766851.4632,66936.8248,8.0085,21.8098,49.4313,5.1838,7.6122,60.0,0.045422607034798945,0.005590925166776284
601019.SH,出版业,2025-11-14,value_quality_sector_stopfall,1.3751154447701157,11.7042,1.1714,1807255.4,208247.49469999998,8.1575,14.8396,33.4103,-1.7473,28.276,58.0,0.09056054332664987,0.024814901443465764
600970.SH,建筑工程,2025-11-14,value_quality_sector_stopfall,1.3653231917945672,8.2756,1.1194,2480241.2697,242742.0059,9.5846,6.7603,60.7308,3.992,0.6767,60.0,0.04467286752888078,0.009896324265686651
601156.SH,仓储物流,2025-11-14,value_quality_sector_stopfall,1.3012680257729274,10.1737,1.4002,2667093.3341,159394.54309999998,10.9468,13.1869,32.3788,-2.4036,-3.1926,60.0,0.030655174576338817,0.004890851196588608
600273.SH,化工原料,2025-11-14,value_quality_sector_stopfall,1.250346980784608,11.7706,1.2153,1223905.3288,161415.57855,8.1514,10.6257,25.9105,9.3295,4.0517,60.0,0.13648517443592922,0.028522473015345495
600968.SH,石油开采,2025-11-14,value_quality_sector_stopfall,1.1892905182162887,10.6698,1.4244,4076206.7838,237682.79469999997,10.2284,8.6152,39.2962,0.8091,6.1106,55.0,0.1247300448965607,0.029171139986394756
600428.SH,水运,2025-11-14,value_quality_sector_stopfall,1.1745832836029713,12.2019,1.2238,2022269.3311,267382.04315,9.1319,10.6139,57.9238,37.9243,10.5429,60.0,0.06806734236034151,0.01676994124262987
000404.SZ,家用电器,2025-11-14,value_quality_sector_stopfall,1.0885312932640188,11.0957,1.185,503901.0888,99009.91345000001,9.0816,5.618,62.8327,-3.4887,1.0455,60.0,0.05718684011238073,0.010527119818304786
600511.SH,医药商业,2025-11-14,value_quality_sector_stopfall,1.0707681498592858,11.4463,1.2759,2301988.6469,202150.29975,8.4858,3.9508,43.258,3.5572,0.7422,60.0,0.17779541702336665,0.0355340661692527
002035.SZ,家用电器,2025-11-14,value_quality_sector_stopfall,0.9124426265973522,12.7926,1.4375,558603.7343,55497.2418,9.2823,8.5383,43.8052,-9.1341,-11.8951,49.0,0.05718684011238073,0.010527119818304786
002078.SZ,造纸,2025-11-14,value_quality_sector_stopfall,0.8572014440408319,13.4563,1.4022,4228131.635,240414.12925000006,8.5067,8.6608,47.6651,-6.5834,1.6621,60.0,0.05240868200342175,0.007718095370743416
600269.SH,路桥,2025-11-17,value_quality_sector_stopfall,2.471161176887821,7.2768,0.6424,1277467.6367,148132.51505,8.4486,38.9139,43.0641,-3.5475,41.3481,60.0,0.03292664436745096,0.013677199187036804
000598.SZ,水务,2025-11-17,value_quality_sector_stopfall,1.9580125893138303,9.9131,1.086,2115662.1832,171634.521,9.3734,27.6783,57.6582,5.395,8.4918,60.0,0.03289381821438475,0.012446104432779048
002034.SZ,环境保护,2025-11-17,value_quality_sector_stopfall,1.5393051947266898,12.4943,1.0929,749492.0639,67472.58555,8.0085,21.8098,49.4313,5.1838,7.6122,60.0,0.04588938954364741,0.007635805183042299
600461.SH,水务,2025-11-17,value_quality_sector_stopfall,1.5385365893138307,10.1161,1.2588,1214810.7984,107863.58810000001,9.754,18.4993,56.3664,-3.8512,1.1808,60.0,0.03289381821438475,0.012446104432779048
600970.SH,建筑工程,2025-11-17,value_quality_sector_stopfall,1.3749348345972867,8.1444,1.1016,2440913.9768,232410.12715,9.5846,6.7603,60.7308,3.992,0.6767,60.0,0.033555399411220765,0.01001210185273238
601019.SH,出版业,2025-11-17,value_quality_sector_stopfall,1.3705735392643539,11.5285,1.1538,1780125.7,212485.45785000004,8.1575,14.8396,33.4103,-1.7473,28.276,58.0,0.0631070935429685,0.024279779054718675
600273.SH,化工原料,2025-11-17,value_quality_sector_stopfall,1.2784785171535697,11.5618,1.1938,1202195.2565,165835.66950000002,8.1514,10.6257,25.9105,9.3295,4.0517,60.0,0.13330823814785275,0.03157761233905032
600428.SH,水运,2025-11-17,value_quality_sector_stopfall,1.2221326547602167,11.8211,1.1856,1959159.162,269060.5489,9.1319,10.6139,57.9238,37.9243,10.5429,60.0,0.0664940791650448,0.015039242261838615
600968.SH,石油开采,2025-11-17,value_quality_sector_stopfall,1.1726381140246471,10.5634,1.4102,4035546.367,238079.68595,10.2284,8.6152,39.2962,0.8091,6.1106,56.0,0.09027697911216404,0.03041180157914969
000404.SZ,家用电器,2025-11-17,value_quality_sector_stopfall,1.0924195611081489,10.9118,1.1654,495549.137,100761.11785000001,9.0816,5.618,62.8327,-3.4887,1.0455,60.0,0.034591381655060705,0.011684179453088195
600511.SH,医药商业,2025-11-17,value_quality_sector_stopfall,1.0742463449206978,11.2099,1.2495,2254454.958,207845.6851,8.4858,3.9508,43.258,3.5572,0.7422,60.0,0.14564232400098365,0.03780535425304743
002035.SZ,家用电器,2025-11-17,value_quality_sector_stopfall,0.915717561108149,12.6179,1.4179,550974.8517,57462.11485,9.2823,8.5383,43.8052,-9.1341,-11.8951,50.0,0.034591381655060705,0.011684179453088195
002078.SZ,造纸,2025-11-17,value_quality_sector_stopfall,0.8688980412002348,13.3407,1.3901,4191802.6785,241000.51464999997,8.5067,8.6608,47.6651,-6.5834,1.6621,60.0,0.04794623000793585,0.00810381119229886
002034.SZ,环境保护,2025-11-18,value_quality_sector_stopfall,1.5508915818854647,12.3135,1.077,738642.4394,67332.48165,8.0085,21.8098,49.4313,5.1838,7.6122,60.0,0.03467365041427062,0.007784598137860588
601019.SH,出版业,2025-11-18,value_quality_sector_stopfall,1.350308706300696,11.7312,1.1741,1811429.2,216828.0171,8.1575,14.8396,33.4103,-1.7473,28.276,58.0,0.07134728378668043,0.022821422514015532
600273.SH,化工原料,2025-11-18,value_quality_sector_stopfall,1.2843915205742726,11.2747,1.1641,1172343.907,169697.8566,8.1514,10.6257,25.9105,9.3295,4.0517,60.0,0.10122913390178168,0.030629720005824312
600968.SH,石油开采,2025-11-18,value_quality_sector_stopfall,1.1716884365996292,10.3771,1.3853,3964390.6376,232724.3263,10.2284,8.6152,39.2962,0.8091,6.1106,57.0,0.06270623657720553,0.02801286668909042
600511.SH,医药商业,2025-11-18,value_quality_sector_stopfall,1.062229488521961,11.1424,1.242,2240873.9041,211292.60855,8.4858,3.9508,43.258,3.5572,0.7422,60.0,0.12436898046181621,0.03756184139347818
002078.SZ,造纸,2025-11-18,value_quality_sector_stopfall,0.871301137767253,13.2073,1.3762,4149884.6517,242616.66285000002,8.5067,8.6608,47.6651,-6.5834,1.6621,60.0,0.032994466635619446,0.007298671131633627
601019.SH,出版业,2025-11-19,value_quality_sector_stopfall,1.3454452150127012,11.569,1.1579,1786386.4,217894.04495,8.1575,14.8396,33.4103,-1.7473,28.276,58.0,0.047650581755516175,0.02004129992385173
600273.SH,化工原料,2025-11-19,value_quality_sector_stopfall,1.282151412481351,11.2878,1.1655,1173700.7865,174389.62995,8.1514,10.6257,25.9105,9.3295,4.0517,60.0,0.1005689562178147,0.03085645626353628
600968.SH,石油开采,2025-11-19,value_quality_sector_stopfall,1.1625123380180715,10.4303,1.3925,3984720.846,217212.67774999997,10.2284,8.6152,39.2962,0.8091,6.1106,58.0,0.06871424628569489,0.02117542506571013
600511.SH,医药商业,2025-11-19,value_quality_sector_stopfall,1.0547401532636889,11.0186,1.2282,2215975.3051,192233.49805,8.4858,3.9508,43.258,3.5572,0.7422,60.0,0.10204088645814524,0.0349472668055435
601019.SH,出版业,2025-11-20,value_quality_sector_stopfall,1.3540929395473622,11.3528,1.1362,1752996.0,219373.0668,8.1575,14.8396,33.4103,-1.7473,28.276,58.0,0.032627481943258374,0.01483212427077052
600273.SH,化工原料,2025-11-20,value_quality_sector_stopfall,1.2788315230531637,11.1964,1.156,1164202.6299,172095.86685,8.1514,10.6257,25.9105,9.3295,4.0517,60.0,0.08765992611144724,0.028018930275049758
600968.SH,石油开采,2025-11-20,value_quality_sector_stopfall,1.1549300975729455,10.2973,1.3747,3933895.325,215478.8961,10.2284,8.6152,39.2962,0.8091,6.1106,58.0,0.04749652799706183,0.014077569575883686
600511.SH,医药商业,2025-11-20,value_quality_sector_stopfall,1.054481305742221,11.0036,1.2265,2212957.2931,185914.8402,8.4858,3.9508,43.258,3.5572,0.7422,60.0,0.1027907382781521,0.03180523413073577
600511.SH,医药商业,2025-11-21,value_quality_sector_stopfall,1.0336741976406036,10.8198,1.206,2175986.6462,185756.17719999998,8.4858,3.9508,43.258,3.5572,0.7422,60.0,0.06228175307630002,0.02558711123097024
601019.SH,出版业,2025-11-24,value_quality_sector_stopfall,1.3246039314580234,11.6231,1.1633,1794734.0,225297.21025,8.1575,14.8396,33.4103,-1.7473,28.276,58.0,0.04802474569464743,0.00603251909670921
600511.SH,医药商业,2025-11-24,value_quality_sector_stopfall,1.0320909071499054,10.8123,1.2052,2174477.6402,183206.40735000002,8.4858,3.9508,43.258,3.5572,0.7422,60.0,0.06390668883745332,0.021345551645785443
601019.SH,出版业,2025-11-25,value_quality_sector_stopfall,1.3290864556408395,11.7177,1.1728,1809342.3,231405.75980000003,8.1575,14.8396,33.4103,-1.7473,28.276,58.0,0.06681394294041021,0.004365846033762555
600273.SH,化工原料,2025-11-25,value_quality_sector_stopfall,1.2643702185298622,10.8441,1.1197,1127566.8828,182319.8884,8.1514,10.6257,25.9105,9.3295,4.0517,60.0,0.03979386420806885,0.01373702098845997
600511.SH,医药商业,2025-11-25,value_quality_sector_stopfall,1.0415206356236202,10.8498,1.2094,2182022.6702,182813.75929999998,8.4858,3.9508,43.258,3.5572,0.7422,60.0,0.08096212097111755,0.01901984798583589
601019.SH,出版业,2025-11-26,value_quality_sector_stopfall,1.335596503405104,11.5285,1.1538,1780125.7,233650.60075000004,8.1575,14.8396,33.4103,-1.7473,28.276,58.0,0.048546887795441585,0.0038629489429957697
600273.SH,化工原料,2025-11-26,value_quality_sector_stopfall,1.2518559003985765,10.8702,1.1224,1130280.6418,181840.94835000002,8.1514,10.6257,25.9105,9.3295,4.0517,60.0,0.03446968096028713,0.010086886104956116
600511.SH,医药商业,2025-11-26,value_quality_sector_stopfall,1.0677860269281383,10.8911,1.214,2190322.2032,182899.6151,8.4858,3.9508,43.258,3.5572,0.7422,60.0,0.11217671320052247,0.019890647060949007
600273.SH,化工原料,2025-11-27,value_quality_sector_stopfall,1.260820410045427,10.8571,1.121,1128923.7623,179175.47825,8.1514,10.6257,25.9105,9.3295,4.0517,60.0,0.043458010433315764,0.008256399612111442
600511.SH,医药商业,2025-11-27,value_quality_sector_stopfall,1.0498446678858155,10.8385,1.2081,2179759.1612,177394.23845,8.4858,3.9508,43.258,3.5572,0.7422,60.0,0.08622854757955767,0.020457453639591172
601019.SH,出版业,2025-11-28,value_quality_sector_stopfall,1.3298431862475697,11.5015,1.1511,1775951.9,210703.35609999998,8.1575,14.8396,33.4103,-1.7473,28.276,58.0,0.03628210255484299,0.0067744170260599645
600273.SH,化工原料,2025-11-28,value_quality_sector_stopfall,1.273661605602152,10.8571,1.121,1128923.7623,176589.14765,8.1514,10.6257,25.9105,9.3295,4.0517,60.0,0.055345410168800235,0.009210195433351887
600511.SH,医药商业,2025-11-28,value_quality_sector_stopfall,1.045462977759743,10.8423,1.2085,2180513.6642,170543.88919999998,8.4858,3.9508,43.258,3.5572,0.7422,60.0,0.08093362185059916,0.02189068924247728
600273.SH,化工原料,2025-12-01,value_quality_sector_stopfall,1.285686837473264,10.818,1.117,1124853.1237,181049.20359999998,8.1514,10.6257,25.9105,9.3295,4.0517,60.0,0.06084488930516385,0.010462614834766626
601019.SH,出版业,2025-12-01,value_quality_sector_stopfall,1.2825581551689518,11.7988,1.1809,1821863.7,180733.36680000002,8.1575,14.8396,33.4103,-1.7473,28.276,58.0,0.03094835857299305,0.004509796595958626
600511.SH,医药商业,2025-12-01,value_quality_sector_stopfall,1.043997697487433,10.9173,1.2169,2195603.7242,165762.1485,8.4858,3.9508,43.258,3.5572,0.7422,60.0,0.08895614124177631,0.023002889578990215
600273.SH,化工原料,2025-12-02,value_quality_sector_stopfall,1.267168491884401,10.831,1.1183,1126210.0033,177702.40730000002,8.1514,10.6257,25.9105,9.3295,4.0517,60.0,0.043467629875807434,0.011054862008593735
600968.SH,石油开采,2025-12-02,value_quality_sector_stopfall,1.1308385213649623,10.2707,1.3711,3923730.2208,191352.46474999998,10.2284,8.6152,39.2962,0.8091,6.1106,60.0,0.0332334685003115,7.571953131746412e-05
600511.SH,医药商业,2025-12-02,value_quality_sector_stopfall,1.0629031886024651,10.9286,1.2182,2197867.2332,163344.59415,8.4858,3.9508,43.258,3.5572,0.7422,60.0,0.10769882459897251,0.024785697336825896
600273.SH,化工原料,2025-12-03,value_quality_sector_stopfall,1.2549651654576353,10.8571,1.121,1128923.7623,177363.0619,8.1514,10.6257,25.9105,9.3295,4.0517,60.0,0.03510981285250003,0.010749352605135432
600511.SH,医药商业,2025-12-03,value_quality_sector_stopfall,1.0461528420052992,11.0486,1.2315,2222011.3291,168114.62389999998,8.4858,3.9508,43.258,3.5572,0.7422,60.0,0.10792619366421419,0.024674648341085126
002078.SZ,造纸,2025-12-03,value_quality_sector_stopfall,0.8171546630960724,13.6608,1.4235,4292405.9428,264638.57495,8.5067,8.6608,47.6651,-6.5834,1.6621,60.0,0.047553085088205105,0.00036024467453388276
600511.SH,医药商业,2025-12-04,value_quality_sector_stopfall,1.0454995511712615,10.9999,1.2261,2212202.7901,164722.06835000002,8.4858,3.9508,43.258,3.5572,0.7422,60.0,0.10006580386420483,0.02503508064039006
600273.SH,化工原料,2025-12-05,value_quality_sector_stopfall,1.2461944263570963,10.8441,1.1197,1127566.8828,149941.76369999998,8.1514,10.6257,25.9105,9.3295,4.0517,60.0,0.030367053403344446,0.004988039620418494
600511.SH,医药商业,2025-12-05,value_quality_sector_stopfall,1.0614271188237467,10.9661,1.2223,2205412.2632,158969.37005,8.4858,3.9508,43.258,3.5572,0.7422,60.0,0.11044839861567568,0.025793386874737978
600273.SH,化工原料,2025-12-08,value_quality_sector_stopfall,1.2522567199995613,10.7919,1.1143,1122139.3647,137883.30775,8.1514,10.6257,25.9105,9.3295,4.0517,60.0,0.033200393755608903,0.0011369929106193055
600511.SH,医药商业,2025-12-08,value_quality_sector_stopfall,1.0663788106278562,10.9511,1.2207,2202394.2512,153905.5162,8.4858,3.9508,43.258,3.5572,0.7422,60.0,0.11321037600629569,0.02591643462156057
600511.SH,医药商业,2025-12-09,value_quality_sector_stopfall,1.0518214972111306,10.8348,1.2077,2179004.6582,150367.81715,8.4858,3.9508,43.258,3.5572,0.7422,60.0,0.0853438493838885,0.02280564782724226
600428.SH,水运,2025-12-10,value_quality_sector_stopfall,1.2283810877220716,11.7549,1.179,1948183.4805,191244.32254999998,9.1319,10.6139,57.9238,37.9243,10.5429,60.0,0.0785573932987369,0.0004110277566680143
600511.SH,医药商业,2025-12-10,value_quality_sector_stopfall,1.0582383009307519,10.8911,1.214,2190322.2032,136733.5648,8.4858,3.9508,43.258,3.5572,0.7422,60.0,0.10281828522249259,0.01970134904159271
600511.SH,医药商业,2025-12-11,value_quality_sector_stopfall,1.0227833840517313,10.8498,1.2094,2182022.6702,127394.1957,8.4858,3.9508,43.258,3.5572,0.7422,60.0,0.06689804259610477,0.014346674788960012
600511.SH,医药商业,2025-12-12,value_quality_sector_stopfall,0.9931462730531609,10.8535,1.2098,2182777.1732,121588.49964999998,8.4858,3.9508,43.258,3.5572,0.7422,60.0,0.04517049550104968,0.006950444218777996
600511.SH,医药商业,2025-12-15,value_quality_sector_stopfall,0.9921720421521079,10.8648,1.211,2185040.6822,116026.98400000001,8.4858,3.9508,43.258,3.5572,0.7422,60.0,0.05133364587712541,0.0013663962749825842
600511.SH,医药商业,2025-12-18,value_quality_sector_stopfall,1.0440750487013344,10.9473,1.2202,2201639.7482,110832.9487,8.4858,3.9508,43.258,3.5572,0.7422,60.0,0.11490135537555646,0.001335026659111449
600511.SH,医药商业,2025-12-19,value_quality_sector_stopfall,1.041531363625211,10.9548,1.2211,2203148.7542,107304.43525000001,8.4858,3.9508,43.258,3.5572,0.7422,60.0,0.10588848781742399,0.008904209141120445
600428.SH,水运,2025-12-22,value_quality_sector_stopfall,1.1659509102787695,12.1523,1.2189,2014037.5699,169843.55515,9.1319,10.6139,57.9238,37.9243,10.5429,60.0,0.06567460192834274,0.003956975017093578
600511.SH,医药商业,2025-12-22,value_quality_sector_stopfall,1.0125493186801091,10.8798,1.2127,2188058.6942,106456.4787,8.4858,3.9508,43.258,3.5572,0.7422,60.0,0.06152660450800318,0.013684047505439167
002078.SZ,造纸,2025-12-22,value_quality_sector_stopfall,0.859633405711914,13.3051,1.3994,4180624.538,255446.22270000004,8.5067,8.6608,47.6651,-6.5834,1.6621,60.0,0.04725080413548932,0.003361268243091242
600428.SH,水运,2025-12-23,value_quality_sector_stopfall,1.1673273123393872,12.0695,1.2106,2000317.968,170215.27555,9.1319,10.6139,57.9238,37.9243,10.5429,60.0,0.0517781859231734,0.008176459749547282
002078.SZ,造纸,2025-12-23,value_quality_sector_stopfall,0.8393317531118947,13.3762,1.4069,4202980.819,255011.3819,8.5067,8.6608,47.6651,-6.5834,1.6621,60.0,0.03412860875274393,0.005921811025817458
600428.SH,水运,2025-12-24,value_quality_sector_stopfall,1.1770780227749975,11.9867,1.2022,1986598.366,169167.03525000002,9.1319,10.6139,57.9238,37.9243,10.5429,60.0,0.04762944686879944,0.010955909239531492
002078.SZ,造纸,2025-12-24,value_quality_sector_stopfall,0.7971473281870496,13.8031,1.4518,4337118.5047,266716.5259,8.5067,8.6608,47.6651,-6.5834,1.6621,60.0,0.04660291447733145,0.009656413709718148
601298.SH,港口,2025-12-25,value_quality_sector_stopfall,1.9327604786813668,9.9901,1.2336,5478488.4,142180.96480000002,9.5171,32.274,25.0139,1.8585,6.3339,60.0,0.03475226894278349,0.005730876405249941
600273.SH,化工原料,2025-12-25,value_quality_sector_stopfall,1.2519156246148646,10.9354,1.1291,1137065.0394,111344.3901,8.1514,10.6257,25.9105,9.3295,4.0517,60.0,0.05013935162931005,0.003290272985554621
600970.SH,建筑工程,2025-12-25,value_quality_sector_stopfall,1.2455015755371754,9.0104,1.2188,2700474.1097,251072.25575,9.5846,6.7603,60.7308,3.992,0.6767,60.0,0.049153314139004145,0.0008475947315045307
600428.SH,水运,2025-12-25,value_quality_sector_stopfall,1.1839737619399047,11.9205,1.1956,1975622.6844,169203.1724,9.1319,10.6139,57.9238,37.9243,10.5429,60.0,0.04323052013662143,0.013437241803283317
601156.SH,仓储物流,2025-12-25,value_quality_sector_stopfall,1.1710756115817904,11.1487,1.5344,2922689.7786,159371.1534,10.9468,13.1869,32.3788,-2.4036,-3.1926,57.0,0.03478699250743755,0.002099952407686123
600511.SH,医药商业,2025-12-25,value_quality_sector_stopfall,0.9881183882188331,10.8648,1.211,2185040.6822,101029.11594999999,8.4858,3.9508,43.258,3.5572,0.7422,60.0,0.034955934664028465,0.013690453554804805
002078.SZ,造纸,2025-12-25,value_quality_sector_stopfall,0.7961924639518252,14.1767,1.491,4454488.9797,308280.95954999997,8.5067,8.6608,47.6651,-6.5834,1.6621,60.0,0.09252504356587177,0.013819420385953407
601298.SH,港口,2025-12-26,value_quality_sector_stopfall,1.9376918716804572,9.9546,1.2292,5459015.1,135698.68235,9.5171,32.274,25.0139,1.8585,6.3339,60.0,0.03341875547328055,0.0066957828738434255
000543.SZ,火力发电,2025-12-26,value_quality_sector_stopfall,1.6005416519056368,8.3765,1.1638,1999373.4579,278782.74305000005,11.5507,13.1051,62.9977,-3.4066,20.4287,60.0,0.03239677220738857,0.003580213031581625
000600.SZ,火力发电,2025-12-26,value_quality_sector_stopfall,1.5207336519056367,9.4672,1.3458,1588649.4853,205093.4242,13.6045,14.0677,57.3426,-3.726,231.7949,50.0,0.03239677220738857,0.003580213031581625
600970.SH,建筑工程,2025-12-26,value_quality_sector_stopfall,1.2523657001378465,8.9492,1.2105,2682121.3731,249047.13909999997,9.5846,6.7603,60.7308,3.992,0.6767,60.0,0.047043650886255506,0.00020804925159101373
600273.SH,化工原料,2025-12-26,value_quality_sector_stopfall,1.2457198905530313,11.0137,1.1372,1145206.3166,112725.5082,8.1514,10.6257,25.9105,9.3295,4.0517,60.0,0.055108135196826336,0.0027457553562049153
600428.SH,水运,2025-12-26,value_quality_sector_stopfall,1.1765329495363936,11.9039,1.1939,1972878.764,165915.44615,9.1319,10.6139,57.9238,37.9243,10.5429,60.0,0.03579528581579261,0.011191663720601097
600511.SH,医药商业,2025-12-26,value_quality_sector_stopfall,0.9820836833638987,10.846,1.209,2181268.1672,100854.15005,8.4858,3.9508,43.258,3.5572,0.7422,60.0,0.030889157025813407,0.009135859671418833
002078.SZ,造纸,2025-12-26,value_quality_sector_stopfall,0.8182871337508517,13.9277,1.4649,4376241.9964,325266.7635,8.5067,8.6608,47.6651,-6.5834,1.6621,60.0,0.07976708236963126,0.014672051381220408
600273.SH,化工原料,2025-12-29,value_quality_sector_stopfall,1.2491731792138407,10.9746,1.1331,1141135.678,105795.29375,8.1514,10.6257,25.9105,9.3295,4.0517,60.0,0.05436015420232709,0.001607025011513663
600970.SH,建筑工程,2025-12-29,value_quality_sector_stopfall,1.2326790847515754,9.0629,1.2259,2716205.0269,246031.64095,9.5846,6.7603,60.7308,3.992,0.6767,60.0,0.04537117316123984,4.057825700232165e-05
002078.SZ,造纸,2025-12-29,value_quality_sector_stopfall,0.8031926938788878,14.0166,1.4742,4404187.3475,350618.2694,8.5067,8.6608,47.6651,-6.5834,1.6621,60.0,0.07644346112945355,0.015027899416100832
600970.SH,建筑工程,2025-12-30,value_quality_sector_stopfall,1.2493188908520265,9.0367,1.2223,2708339.5683,241577.63355,9.5846,6.7603,60.7308,3.992,0.6767,60.0,0.05689912993876178,0.0010057609132647638
600273.SH,化工原料,2025-12-30,value_quality_sector_stopfall,1.2400278871248442,11.0007,1.1358,1143849.437,105223.30364999999,8.1514,10.6257,25.9105,9.3295,4.0517,60.0,0.04912992652270809,0.0012319606021362617
002078.SZ,造纸,2025-12-30,value_quality_sector_stopfall,0.8167605488421621,13.9188,1.4639,4373447.4612,363615.57109999994,8.5067,8.6608,47.6651,-6.5834,1.6621,60.0,0.07524626028368475,0.016406288558477256
600970.SH,建筑工程,2025-12-31,value_quality_sector_stopfall,1.2397064736287502,9.0891,1.2294,2724070.4854,236065.6111,9.5846,6.7603,60.7308,3.992,0.6767,60.0,0.054998132851977743,0.001521007443439304
600273.SH,化工原料,2025-12-31,value_quality_sector_stopfall,1.1780527829992582,11.4052,1.1776,1185912.7022,113247.73315000001,8.1514,10.6257,25.9105,9.3295,4.0517,60.0,0.04299926203012472,0.00022085430246687743
002078.SZ,造纸,2025-12-31,value_quality_sector_stopfall,0.8051163016568806,14.0077,1.4733,4401392.8124,362726.40225,8.5067,8.6608,47.6651,-6.5834,1.6621,60.0,0.07618235990292166,0.016019275087292284
600970.SH,建筑工程,2026-01-05,value_quality_sector_stopfall,1.2675904005569711,8.9842,1.2152,2692608.6511,242137.07385,9.5846,6.7603,60.7308,3.992,0.6767,60.0,0.06557752680085649,0.0023655404227811427
600273.SH,化工原料,2026-01-05,value_quality_sector_stopfall,1.197978767952682,11.3791,1.1749,1183198.9432,117699.69954999999,8.1514,10.6257,25.9105,9.3295,4.0517,60.0,0.05829879004875593,0.0013073112372594675
002078.SZ,造纸,2026-01-05,value_quality_sector_stopfall,0.8381707172459013,13.7765,1.449,4328734.8993,373347.36715,8.5067,8.6608,47.6651,-6.5834,1.6621,60.0,0.07867044460163752,0.014972272644263818
600970.SH,建筑工程,2026-01-06,value_quality_sector_stopfall,1.2742948844042505,9.0542,1.2247,2713583.2073,246582.662,9.5846,6.7603,60.7308,3.992,0.6767,60.0,0.08118884384535763,0.004458707225559522
600273.SH,化工原料,2026-01-06,value_quality_sector_stopfall,1.0689159298388082,12.5144,1.2921,1301247.4616,149270.79145,8.1514,10.6257,25.9105,9.3295,4.0517,60.0,0.08105286720358884,0.0033103959685527595
002078.SZ,造纸,2026-01-06,value_quality_sector_stopfall,0.7934685437743596,14.1411,1.4873,4443310.8392,385870.40705000004,8.5067,8.6608,47.6651,-6.5834,1.6621,60.0,0.0843829361848234,0.014397607589536232
600970.SH,建筑工程,2026-01-07,value_quality_sector_stopfall,1.2850478983680615,8.9754,1.214,2689986.8316,245294.97894999996,9.5846,6.7603,60.7308,3.992,0.6767,60.0,0.07769550404970649,0.006318394318355125
600273.SH,化工原料,2026-01-07,value_quality_sector_stopfall,1.0861696408282768,12.4753,1.2881,1297176.823,175258.0258,8.1514,10.6257,25.9105,9.3295,4.0517,60.0,0.09041095067418348,0.005932690154093256
002078.SZ,造纸,2026-01-07,value_quality_sector_stopfall,0.7748613795714656,14.23,1.4967,4471256.1904,399495.33605,8.5067,8.6608,47.6651,-6.5834,1.6621,60.0,0.07819633437335516,0.014170378531443761
600970.SH,建筑工程,2026-01-08,value_quality_sector_stopfall,1.3083400808457373,8.9579,1.2117,2684743.1926,245530.9846,9.5846,6.7603,60.7308,3.992,0.6767,60.0,0.09561148572816802,0.008994595117569393
601156.SH,仓储物流,2026-01-08,value_quality_sector_stopfall,1.1706496436629104,11.076,1.5244,2903639.1119,178557.5557,10.9468,13.1869,32.3788,-2.4036,-3.1926,49.0,0.030456985081431576,0.001157325248145602
600273.SH,化工原料,2026-01-08,value_quality_sector_stopfall,1.1039375164616838,12.41,1.2814,1290392.4254,184874.55479999998,8.1514,10.6257,25.9105,9.3295,4.0517,60.0,0.0961749140724606,0.009116602389223294
002078.SZ,造纸,2026-01-08,value_quality_sector_stopfall,0.7923297488987522,14.1589,1.4892,4448899.9094,406279.53969999996,8.5067,8.6608,47.6651,-6.5834,1.6621,60.0,0.08504783099797919,0.015047251234106218
601019.SH,出版业,2026-01-09,value_quality_sector_stopfall,1.333076266025027,11.9339,1.1944,1842732.7,108792.55215,8.1575,14.8396,33.4103,-1.7473,28.276,60.0,0.09999168478144793,0.003991247910245521
600970.SH,建筑工程,2026-01-09,value_quality_sector_stopfall,1.3018415645542776,9.0804,1.2282,2721448.6659,250227.68375,9.5846,6.7603,60.7308,3.992,0.6767,60.0,0.10550874875405336,0.011765482466890909
601156.SH,仓储物流,2026-01-09,value_quality_sector_stopfall,1.18006794884484,10.9791,1.511,2878238.223,178456.47795000003,10.9468,13.1869,32.3788,-2.4036,-3.1926,48.0,0.03304228042676738,0.0015303350847393205
600273.SH,化工原料,2026-01-09,value_quality_sector_stopfall,1.1242339194252116,12.3317,1.2733,1282251.1483,190056.23605,8.1514,10.6257,25.9105,9.3295,4.0517,60.0,0.10225652675120056,0.012711392674011002
002078.SZ,造纸,2026-01-09,value_quality_sector_stopfall,0.8261893903895077,13.9632,1.4686,4387420.1368,422861.13645,8.5067,8.6608,47.6651,-6.5834,1.6621,60.0,0.09076494801950741,0.016409775703333462
000543.SZ,火力发电,2026-01-12,value_quality_sector_stopfall,1.6531298749451124,8.196,1.1388,1956303.0547,379372.7364,11.5507,13.1051,62.9977,-3.4066,20.4287,60.0,0.05923542800396908,0.0006297802744765768
000600.SZ,火力发电,2026-01-12,value_quality_sector_stopfall,1.549968541611779,9.349,1.3496,1568813.9071,219163.87459999998,13.6045,14.0677,57.3426,-3.726,231.7949,50.0,0.05923542800396908,0.0006297802744765768
601019.SH,出版业,2026-01-12,value_quality_sector_stopfall,1.3500657947554837,12.4881,1.2499,1928295.6,116776.26585,8.1575,14.8396,33.4103,-1.7473,28.276,60.0,0.1831423662166154,0.011776761872201558
600970.SH,建筑工程,2026-01-12,value_quality_sector_stopfall,1.3165688227822294,9.0979,1.2306,2726692.305,259213.0747,9.5846,6.7603,60.7308,3.992,0.6767,60.0,0.1198522863777367,0.014915869737825993
600866.SH,饲料,2026-01-12,value_quality_sector_stopfall,1.2452741221943988,9.2602,1.4279,1186291.4478,130020.29975,12.5444,8.397,50.7871,-5.5691,49.8959,54.0,0.03162600434014351,0.0012521178542552747
601156.SH,仓储物流,2026-01-12,value_quality_sector_stopfall,1.1981790676116357,10.9125,1.5019,2860775.1119,177120.98654999997,10.9468,13.1869,32.3788,-2.4036,-3.1926,47.0,0.045878803036157434,0.0023649312421449853
000404.SZ,家用电器,2026-01-12,value_quality_sector_stopfall,1.1975735988826919,10.5746,1.1294,480237.2255,50643.278099999996,9.0816,5.618,62.8327,-3.4887,1.0455,60.0,0.09216904559783079,0.012780553284861051
600968.SH,石油开采,2026-01-12,value_quality_sector_stopfall,1.1736901448215977,10.3771,1.3853,3964390.6376,150874.87825,10.2284,8.6152,39.2962,0.8091,6.1106,60.0,0.0881445654878743,0.004576246000390194
600273.SH,化工原料,2026-01-12,value_quality_sector_stopfall,1.1477408359330221,12.2665,1.2665,1275466.7507,195622.8918,8.1514,10.6257,25.9105,9.3295,4.0517,60.0,0.11357887995985139,0.016015955973170737
600511.SH,医药商业,2026-01-12,value_quality_sector_stopfall,1.0070932661769856,10.9586,1.2215,2203903.2572,115981.9555,8.4858,3.9508,43.258,3.5572,0.7422,60.0,0.07957476432653632,0.0012998351837825162
600332.SH,中成药,2026-01-12,value_quality_sector_stopfall,0.9537948609559023,13.7943,1.0868,4119754.2648,415217.35305,8.969,5.5159,51.9245,4.3109,4.7824,60.0,0.054005147881177384,0.001319713074724893
002078.SZ,造纸,2026-01-12,value_quality_sector_stopfall,0.8433252657723462,13.9277,1.4649,4376241.9964,430615.70895,8.5067,8.6608,47.6651,-6.5834,1.6621,60.0,0.10150813989367635,0.017969125878669834
000598.SZ,水务,2026-01-13,value_quality_sector_stopfall,1.9541356704456028,9.9131,1.086,2115662.1832,142795.7399,9.3734,27.6783,57.6582,5.395,8.4918,60.0,0.04081206985300301,0.0006509339259332947
000543.SZ,火力发电,2026-01-13,value_quality_sector_stopfall,1.6679729446880551,8.1485,1.1322,1944968.738,380848.57314999995,11.5507,13.1051,62.9977,-3.4066,20.4287,60.0,0.0636898307493543,0.0034517806053675493
600461.SH,水务,2026-01-13,value_quality_sector_stopfall,1.555459670445603,9.9771,1.2415,1198116.9714,107358.78484999998,9.754,18.4993,56.3664,-3.8512,1.1808,60.0,0.04081206985300301,0.0006509339259332947
000600.SZ,火力发电,2026-01-13,value_quality_sector_stopfall,1.5502449446880553,9.392,1.3558,1576026.8446,222966.25685,13.6045,14.0677,57.3426,-3.726,231.7949,51.0,0.0636898307493543,0.0034517806053675493
601019.SH,出版业,2026-01-13,value_quality_sector_stopfall,1.3612515610191822,12.3259,1.2336,1903252.8,119539.1885,8.1575,14.8396,33.4103,-1.7473,28.276,60.0,0.1660663090734842,0.018358585279031336
600970.SH,建筑工程,2026-01-13,value_quality_sector_stopfall,1.2937282489241484,9.1854,1.2424,2752910.5002,269677.8369,9.5846,6.7603,60.7308,3.992,0.6767,60.0,0.10827863230582091,0.017348949951660808
600861.SH,文教休闲,2026-01-13,value_quality_sector_stopfall,1.2138969906844692,9.1345,1.4795,1056932.4445,69914.39665,14.7266,3.7657,49.907,1.8917,57.0159,47.0,0.09227931741094686,0.0023303399401890523
600968.SH,石油开采,2026-01-13,value_quality_sector_stopfall,1.2019608523751208,10.4037,1.3889,3974555.7418,153550.62065,10.2284,8.6152,39.2962,0.8091,6.1106,60.0,0.11491379231452825,0.010251060060592732
000404.SZ,家用电器,2026-01-13,value_quality_sector_stopfall,1.2004210335352885,10.5287,1.1245,478149.2376,52314.77925,9.0816,5.618,62.8327,-3.4887,1.0455,60.0,0.08702172114649342,0.01444864572212845
601156.SH,仓储物流,2026-01-13,value_quality_sector_stopfall,1.1706852031096495,11.2032,1.5419,2936977.7786,179958.85755000002,10.9468,13.1869,32.3788,-2.4036,-3.1926,46.0,0.037176906828049194,0.0029529629482671904
600273.SH,化工原料,2026-01-13,value_quality_sector_stopfall,1.1587384368874336,12.0968,1.249,1257827.3169,199239.27655,8.1514,10.6257,25.9105,9.3295,4.0517,60.0,0.09962335283916457,0.017989084048269044
600511.SH,医药商业,2026-01-13,value_quality_sector_stopfall,1.0265677767540127,10.9811,1.224,2208430.2751,120717.4311,8.4858,3.9508,43.258,3.5572,0.7422,60.0,0.0964831211051429,0.00703265564886979
600332.SH,中成药,2026-01-13,value_quality_sector_stopfall,0.964648849756333,13.7725,1.0851,4113251.101,379574.26695,8.969,5.5159,51.9245,4.3109,4.7824,60.0,0.059540238915192445,0.004051944174473965
002078.SZ,造纸,2026-01-13,value_quality_sector_stopfall,0.8591058042654655,13.7854,1.4499,4331529.4345,437471.0057999999,8.5067,8.6608,47.6651,-6.5834,1.6621,60.0,0.09611590626573174,0.019655231333066903
000598.SZ,水务,2026-01-14,value_quality_sector_stopfall,1.9715075279961205,9.7873,1.0722,2088806.1047,151306.05805,9.3734,27.6783,57.6582,5.395,8.4918,60.0,0.03843940863826445,0.0028087860245227247
000543.SZ,火力发电,2026-01-14,value_quality_sector_stopfall,1.6830285120677178,8.0725,1.1216,1926833.8314,383263.35515,11.5507,13.1051,62.9977,-3.4066,20.4287,60.0,0.06423688642930858,0.0058269589717425685
600461.SH,水务,2026-01-14,value_quality_sector_stopfall,1.5648515279961206,9.913,1.2335,1190412.0391,102692.41195000001,9.754,18.4993,56.3664,-3.8512,1.1808,60.0,0.03843940863826445,0.0028087860245227247
000600.SZ,火力发电,2026-01-14,value_quality_sector_stopfall,1.5566671787343844,9.3705,1.3527,1572420.3759,218348.74240000002,13.6045,14.0677,57.3426,-3.726,231.7949,52.0,0.06423688642930858,0.0058269589717425685
601019.SH,出版业,2026-01-14,value_quality_sector_stopfall,1.387841192792216,12.4475,1.2458,1922034.9,125700.4854,8.1575,14.8396,33.4103,-1.7473,28.276,60.0,0.2003127437179253,0.02725452612554946
600970.SH,建筑工程,2026-01-14,value_quality_sector_stopfall,1.2907356197685538,9.2291,1.2483,2766019.5978,281591.0926,9.5846,6.7603,60.7308,3.992,0.6767,60.0,0.10931206391394133,0.020169555854612442
600866.SH,饲料,2026-01-14,value_quality_sector_stopfall,1.2483468763824128,9.2602,1.4279,1186291.4478,152886.3523,12.5444,8.397,50.7871,-5.5691,49.8959,56.0,0.03136720839859297,0.004583667983819817
000404.SZ,家用电器,2026-01-14,value_quality_sector_stopfall,1.214780697606792,10.498,1.1212,476757.2456,55324.2397,9.0816,5.618,62.8327,-3.4887,1.0455,60.0,0.09462267523903867,0.01696068903442005
600968.SH,石油开采,2026-01-14,value_quality_sector_stopfall,1.209021268520676,10.4835,1.3996,4005051.0544,168430.07674999998,10.2284,8.6152,39.2962,0.8091,6.1106,60.0,0.12832442137400424,0.016354180480005143
600861.SH,文教休闲,2026-01-14,value_quality_sector_stopfall,1.1965752942793215,9.5259,1.5429,1102221.4619,82463.7538,14.7266,3.7657,49.907,1.8917,57.0159,47.0,0.10853716686439707,0.008510794081590944
601156.SH,仓储物流,2026-01-14,value_quality_sector_stopfall,1.1787819216268982,11.1548,1.5352,2924277.3342,185635.9461,10.9468,13.1869,32.3788,-2.4036,-3.1926,45.0,0.040195945772606656,0.004803975854291487
600273.SH,化工原料,2026-01-14,value_quality_sector_stopfall,1.092742191335306,12.658,1.307,1316173.1363,219249.04530000003,8.1514,10.6257,25.9105,9.3295,4.0517,60.0,0.10790960756852153,0.019786583766784327
600511.SH,医药商业,2026-01-14,value_quality_sector_stopfall,1.0680755351471354,10.8723,1.2119,2186549.6882,127969.63765,8.4858,3.9508,43.258,3.5572,0.7422,60.0,0.11622108689707056,0.013482448250064838
600332.SH,中成药,2026-01-14,value_quality_sector_stopfall,0.9778513766891147,13.6636,1.0765,4080735.282,377848.99580000003,8.969,5.5159,51.9245,4.3109,4.7824,60.0,0.056942246249372275,0.006859130439742511
002078.SZ,造纸,2026-01-14,value_quality_sector_stopfall,0.8694654204953998,13.6875,1.4396,4300789.5481,454574.44315,8.5067,8.6608,47.6651,-6.5834,1.6621,60.0,0.09162641480746858,0.021111005687931117
000598.SZ,水务,2026-01-15,value_quality_sector_stopfall,1.969632368119403,9.8432,1.0784,2100742.1396,151880.32064999998,9.3734,27.6783,57.6582,5.395,8.4918,60.0,0.042105618970462055,0.0051274158156076055
000543.SZ,火力发电,2026-01-15,value_quality_sector_stopfall,1.6873868846135656,8.0725,1.1216,1926833.8314,378573.6257,11.5507,13.1051,62.9977,-3.4066,20.4287,60.0,0.0658964574300065,0.008525760516892467
600461.SH,水务,2026-01-15,value_quality_sector_stopfall,1.5564230347860697,10.0092,1.2455,1201969.4376,100247.65185,9.754,18.4993,56.3664,-3.8512,1.1808,60.0,0.042105618970462055,0.0051274158156076055
000600.SZ,火力发电,2026-01-15,value_quality_sector_stopfall,1.526032217946899,9.5854,1.3837,1608485.0634,216513.9471,13.6045,14.0677,57.3426,-3.726,231.7949,53.0,0.0658964574300065,0.008525760516892467
601019.SH,出版业,2026-01-15,value_quality_sector_stopfall,1.3776040056818664,12.2853,1.2296,1896992.1,129159.5501,8.1575,14.8396,33.4103,-1.7473,28.276,60.0,0.16150027105598297,0.03390373462588325
600970.SH,建筑工程,2026-01-15,value_quality_sector_stopfall,1.2708354866998985,9.3253,1.2614,2794859.6126,289333.1183,9.5846,6.7603,60.7308,3.992,0.6767,60.0,0.10279556320303951,0.02193259016352589
600968.SH,石油开采,2026-01-15,value_quality_sector_stopfall,1.217289678201387,10.5367,1.4067,4025381.2628,170721.72775,10.2284,8.6152,39.2962,0.8091,6.1106,60.0,0.1390474295547044,0.022179581980015906
000404.SZ,家用电器,2026-01-15,value_quality_sector_stopfall,1.1960295377532368,10.544,1.1261,478845.2336,54802.967099999994,9.0816,5.618,62.8327,-3.4887,1.0455,60.0,0.0802202109954746,0.018945326757762393
600861.SH,文教休闲,2026-01-15,value_quality_sector_stopfall,1.1871873216365407,9.4427,1.5294,1092597.5457,84107.95745,14.7266,3.7657,49.907,1.8917,57.0159,47.0,0.08769502284221198,0.014418298794328654
600511.SH,医药商业,2026-01-15,value_quality_sector_stopfall,1.0306895033871848,10.8423,1.2085,2180513.6642,128498.22135,8.4858,3.9508,43.258,3.5572,0.7422,60.0,0.0711328039080017,0.01691803281251647
600273.SH,化工原料,2026-01-15,value_quality_sector_stopfall,1.0283490512633353,13.1799,1.3608,1370448.3172,242113.99565000003,8.1514,10.6257,25.9105,9.3295,4.0517,60.0,0.11166140147509851,0.022301649788236677
600332.SH,中成药,2026-01-15,value_quality_sector_stopfall,0.9692911353532943,13.7017,1.0795,4092115.8186,374763.97140000004,8.969,5.5159,51.9245,4.3109,4.7824,60.0,0.05058680287842132,0.00919433247487289
002078.SZ,造纸,2026-01-15,value_quality_sector_stopfall,0.8547349905905484,13.6875,1.4396,4300789.5481,459692.41055,8.5067,8.6608,47.6651,-6.5834,1.6621,60.0,0.07673533924952358,0.02127165134102471
000598.SZ,水务,2026-01-16,value_quality_sector_stopfall,1.9771391500646878,9.8153,1.0753,2094774.1221,153766.9228,9.3734,27.6783,57.6582,5.395,8.4918,60.0,0.04380255770775299,0.007010592356934797
000543.SZ,火力发电,2026-01-16,value_quality_sector_stopfall,1.7152862920120004,7.9586,1.1058,1899631.4714,390738.0917,11.5507,13.1051,62.9977,-3.4066,20.4287,60.0,0.0732548736238745,0.010940085054792492
600461.SH,水务,2026-01-16,value_quality_sector_stopfall,1.561583150064688,9.9985,1.2442,1200685.2822,98612.995,9.754,18.4993,56.3664,-3.8512,1.1808,60.0,0.04380255770775299,0.007010592356934797
000600.SZ,火力发电,2026-01-16,value_quality_sector_stopfall,1.5550182920120004,9.4672,1.3667,1588649.4853,222413.05245,13.6045,14.0677,57.3426,-3.726,231.7949,54.0,0.0732548736238745,0.010940085054792492
601019.SH,出版业,2026-01-16,value_quality_sector_stopfall,1.3818882286307057,11.8934,1.1904,1836472.0,131795.0358,8.1575,14.8396,33.4103,-1.7473,28.276,60.0,0.11162800471743539,0.0358002239132702
600970.SH,建筑工程,2026-01-16,value_quality_sector_stopfall,1.288712185382488,9.2291,1.2483,2766019.5978,283834.85515,9.5846,6.7603,60.7308,3.992,0.6767,60.0,0.10390017369906124,0.02355801168342686
000404.SZ,家用电器,2026-01-16,value_quality_sector_stopfall,1.2029429025331884,10.5133,1.1228,477453.2416,55463.71644999999,9.0816,5.618,62.8327,-3.4887,1.0455,60.0,0.08162145877989624,0.02021077708662533
600861.SH,文教休闲,2026-01-16,value_quality_sector_stopfall,1.2019084837075136,9.1736,1.4858,1061461.3463,86681.56945000001,14.7266,3.7657,49.907,1.8917,57.0159,48.0,0.07062145919644891,0.018806357844397992
600968.SH,石油开采,2026-01-16,value_quality_sector_stopfall,1.1975362378144678,10.4303,1.3925,3984720.846,176163.13460000002,10.2284,8.6152,39.2962,0.8091,6.1106,60.0,0.10001551180360435,0.024898059344196977
600273.SH,化工原料,2026-01-16,value_quality_sector_stopfall,1.0921172472115068,12.6971,1.311,1320243.7749,251794.87940000003,8.1514,10.6257,25.9105,9.3295,4.0517,60.0,0.10855254483247179,0.02379203571236843
600511.SH,医药商业,2026-01-16,value_quality_sector_stopfall,1.0188752308649187,10.7672,1.2002,2165423.6043,132500.53245,8.4858,3.9508,43.258,3.5572,0.7422,60.0,0.04745800654650911,0.01823855765174298
600332.SH,中成药,2026-01-16,value_quality_sector_stopfall,0.9726089041808242,13.6473,1.0752,4075857.9091,374881.45285,8.969,5.5159,51.9245,4.3109,4.7824,60.0,0.04615922341232914,0.010446347435161707
002078.SZ,造纸,2026-01-16,value_quality_sector_stopfall,0.8679102249954678,13.4919,1.419,4239309.7755,458912.92505,8.5067,8.6608,47.6651,-6.5834,1.6621,60.0,0.06353456149364112,0.02087433016849327
000598.SZ,水务,2026-01-19,value_quality_sector_stopfall,1.9642552625318526,9.997,1.0952,2133566.2355,158160.04750000002,9.3734,27.6783,57.6582,5.395,8.4918,60.0,0.054973854581620296,0.008335407950232021
000543.SZ,火力发电,2026-01-19,value_quality_sector_stopfall,1.70076851164672,8.2055,1.1401,1958569.918,400869.32415,11.5507,13.1051,62.9977,-3.4066,20.4287,60.0,0.09590312726903494,0.013100717711018284
600461.SH,水务,2026-01-19,value_quality_sector_stopfall,1.5565059291985193,10.1161,1.2588,1214810.9914,99411.06229999999,9.754,18.4993,56.3664,-3.8512,1.1808,60.0,0.054973854581620296,0.008335407950232021
000600.SZ,火力发电,2026-01-19,value_quality_sector_stopfall,1.532553844980053,9.7573,1.4086,1637336.8134,228824.86365,13.6045,14.0677,57.3426,-3.726,231.7949,55.0,0.09590312726903494,0.013100717711018284
601019.SH,出版业,2026-01-19,value_quality_sector_stopfall,1.354731042393419,12.0421,1.2052,1859427.9,131638.73035,8.1575,14.8396,33.4103,-1.7473,28.276,60.0,0.10760524529396398,0.03244579709945494
600970.SH,建筑工程,2026-01-19,value_quality_sector_stopfall,1.27538297817204,9.2816,1.2554,2781750.515,263090.4057,9.5846,6.7603,60.7308,3.992,0.6767,60.0,0.09841060203119567,0.023951709474177907
600866.SH,饲料,2026-01-19,value_quality_sector_stopfall,1.2515853440118967,9.3121,1.4359,1192937.3383,160016.36765,12.5444,8.397,50.7871,-5.5691,49.8959,59.0,0.04196179463038652,0.006020882714843356
600861.SH,文教休闲,2026-01-19,value_quality_sector_stopfall,1.2233004367716047,9.1296,1.4787,1056366.3318,89351.90485,14.7266,3.7657,49.907,1.8917,57.0159,49.0,0.08369789587139209,0.01945520756687924
600968.SH,石油开采,2026-01-19,value_quality_sector_stopfall,1.1804919149857105,10.5101,1.4031,4015216.1586,177518.26575,10.2284,8.6152,39.2962,0.8091,6.1106,60.0,0.09363839857232192,0.02661751641338861
000404.SZ,家用电器,2026-01-19,value_quality_sector_stopfall,1.1771853744105718,10.7126,1.1441,486501.1893,57798.94470000001,9.0816,5.618,62.8327,-3.4887,1.0455,60.0,0.08281897309429276,0.020742401316278913
600511.SH,医药商业,2026-01-19,value_quality_sector_stopfall,1.013007660574334,10.8348,1.2077,2179004.6582,131512.01895,8.4858,3.9508,43.258,3.5572,0.7422,60.0,0.05416862895950225,0.015167031614831572
600273.SH,化工原料,2026-01-19,value_quality_sector_stopfall,1.0014772058441215,13.3887,1.3824,1392158.3896,264362.70994999993,8.1514,10.6257,25.9105,9.3295,4.0517,60.0,0.11039024582834589,0.025020960015775584
600332.SH,中成药,2026-01-19,value_quality_sector_stopfall,0.9795341963708344,13.6582,1.0761,4079109.491,377047.6454,8.969,5.5159,51.9245,4.3109,4.7824,60.0,0.05395449325669177,0.010903036447476033
002078.SZ,造纸,2026-01-19,value_quality_sector_stopfall,0.8559595698570235,13.732,1.4443,4314762.2237,464104.35670000006,8.5067,8.6608,47.6651,-6.5834,1.6621,60.0,0.08493526297665466,0.020396306880368753
000598.SZ,水务,2026-01-20,value_quality_sector_stopfall,1.9510618381664002,10.2207,1.1197,2181310.3751,168737.01770000003,9.3734,27.6783,57.6582,5.395,8.4918,60.0,0.07159061589340343,0.009771888939663631
601298.SH,港口,2026-01-20,value_quality_sector_stopfall,1.922965049138631,10.0611,1.2423,5517435.0,141395.72455,9.5171,32.274,25.0139,1.8585,6.3339,60.0,0.03605859038358861,0.005162458755042287
000543.SZ,火力发电,2026-01-20,value_quality_sector_stopfall,1.7035115613790495,8.2815,1.1506,1976704.8246,409661.84130000003,11.5507,13.1051,62.9977,-3.4066,20.4287,60.0,0.10821450300077529,0.015599058378274133
002034.SZ,环境保护,2026-01-20,value_quality_sector_stopfall,1.6471856172365456,12.1543,1.0631,729096.9319,52584.437600000005,8.0085,21.8098,49.4313,5.1838,7.6122,60.0,0.09409609294280274,0.024776190960409616
600461.SH,水务,2026-01-20,value_quality_sector_stopfall,1.5409858381664006,10.3407,1.2867,1241778.2544,101032.0916,9.754,18.4993,56.3664,-3.8512,1.1808,60.0,0.07159061589340343,0.009771888939663631
000600.SZ,火力发电,2026-01-20,value_quality_sector_stopfall,1.5141502280457162,9.9615,1.438,1671598.2666,234461.815,13.6045,14.0677,57.3426,-3.726,231.7949,56.0,0.10821450300077529,0.015599058378274133
601019.SH,出版业,2026-01-20,value_quality_sector_stopfall,1.2987411682981185,12.461,1.2472,1924121.8,135479.61825,8.1575,14.8396,33.4103,-1.7473,28.276,60.0,0.11047981318707545,0.029508021777709725
600970.SH,建筑工程,2026-01-20,value_quality_sector_stopfall,1.231206264981145,9.5703,1.2945,2868270.5593,265798.16315000004,9.5846,6.7603,60.7308,3.992,0.6767,60.0,0.09871262269023284,0.02478630895757883
600866.SH,饲料,2026-01-20,value_quality_sector_stopfall,1.2128078892241012,9.5715,1.4759,1226166.7906,174464.14429999999,12.5444,8.397,50.7871,-5.5691,49.8959,59.0,0.04753661083528793,0.005628611722146681
600861.SH,文教休闲,2026-01-20,value_quality_sector_stopfall,1.2026336909337636,9.1687,1.485,1060895.2335,90949.83820000001,14.7266,3.7657,49.907,1.8917,57.0159,50.0,0.07119080299290315,0.018102221274193697
000404.SZ,家用电器,2026-01-20,value_quality_sector_stopfall,1.171066662634279,10.7432,1.1474,487893.1813,59567.6287,9.0816,5.618,62.8327,-3.4887,1.0455,60.0,0.08093610881118196,0.02074655382309687
600968.SH,石油开采,2026-01-20,value_quality_sector_stopfall,1.1633972357086753,10.6432,1.4209,4066041.6796,187154.05349999998,10.2284,8.6152,39.2962,0.8091,6.1106,60.0,0.09701730159269717,0.026883934115978114
600511.SH,医药商业,2026-01-20,value_quality_sector_stopfall,1.00338229966322,10.8798,1.2127,2188058.6942,131983.88175,8.4858,3.9508,43.258,3.5572,0.7422,60.0,0.05569645219822128,0.010347180798331967
600332.SH,中成药,2026-01-20,value_quality_sector_stopfall,0.9704772029081007,13.7235,1.0812,4098618.9824,378222.9542,8.969,5.5159,51.9245,4.3109,4.7824,60.0,0.053323378506423325,0.01023049106834395
600273.SH,化工原料,2026-01-20,value_quality_sector_stopfall,0.8897809383227785,14.2369,1.47,1480355.5585,294102.1059,8.1514,10.6257,25.9105,9.3295,4.0517,60.0,0.11168520276311034,0.026976402226334795
002078.SZ,造纸,2026-01-20,value_quality_sector_stopfall,0.8125761307148226,14.0611,1.4789,4418160.0231,471166.14765,8.5067,8.6608,47.6651,-6.5834,1.6621,60.0,0.08754813229657721,0.019406665084912067
000598.SZ,水务,2026-01-21,value_quality_sector_stopfall,1.952924384750451,10.2068,1.1182,2178326.3663,173195.0614,9.3734,27.6783,57.6582,5.395,8.4918,60.0,0.07005074017836455,0.01124764457208638
000543.SZ,火力发电,2026-01-21,value_quality_sector_stopfall,1.7124383219746977,8.1295,1.1295,1940435.0113,403853.33329999994,11.5507,13.1051,62.9977,-3.4066,20.4287,60.0,0.09148101811271503,0.017059303861982622
002034.SZ,环境保护,2026-01-21,value_quality_sector_stopfall,1.6607600583550262,12.1326,1.0612,727794.9731,52934.537150000004,8.0085,21.8098,49.4313,5.1838,7.6122,60.0,0.10446836913233515,0.025265022556024475
000600.SZ,火力发电,2026-01-21,value_quality_sector_stopfall,1.5601503219746977,9.5854,1.3837,1608485.0634,254648.16565,13.6045,14.0677,57.3426,-3.726,231.7949,57.0,0.09148101811271503,0.017059303861982622
600461.SH,水务,2026-01-21,value_quality_sector_stopfall,1.5361150514171178,10.3728,1.2907,1245630.7205,101620.6568,9.754,18.4993,56.3664,-3.8512,1.1808,60.0,0.07005074017836455,0.01124764457208638
601019.SH,出版业,2026-01-21,value_quality_sector_stopfall,1.2958650893934187,12.3935,1.2404,1913687.3,133799.77315,8.1575,14.8396,33.4103,-1.7473,28.276,60.0,0.10328923430072634,0.02478918842602562
600970.SH,建筑工程,2026-01-21,value_quality_sector_stopfall,1.261110853634855,9.4391,1.2767,2828943.2664,268493.16475,9.5846,6.7603,60.7308,3.992,0.6767,60.0,0.10710768752558497,0.025682499442603257
600866.SH,饲料,2026-01-21,value_quality_sector_stopfall,1.2242434338466208,9.4937,1.4639,1216197.9549,179783.03685,12.5444,8.397,50.7871,-5.5691,49.8959,60.0,0.046172959907198496,0.005241140606089045
600861.SH,文教休闲,2026-01-21,value_quality_sector_stopfall,1.2232031448282012,9.1247,1.4779,1055800.2191,91078.7873,14.7266,3.7657,49.907,1.8917,57.0159,51.0,0.0857409215688063,0.016454889926061478
000404.SZ,家用电器,2026-01-21,value_quality_sector_stopfall,1.1752134052788554,10.7279,1.1457,487197.1853,60097.76700000001,9.0816,5.618,62.8327,-3.4887,1.0455,60.0,0.08338523979972101,0.020290832145801074
600968.SH,石油开采,2026-01-21,value_quality_sector_stopfall,1.174583809578073,10.7762,1.4386,4116867.2006,195098.79750000002,10.2284,8.6152,39.2962,0.8091,6.1106,60.0,0.12718602332790452,0.028568452916835074
600511.SH,医药商业,2026-01-21,value_quality_sector_stopfall,0.9992661287506439,10.8723,1.2119,2186549.6882,131919.8227,8.4858,3.9508,43.258,3.5572,0.7422,60.0,0.05476877283159487,0.006125355919049058
600332.SH,中成药,2026-01-21,value_quality_sector_stopfall,0.97142934476596,13.7235,1.0812,4098618.9824,375109.8846,8.969,5.5159,51.9245,4.3109,4.7824,60.0,0.05489847071719889,0.009607540715427687
600273.SH,化工原料,2026-01-21,value_quality_sector_stopfall,0.9212246457783073,14.0673,1.4525,1462716.1247,308334.023,8.1514,10.6257,25.9105,9.3295,4.0517,60.0,0.11843111025481412,0.028700868856826434
002078.SZ,造纸,2026-01-21,value_quality_sector_stopfall,0.8093483542399162,14.0522,1.478,4415365.488,465846.36619999993,8.5067,8.6608,47.6651,-6.5834,1.6621,60.0,0.08383104108240547,0.018702646490843966
000598.SZ,水务,2026-01-22,value_quality_sector_stopfall,1.942996029934066,10.3186,1.1304,2202198.4361,173398.95675,9.3734,27.6783,57.6582,5.395,8.4918,60.0,0.07446897968456101,0.012487716916171676
601298.SH,港口,2026-01-22,value_quality_sector_stopfall,1.92386015748306,10.0493,1.2409,5510943.9,141565.14975,9.5171,32.274,25.0139,1.8585,6.3339,60.0,0.03457371678204435,0.005822440701015674
000543.SZ,火力发电,2026-01-22,value_quality_sector_stopfall,1.7188663487296838,8.1105,1.1269,1935901.2847,376558.87995000003,11.5507,13.1051,62.9977,-3.4066,20.4287,60.0,0.094588464571282,0.017379884158401637
002034.SZ,环境保护,2026-01-22,value_quality_sector_stopfall,1.6391858625892153,12.2773,1.0739,736474.6985,54736.883850000006,8.0085,21.8098,49.4313,5.1838,7.6122,60.0,0.10081757781659073,0.02545495143929144
000600.SZ,火力发电,2026-01-22,value_quality_sector_stopfall,1.5810783487296836,9.4779,1.3682,1590452.7196,252976.57425,13.6045,14.0677,57.3426,-3.726,231.7949,58.0,0.094588464571282,0.017379884158401637
600461.SH,水务,2026-01-22,value_quality_sector_stopfall,1.5401266966007328,10.3835,1.2921,1246914.8759,101397.71445,9.754,18.4993,56.3664,-3.8512,1.1808,60.0,0.07446897968456101,0.012487716916171676
601019.SH,出版业,2026-01-22,value_quality_sector_stopfall,1.3030344225956987,12.4745,1.2485,1926208.7,133667.91645,8.1575,14.8396,33.4103,-1.7473,28.276,60.0,0.12324983279877144,0.022797923130260633
600970.SH,建筑工程,2026-01-22,value_quality_sector_stopfall,1.2482591118241333,9.5528,1.2921,2863026.9202,275192.07934999996,9.5846,6.7603,60.7308,3.992,0.6767,60.0,0.11091712160531086,0.02686799021882247
600866.SH,饲料,2026-01-22,value_quality_sector_stopfall,1.2194411626900727,9.5196,1.4679,1219520.9001,185608.49915,12.5444,8.397,50.7871,-5.5691,49.8959,60.0,0.04521748209543097,0.005787680594641742
600861.SH,文教休闲,2026-01-22,value_quality_sector_stopfall,1.2154225888496313,9.1736,1.4858,1061461.3463,90298.48005,14.7266,3.7657,49.907,1.8917,57.0159,52.0,0.08719880019124271,0.015743121991721898
000404.SZ,家用电器,2026-01-22,value_quality_sector_stopfall,1.1498088265808368,10.8811,1.1621,494157.1451,60598.72579999999,9.0816,5.618,62.8327,-3.4887,1.0455,60.0,0.07886300520558964,0.020555154708580492
600968.SH,石油开采,2026-01-22,value_quality_sector_stopfall,1.1437088912743318,11.2818,1.5061,4310004.1804,222230.967,10.2284,8.6152,39.2962,0.8091,6.1106,59.0,0.16942861415013333,0.030090943790865188
002035.SZ,家用电器,2026-01-22,value_quality_sector_stopfall,1.0155934932475035,12.2879,1.3808,536564.7402,51159.607449999996,9.2823,8.5383,43.8052,-9.1341,-11.8951,60.0,0.07886300520558964,0.020555154708580492
600511.SH,医药商业,2026-01-22,value_quality_sector_stopfall,1.0029101149545125,10.9436,1.2198,2200885.2452,133698.51835,8.4858,3.9508,43.258,3.5572,0.7422,60.0,0.06990370546710123,0.0046544094874112485
600332.SH,中成药,2026-01-22,value_quality_sector_stopfall,0.9724986834627053,13.7398,1.0825,4103496.3553,373405.32409999997,8.969,5.5159,51.9245,4.3109,4.7824,60.0,0.05856488945361682,0.008963794009088533
600273.SH,化工原料,2026-01-22,value_quality_sector_stopfall,0.9231771318452475,14.0412,1.4498,1460002.3657,318271.51665,8.1514,10.6257,25.9105,9.3295,4.0517,60.0,0.11650938842398495,0.029035076754595934
002078.SZ,造纸,2026-01-22,value_quality_sector_stopfall,0.7685921325091728,14.3635,1.5107,4513174.2172,482877.28185,8.5067,8.6608,47.6651,-6.5834,1.6621,59.0,0.07716122888611676,0.02003623695638934
000598.SZ,水务,2026-01-23,value_quality_sector_stopfall,1.9551784210109309,10.2487,1.1228,2187278.3925,173947.63595,9.3734,27.6783,57.6582,5.395,8.4918,60.0,0.07606698367459686,0.013345437336333754
601298.SH,港口,2026-01-23,value_quality_sector_stopfall,1.9010090172519272,10.2742,1.2686,5634274.8,151712.2054,9.5171,32.274,25.0139,1.8585,6.3339,60.0,0.04444223330996011,0.006562783941967076
000543.SZ,火力发电,2026-01-23,value_quality_sector_stopfall,1.7374311659569859,8.0441,1.1176,1920033.2414,371286.29825,11.5507,13.1051,62.9977,-3.4066,20.4287,60.0,0.10217538559576478,0.01773111369455438
002034.SZ,环境保护,2026-01-23,value_quality_sector_stopfall,1.6436987874567448,12.3714,1.0821,742116.52,56455.542700000005,8.0085,21.8098,49.4313,5.1838,7.6122,60.0,0.11626908027344274,0.026256373849968595
000600.SZ,火力发电,2026-01-23,value_quality_sector_stopfall,1.5855164992903192,9.4994,1.3713,1594059.1884,254509.95790000004,13.6045,14.0677,57.3426,-3.726,231.7949,59.0,0.10217538559576478,0.01773111369455438
600461.SH,水务,2026-01-23,value_quality_sector_stopfall,1.549035754344264,10.3407,1.2867,1241778.2544,102792.56980000001,9.754,18.4993,56.3664,-3.8512,1.1808,60.0,0.07606698367459686,0.013345437336333754
601019.SH,出版业,2026-01-23,value_quality_sector_stopfall,1.2994398002894267,12.6097,1.262,1947077.7,133487.8563,8.1575,14.8396,33.4103,-1.7473,28.276,60.0,0.13676286526229053,0.02370360169380281
600970.SH,建筑工程,2026-01-23,value_quality_sector_stopfall,1.2668275119977521,9.4216,1.2744,2823699.6273,272287.71495,9.5846,6.7603,60.7308,3.992,0.6767,60.0,0.10856011896706996,0.027246726364015483
600866.SH,饲料,2026-01-23,value_quality_sector_stopfall,1.2018460464273215,9.6493,1.4879,1236135.6263,192584.12829999998,12.5444,8.397,50.7871,-5.5691,49.8959,60.0,0.04832724530869914,0.007062801118622453
600861.SH,文教休闲,2026-01-23,value_quality_sector_stopfall,1.201691805040837,9.291,1.5049,1075048.0515,92423.6324,14.7266,3.7657,49.907,1.8917,57.0159,51.0,0.0908681867417882,0.01563628496571523
000404.SZ,家用电器,2026-01-23,value_quality_sector_stopfall,1.1608744580760593,10.8658,1.1605,493461.1491,61889.20970000001,9.0816,5.618,62.8327,-3.4887,1.0455,60.0,0.08775126302660108,0.020645861716124925
600968.SH,石油开采,2026-01-23,value_quality_sector_stopfall,1.1460424806097977,11.2818,1.5061,4310004.1804,233677.27354999998,10.2284,8.6152,39.2962,0.8091,6.1106,58.0,0.16900021346781635,0.032852933808648066
600511.SH,医药商业,2026-01-23,value_quality_sector_stopfall,1.0230777850238884,11.0374,1.2303,2219747.8201,144031.1328,8.4858,3.9508,43.258,3.5572,0.7422,60.0,0.1011143169450528,0.0068648014121688306
002035.SZ,家用电器,2026-01-23,value_quality_sector_stopfall,1.0135924580760594,12.3656,1.3895,539955.3547,52757.64555,9.2823,8.5383,43.8052,-9.1341,-11.8951,60.0,0.08775126302660108,0.020645861716124925
600332.SH,中成药,2026-01-23,value_quality_sector_stopfall,0.969121681909955,13.7834,1.086,4116502.6829,379260.06165,8.969,5.5159,51.9245,4.3109,4.7824,60.0,0.06055068889172266,0.008840993018232268
600273.SH,化工原料,2026-01-23,value_quality_sector_stopfall,0.8761142429047316,14.524,1.4996,1510206.908,335799.22624999995,8.1514,10.6257,25.9105,9.3295,4.0517,60.0,0.1336558237247929,0.030212419179938665
002078.SZ,造纸,2026-01-23,value_quality_sector_stopfall,0.7458419467949904,14.3723,1.5116,4515968.7523,480578.17815000005,8.5067,8.6608,47.6651,-6.5834,1.6621,58.0,0.05453901870208444,0.020494928092905873
000598.SZ,水务,2026-01-26,value_quality_sector_stopfall,1.951597449942448,10.2906,1.1274,2196230.4187,178645.73235,9.3734,27.6783,57.6582,5.395,8.4918,60.0,0.07771619083545112,0.013975259106996818
601298.SH,港口,2026-01-26,value_quality_sector_stopfall,1.8386273149317063,10.7713,1.33,5906901.0,179124.7791,9.5171,32.274,25.0139,1.8585,6.3339,60.0,0.056056525893660725,0.006640122371379009
000543.SZ,火力发电,2026-01-26,value_quality_sector_stopfall,1.7412552286998688,8.0441,1.1176,1920033.2414,377302.32995000004,11.5507,13.1051,62.9977,-3.4066,20.4287,60.0,0.10684111443806898,0.01688944759513311
002034.SZ,环境保护,2026-01-26,value_quality_sector_stopfall,1.6438960937040645,12.3352,1.0789,739946.5886,58018.57245,8.0085,21.8098,49.4313,5.1838,7.6122,60.0,0.11224581555591384,0.025930278148150965
000600.SZ,火力发电,2026-01-26,value_quality_sector_stopfall,1.6226205620332022,9.2952,1.3418,1559797.7352,255447.83615000002,13.6045,14.0677,57.3426,-3.726,231.7949,60.0,0.10684111443806898,0.01688944759513311
600461.SH,水务,2026-01-26,value_quality_sector_stopfall,1.540121449942448,10.4156,1.296,1250767.3421,104629.0957,9.754,18.4993,56.3664,-3.8512,1.1808,60.0,0.07771619083545112,0.013975259106996818
601019.SH,出版业,2026-01-26,value_quality_sector_stopfall,1.3170275851794473,12.4205,1.2431,1917861.1,135568.75519999999,8.1575,14.8396,33.4103,-1.7473,28.276,60.0,0.12822554879159753,0.024615369721183056
600970.SH,建筑工程,2026-01-26,value_quality_sector_stopfall,1.239372019970835,9.5003,1.285,2847296.0031,278785.39725,9.5846,6.7603,60.7308,3.992,0.6767,60.0,0.09440269768774145,0.02626198894975995
600861.SH,文教休闲,2026-01-26,value_quality_sector_stopfall,1.2011879946416057,9.1687,1.485,1060895.2335,94695.08619999999,14.7266,3.7657,49.907,1.8917,57.0159,51.0,0.07308458084447689,0.014762747130462106
600866.SH,饲料,2026-01-26,value_quality_sector_stopfall,1.1955133166586214,9.7531,1.5039,1249427.4072,202545.97715,12.5444,8.397,50.7871,-5.5691,49.8959,59.0,0.056123735672617414,0.00792024765267052
600968.SH,石油开采,2026-01-26,value_quality_sector_stopfall,1.1639412970698384,11.5212,1.5381,4401490.1182,245511.74330000003,10.2284,8.6152,39.2962,0.8091,6.1106,57.0,0.19854786286342896,0.03716410087307609
000404.SZ,家用电器,2026-01-26,value_quality_sector_stopfall,1.1447120598402027,10.8658,1.1605,493461.1491,64153.02664999999,9.0816,5.618,62.8327,-3.4887,1.0455,60.0,0.07303779556727186,0.019196930939597623
600511.SH,医药商业,2026-01-26,value_quality_sector_stopfall,1.025423942240819,11.0674,1.2336,2225783.8441,152822.71659999999,8.4858,3.9508,43.258,3.5572,0.7422,60.0,0.10368704156990205,0.010838234004250102
002035.SZ,家用电器,2026-01-26,value_quality_sector_stopfall,1.0111700598402027,12.2685,1.3786,535717.0866,54800.5445,9.2823,8.5383,43.8052,-9.1341,-11.8951,60.0,0.07303779556727186,0.019196930939597623
600332.SH,中成药,2026-01-26,value_quality_sector_stopfall,0.9602283566987494,13.914,1.0963,4155521.6656,396898.18975,8.969,5.5159,51.9245,4.3109,4.7824,60.0,0.06728391994762095,0.008787770084461854
600273.SH,化工原料,2026-01-26,value_quality_sector_stopfall,0.8905800134120029,14.3413,1.4808,1491210.5947,347756.9632,8.1514,10.6257,25.9105,9.3295,4.0517,60.0,0.12386124111159158,0.02975943896707789
002078.SZ,造纸,2026-01-26,value_quality_sector_stopfall,0.7317229638635137,14.4791,1.5229,4549503.1737,447982.24425,8.5067,8.6608,47.6651,-6.5834,1.6621,57.0,0.05023223341611338,0.017802730447400217
000598.SZ,水务,2026-01-27,value_quality_sector_stopfall,1.9616346059154974,10.1508,1.1121,2166390.3314,180291.7097,9.3734,27.6783,57.6582,5.395,8.4918,60.0,0.06811791572534687,0.014090690190150523
601298.SH,港口,2026-01-27,value_quality_sector_stopfall,1.817247429805307,10.9015,1.3461,5978303.1,194315.67245,9.5171,32.274,25.0139,1.8585,6.3339,60.0,0.05429185543889248,0.006438241033081216
000543.SZ,火力发电,2026-01-27,value_quality_sector_stopfall,1.7583413462083273,7.7781,1.0807,1856561.0681,382060.36234999995,11.5507,13.1051,62.9977,-3.4066,20.4287,60.0,0.08379280849156778,0.014690537716759211
002034.SZ,环境保护,2026-01-27,value_quality_sector_stopfall,1.6500454463577148,12.2629,1.0726,735606.726,60076.736450000004,8.0085,21.8098,49.4313,5.1838,7.6122,60.0,0.10901784807934667,0.02628759827836835
000600.SZ,火力发电,2026-01-27,value_quality_sector_stopfall,1.6253666795416604,9.1233,1.317,1530945.9852,258087.33500000002,13.6045,14.0677,57.3426,-3.726,231.7949,60.0,0.08379280849156778,0.014690537716759211
600461.SH,水务,2026-01-27,value_quality_sector_stopfall,1.5306386059154975,10.4156,1.296,1250767.3421,105065.42169999999,9.754,18.4993,56.3664,-3.8512,1.1808,60.0,0.06811791572534687,0.014090690190150523
601019.SH,出版业,2026-01-27,value_quality_sector_stopfall,1.3129985598827711,12.3935,1.2404,1913687.3,136607.47795,8.1575,14.8396,33.4103,-1.7473,28.276,60.0,0.11941557394874858,0.025796319267355816
600970.SH,建筑工程,2026-01-27,value_quality_sector_stopfall,1.2261516343261873,9.5703,1.2945,2868270.5593,284922.59479999996,9.5846,6.7603,60.7308,3.992,0.6767,60.0,0.09299395611866101,0.025450344874192954
600866.SH,饲料,2026-01-27,value_quality_sector_stopfall,1.2136775160006645,9.5456,1.4719,1222843.8454,212059.8825,12.5444,8.397,50.7871,-5.5691,49.8959,59.0,0.04122126108026536,0.008420254920399106
600861.SH,文教休闲,2026-01-27,value_quality_sector_stopfall,1.205348599010734,9.1638,1.4842,1060329.1208,96288.29035,14.7266,3.7657,49.907,1.8917,57.0159,52.0,0.07497714435022629,0.016170787993841085
600968.SH,石油开采,2026-01-27,value_quality_sector_stopfall,1.1630864484601473,11.335,1.5132,4330334.3888,254025.25285,10.2284,8.6152,39.2962,0.8091,6.1106,56.0,0.18193459117830169,0.0405091906151791
000404.SZ,家用电器,2026-01-27,value_quality_sector_stopfall,1.1522259488017181,10.7739,1.1507,489285.1732,65207.56,9.0816,5.618,62.8327,-3.4887,1.0455,60.0,0.06849553715881918,0.01859307830956558
002035.SZ,家用电器,2026-01-27,value_quality_sector_stopfall,1.0279772821350512,12.1132,1.3612,528935.8576,56381.842650000006,9.2823,8.5383,43.8052,-9.1341,-11.8951,60.0,0.06849553715881918,0.01859307830956558
600511.SH,医药商业,2026-01-27,value_quality_sector_stopfall,1.0242424825453962,10.9848,1.2244,2209184.7781,159132.5306,8.4858,3.9508,43.258,3.5572,0.7422,60.0,0.08754503769902566,0.014158778179703901
600332.SH,中成药,2026-01-27,value_quality_sector_stopfall,0.9576495443394066,13.8051,1.0877,4123005.8467,405696.9137,8.969,5.5159,51.9245,4.3109,4.7824,60.0,0.05144804314262785,0.009051501196778666
600273.SH,化工原料,2026-01-27,value_quality_sector_stopfall,0.8999074499775362,14.1717,1.4632,1473571.1609,356228.88209999993,8.1514,10.6257,25.9105,9.3295,4.0517,60.0,0.1114279729813401,0.028480143662862778
002078.SZ,造纸,2026-01-27,value_quality_sector_stopfall,0.7171041415853805,14.5591,1.5313,4574653.9898,444119.50765000004,8.5067,8.6608,47.6651,-6.5834,1.6621,56.0,0.04273686917970898,0.01601260573900487
000598.SZ,水务,2026-01-28,value_quality_sector_stopfall,1.9676647950076174,10.0809,1.1044,2151470.2878,186158.32735,9.3734,27.6783,57.6582,5.395,8.4918,60.0,0.06430473476620735,0.014140726908076884
601298.SH,港口,2026-01-28,value_quality_sector_stopfall,1.784360244701594,11.2093,1.3841,6147071.7,207107.64015,9.5171,32.274,25.0139,1.8585,6.3339,60.0,0.06515067817105646,0.008545566530537618
000543.SZ,火力发电,2026-01-28,value_quality_sector_stopfall,1.756970590312332,7.8161,1.086,1865628.5214,360953.349,11.5507,13.1051,62.9977,-3.4066,20.4287,60.0,0.08823679252350658,0.014942464455492077
002034.SZ,环境保护,2026-01-28,value_quality_sector_stopfall,1.6467242902037882,12.2339,1.0701,733870.7809,60947.424250000004,8.0085,21.8098,49.4313,5.1838,7.6122,60.0,0.10224172990658453,0.026142560297203854
000600.SZ,火力发电,2026-01-28,value_quality_sector_stopfall,1.5792892569789985,9.4349,1.362,1583239.7821,257941.75045,13.6045,14.0677,57.3426,-3.726,231.7949,60.0,0.08823679252350658,0.014942464455492077
600461.SH,水务,2026-01-28,value_quality_sector_stopfall,1.5412287950076176,10.3193,1.2841,1239209.9436,110845.3669,9.754,18.4993,56.3664,-3.8512,1.1808,60.0,0.06430473476620735,0.014140726908076884
601019.SH,出版业,2026-01-28,value_quality_sector_stopfall,1.2989738896040284,12.4205,1.2431,1917861.1,135882.76919999998,8.1575,14.8396,33.4103,-1.7473,28.276,60.0,0.10781497688749475,0.02697224604986692
600861.SH,文教休闲,2026-01-28,value_quality_sector_stopfall,1.2202718004000956,8.9779,1.4541,1038816.8375,99523.06815,14.7266,3.7657,49.907,1.8917,57.0159,52.0,0.05750975115025092,0.01610138258317817
600866.SH,饲料,2026-01-28,value_quality_sector_stopfall,1.1937919131107484,9.7012,1.4959,1242781.5168,221612.25005,12.5444,8.397,50.7871,-5.5691,49.8959,59.0,0.04640414014215022,0.009725106301931463
600970.SH,建筑工程,2026-01-28,value_quality_sector_stopfall,1.1897155789996987,9.7102,1.3134,2910219.6716,290219.0094,9.5846,6.7603,60.7308,3.992,0.6767,60.0,0.07943520365570333,0.024499708677328647
600968.SH,石油开采,2026-01-28,value_quality_sector_stopfall,1.1527452210794156,11.8405,1.5807,4523471.3686,282606.61135,10.2284,8.6152,39.2962,0.8091,6.1106,55.0,0.2533149699542343,0.04580255441274894
000404.SZ,家用电器,2026-01-28,value_quality_sector_stopfall,1.1356398359509239,10.7739,1.1507,489285.1732,65855.98504999999,9.0816,5.618,62.8327,-3.4887,1.0455,60.0,0.05311772712770568,0.01738477548988482
600428.SH,水运,2026-01-28,value_quality_sector_stopfall,1.0471045523220597,12.8476,1.2886,2129282.2265,260720.88535000003,9.1319,10.6139,57.9238,37.9243,10.5429,60.0,0.043377246742652975,0.00022797224607318256
002035.SZ,家用电器,2026-01-28,value_quality_sector_stopfall,1.019671169284257,12.055,1.3546,526392.8968,56657.37694999999,9.2823,8.5383,43.8052,-9.1341,-11.8951,60.0,0.05311772712770568,0.01738477548988482
600511.SH,医药商业,2026-01-28,value_quality_sector_stopfall,1.0038556776331784,10.9999,1.2261,2212202.7901,161164.82095,8.4858,3.9508,43.258,3.5572,0.7422,60.0,0.06704098801632163,0.01641602295019018
600332.SH,中成药,2026-01-28,value_quality_sector_stopfall,0.9486568581442526,13.7834,1.086,4116502.6829,403703.89355000004,8.969,5.5159,51.9245,4.3109,4.7824,60.0,0.039679320866447654,0.009247537277804918
600273.SH,化工原料,2026-01-28,value_quality_sector_stopfall,0.867800998694855,14.4196,1.4888,1499351.8718,369997.62965,8.1514,10.6257,25.9105,9.3295,4.0517,60.0,0.11396183773305468,0.027433160961800374
002078.SZ,造纸,2026-01-28,value_quality_sector_stopfall,0.6910140626657322,14.9504,1.5724,4697613.535,435454.12535,8.5067,8.6608,47.6651,-6.5834,1.6621,55.0,0.04400758624619572,0.014738476419536406
000598.SZ,水务,2026-01-29,value_quality_sector_stopfall,1.953511696235573,10.1089,1.1075,2157438.3053,185428.54015,9.3734,27.6783,57.6582,5.395,8.4918,60.0,0.05414937193232938,0.014076324303243348
601298.SH,港口,2026-01-29,value_quality_sector_stopfall,1.7871558371587173,11.2448,1.3885,6166545.0,213749.48045,9.5171,32.274,25.0139,1.8585,6.3339,60.0,0.07106699587845888,0.010724841280258524
000543.SZ,火力发电,2026-01-29,value_quality_sector_stopfall,1.7611697651270153,7.7212,1.0728,1842959.8881,349479.4365,11.5507,13.1051,62.9977,-3.4066,20.4287,60.0,0.0768605827418245,0.01539118238519066
002034.SZ,环境保护,2026-01-29,value_quality_sector_stopfall,1.6361222879264379,12.205,1.0675,732134.8358,62049.65355,8.0085,21.8098,49.4313,5.1838,7.6122,60.0,0.08899021193251366,0.02513207599392442
000600.SZ,火力发电,2026-01-29,value_quality_sector_stopfall,1.5911417651270152,9.2952,1.3418,1559797.7352,258284.90885,13.6045,14.0677,57.3426,-3.726,231.7949,60.0,0.0768605827418245,0.01539118238519066
600461.SH,水务,2026-01-29,value_quality_sector_stopfall,1.535815696235573,10.2872,1.2801,1235357.4775,112286.94135000001,9.754,18.4993,56.3664,-3.8512,1.1808,60.0,0.05414937193232938,0.014076324303243348
601019.SH,出版业,2026-01-29,value_quality_sector_stopfall,1.2868107887752398,12.5556,1.2566,1938730.1,138728.9868,8.1575,14.8396,33.4103,-1.7473,28.276,60.0,0.1129825232162105,0.027648265559029328
600861.SH,文教休闲,2026-01-29,value_quality_sector_stopfall,1.2102569459115562,9.0513,1.466,1047308.5283,101142.5196,14.7266,3.7657,49.907,1.8917,57.0159,52.0,0.06083638310188677,0.015586562809669191
600866.SH,饲料,2026-01-29,value_quality_sector_stopfall,1.2051491249335557,9.6753,1.4919,1239458.5715,230627.33359999995,12.5444,8.397,50.7871,-5.5691,49.8959,59.0,0.052507290436472065,0.010585834497083724
600970.SH,建筑工程,2026-01-29,value_quality_sector_stopfall,1.1572067045179675,9.859,1.3335,2954790.6035,302566.51565,9.5846,6.7603,60.7308,3.992,0.6767,60.0,0.07281657226068128,0.02192946559061948
000404.SZ,家用电器,2026-01-29,value_quality_sector_stopfall,1.121677684133967,10.7739,1.1507,489285.1732,67086.011,9.0816,5.618,62.8327,-3.4887,1.0455,60.0,0.04151605426451477,0.01502429653611892
600968.SH,石油开采,2026-01-29,value_quality_sector_stopfall,1.082425619855657,13.0113,1.737,4970735.9533,337904.8728,10.2284,8.6152,39.2962,0.8091,6.1106,54.0,0.3524310866089535,0.05353628652232367
600428.SH,水运,2026-01-29,value_quality_sector_stopfall,1.044401329154668,13.0463,1.3085,2162209.2713,271100.4074,9.1319,10.6139,57.9238,37.9243,10.5429,60.0,0.06387869668605517,0.0035366324686130213
600511.SH,医药商业,2026-01-29,value_quality_sector_stopfall,1.0032062735548606,10.9736,1.2232,2206921.2692,164230.3003,8.4858,3.9508,43.258,3.5572,0.7422,60.0,0.06256190562895858,0.0165590345925688
002035.SZ,家用电器,2026-01-29,value_quality_sector_stopfall,0.9699556841339669,12.3073,1.383,537412.3938,54384.49415,9.2823,8.5383,43.8052,-9.1341,-11.8951,60.0,0.04151605426451477,0.01502429653611892
600332.SH,中成药,2026-01-29,value_quality_sector_stopfall,0.9352604025508726,13.8596,1.092,4139263.7562,411717.83305,8.969,5.5159,51.9245,4.3109,4.7824,60.0,0.03574923241944483,0.008861170131427842
600273.SH,化工原料,2026-01-29,value_quality_sector_stopfall,0.8099177103891751,15.8681,1.6384,1649965.4988,407452.15495,8.1514,10.6257,25.9105,9.3295,4.0517,59.0,0.10357814689654843,0.026093563492626703
002078.SZ,造纸,2026-01-29,value_quality_sector_stopfall,0.6806636130044891,14.9771,1.5752,4705997.1404,447729.9114,8.5067,8.6608,47.6651,-6.5834,1.6621,54.0,0.038505900314967256,0.011669712689521772
600269.SH,路桥,2026-01-30,value_quality_sector_stopfall,2.391872822301103,8.7586,0.5916,1156026.4719,96781.493,8.4486,38.9139,43.0641,-3.5475,41.3481,60.0,0.03152321070556319,0.0007122782622059898
000598.SZ,水务,2026-01-30,value_quality_sector_stopfall,1.9329220433996406,10.2347,1.1213,2184294.3838,184887.09865,9.3734,27.6783,57.6582,5.395,8.4918,60.0,0.05091707354771957,0.014305636518587628
601298.SH,港口,2026-01-30,value_quality_sector_stopfall,1.7735141952859423,11.2803,1.3929,6186018.3,223524.9824,9.5171,32.274,25.0139,1.8585,6.3339,60.0,0.0614034626431752,0.012046732642767344
000543.SZ,火力发电,2026-01-30,value_quality_sector_stopfall,1.7498369312870217,7.7022,1.0701,1838426.1614,345824.84949999995,11.5507,13.1051,62.9977,-3.4066,20.4287,60.0,0.062228056288824884,0.015624208331530332
002034.SZ,环境保护,2026-01-30,value_quality_sector_stopfall,1.6140979675771878,12.2122,1.0682,732568.8221,63853.3863,8.0085,21.8098,49.4313,5.1838,7.6122,60.0,0.06937833463563448,0.023666299608220198
000600.SZ,火力发电,2026-01-30,value_quality_sector_stopfall,1.5626755979536886,9.3812,1.3543,1574223.6102,261058.51804999998,13.6045,14.0677,57.3426,-3.726,231.7949,60.0,0.062228056288824884,0.015624208331530332
600461.SH,水务,2026-01-30,value_quality_sector_stopfall,1.5296527100663073,10.3086,1.2827,1237925.7882,113378.14660000001,9.754,18.4993,56.3664,-3.8512,1.1808,60.0,0.05091707354771957,0.014305636518587628
601019.SH,出版业,2026-01-30,value_quality_sector_stopfall,1.2874841495575382,12.4205,1.2431,1917861.1,140540.3288,8.1575,14.8396,33.4103,-1.7473,28.276,60.0,0.09643468002512123,0.026862802865750268
600866.SH,饲料,2026-01-30,value_quality_sector_stopfall,1.2127549081523612,9.6234,1.4839,1232812.6811,233897.21445,12.5444,8.397,50.7871,-5.5691,49.8959,59.0,0.05065136950080551,0.011254205318222299
600861.SH,文教休闲,2026-01-30,value_quality_sector_stopfall,1.1900957257766056,9.0855,1.4716,1051271.3173,96104.75535,14.7266,3.7657,49.907,1.8917,57.0159,52.0,0.047568665150540035,0.014706393959398989
600968.SH,石油开采,2026-01-30,value_quality_sector_stopfall,1.157392579773667,11.9736,1.5985,4574296.8896,403771.4497,10.2284,8.6152,39.2962,0.8091,6.1106,53.0,0.29884438587979023,0.05932324644033371
600970.SH,建筑工程,2026-01-30,value_quality_sector_stopfall,1.1309905375512226,9.9902,1.3513,2994117.8964,316908.40745,9.5846,6.7603,60.7308,3.992,0.6767,60.0,0.06894283707374393,0.02020036714414508
600428.SH,水运,2026-01-30,value_quality_sector_stopfall,1.0692155539695416,12.947,1.2986,2145745.7489,281566.83985,9.1319,10.6139,57.9238,37.9243,10.5429,60.0,0.07201617185216969,0.0069933821173719934
600273.SH,化工原料,2026-01-30,value_quality_sector_stopfall,0.7957443147717856,15.4244,1.5926,1603831.595,439996.16445000004,8.1514,10.6257,25.9105,9.3295,4.0517,58.0,0.09066599339562376,0.02483232137616187
002078.SZ,造纸,2026-01-30,value_quality_sector_stopfall,0.6978901366570012,14.9593,1.5734,4700408.0702,454204.75379999995,8.5067,8.6608,47.6651,-6.5834,1.6621,53.0,0.05574935014862037,0.010466119841714194
000598.SZ,水务,2026-02-02,value_quality_sector_stopfall,1.9644370050691597,9.9411,1.0891,2121630.2006,183291.39435000002,9.3734,27.6783,57.6582,5.395,8.4918,60.0,0.04185314781227212,0.013844523923554508
601298.SH,港口,2026-02-02,value_quality_sector_stopfall,1.7458180192512287,11.2803,1.3929,6186018.3,235911.91085000001,9.5171,32.274,25.0139,1.8585,6.3339,60.0,0.03321965041811836,0.012534368833110543
002034.SZ,环境保护,2026-02-02,value_quality_sector_stopfall,1.5928921722383822,12.1616,1.0638,729530.9182,64228.539650000006,8.0085,21.8098,49.4313,5.1838,7.6122,60.0,0.044534535997796665,0.020997636240585704
600461.SH,水务,2026-02-02,value_quality_sector_stopfall,1.5313143384024932,10.2338,1.2734,1228936.7006,110803.74375,9.754,18.4993,56.3664,-3.8512,1.1808,60.0,0.04185314781227212,0.013844523923554508
601019.SH,出版业,2026-02-02,value_quality_sector_stopfall,1.3106243270361995,12.0556,1.2066,1861514.8,140742.1962,8.1575,14.8396,33.4103,-1.7473,28.276,60.0,0.07271048945654535,0.02506717091298727
600861.SH,文教休闲,2026-02-02,value_quality_sector_stopfall,1.240355909763896,8.8164,1.428,1020135.1178,96171.7944,14.7266,3.7657,49.907,1.8917,57.0159,52.0,0.05117378541426687,0.014354791016295776
600968.SH,石油开采,2026-02-02,value_quality_sector_stopfall,1.2282304717790977,11.0955,1.4813,4238848.451,441265.7937,10.2284,8.6152,39.2962,0.8091,6.1106,53.0,0.19995520364795993,0.05919926813113774
600970.SH,建筑工程,2026-02-02,value_quality_sector_stopfall,1.2044160453202728,9.2729,1.2543,2779128.6954,335065.72644999996,9.5846,6.7603,60.7308,3.992,0.6767,60.0,0.032154882146710806,0.017927163173562022
600269.SH,路桥,2026-02-03,value_quality_sector_stopfall,2.4151958342590505,8.5816,0.5797,1132672.4018,97805.64450000001,8.4486,38.9139,43.0641,-3.5475,41.3481,60.0,0.03227648725764798,0.0035486803347359874
000598.SZ,水务,2026-02-03,value_quality_sector_stopfall,1.9649171733959354,9.9411,1.0891,2121630.2006,182456.02925000002,9.3734,27.6783,57.6582,5.395,8.4918,60.0,0.04289210726464532,0.013285732797956973
000543.SZ,火力发电,2026-02-03,value_quality_sector_stopfall,1.7371945799476127,7.5882,1.0543,1811223.8015,341557.87845,11.5507,13.1051,62.9977,-3.4066,20.4287,60.0,0.03310072113971496,0.013975858807897756
601298.SH,港口,2026-02-03,value_quality_sector_stopfall,1.7129683896479175,11.5289,1.4236,6322331.4,242499.14015000002,9.5171,32.274,25.0139,1.8585,6.3339,60.0,0.03715405691785123,0.012790332730066245
000600.SZ,火力发电,2026-02-03,value_quality_sector_stopfall,1.5791732466142794,9.0911,1.3124,1525536.2821,261803.39070000002,13.6045,14.0677,57.3426,-3.726,231.7949,60.0,0.03310072113971496,0.013975858807897756
002034.SZ,环境保护,2026-02-03,value_quality_sector_stopfall,1.5760261302682972,12.3786,1.0827,742550.5063,65598.59725,8.0085,21.8098,49.4313,5.1838,7.6122,60.0,0.05674916786027828,0.01898362907468565
600461.SH,水务,2026-02-03,value_quality_sector_stopfall,1.526994506729269,10.2658,1.2774,1232789.1667,109682.42505,9.754,18.4993,56.3664,-3.8512,1.1808,60.0,0.04289210726464532,0.013285732797956973
601019.SH,出版业,2026-02-03,value_quality_sector_stopfall,1.2963305362795183,12.2448,1.2255,1890731.4,138903.898,8.1575,14.8396,33.4103,-1.7473,28.276,60.0,0.0851091991068309,0.02358800383935411
600861.SH,文教休闲,2026-02-03,value_quality_sector_stopfall,1.2322533587603248,8.9583,1.451,1036552.3867,97132.7384,14.7266,3.7657,49.907,1.8917,57.0159,52.0,0.06792244392962643,0.014296914830698615
600968.SH,石油开采,2026-02-03,value_quality_sector_stopfall,1.2125647866167815,11.1753,1.4919,4269343.7636,450733.80259999994,10.2284,8.6152,39.2962,0.8091,6.1106,53.0,0.19709871028567605,0.058776742997772136
600970.SH,建筑工程,2026-02-03,value_quality_sector_stopfall,1.1885824166485794,9.4916,1.2838,2844674.1835,337349.26320000004,9.5846,6.7603,60.7308,3.992,0.6767,60.0,0.05256227476526498,0.015932808549981248
600273.SH,化工原料,2026-02-03,value_quality_sector_stopfall,0.7738182780541022,14.524,1.4996,1510206.908,447377.9924,8.1514,10.6257,25.9105,9.3295,4.0517,58.0,0.04253205838781082,0.019040219666291325
002078.SZ,造纸,2026-02-03,value_quality_sector_stopfall,0.7468027553826897,14.1945,1.4929,4460078.0499,463815.9885000001,8.5067,8.6608,47.6651,-6.5834,1.6621,53.0,0.04912486767431434,0.010283221041708535
600269.SH,路桥,2026-02-04,value_quality_sector_stopfall,2.4092420186132992,8.7409,0.5904,1153691.0649,98315.80889999999,8.4486,38.9139,43.0641,-3.5475,41.3481,60.0,0.042654536270986476,0.004970149008979297
000598.SZ,水务,2026-02-04,value_quality_sector_stopfall,1.9435263177619042,10.0669,1.1029,2148486.2791,184551.7426,9.3734,27.6783,57.6582,5.395,8.4918,60.0,0.039726555363885696,0.01264709573135181
000543.SZ,火力发电,2026-02-04,value_quality_sector_stopfall,1.7295283107968413,7.6737,1.0662,1831625.5714,327035.29065,11.5507,13.1051,62.9977,-3.4066,20.4287,60.0,0.04007436906827433,0.012969275061900376
601298.SH,港口,2026-02-04,value_quality_sector_stopfall,1.723311875304858,11.5881,1.4309,6354786.9,247754.2214,9.5171,32.274,25.0139,1.8585,6.3339,60.0,0.056488588560181574,0.012612620078009895
000600.SZ,火力发电,2026-02-04,value_quality_sector_stopfall,1.5711469774635083,9.177,1.3248,1539962.1571,260309.59170000005,13.6045,14.0677,57.3426,-3.726,231.7949,60.0,0.04007436906827433,0.012969275061900376
002034.SZ,环境保护,2026-02-04,value_quality_sector_stopfall,1.5463903298305897,12.5595,1.0986,753400.163,69473.0965,8.0085,21.8098,49.4313,5.1838,7.6122,60.0,0.05164900092377134,0.01710799557348497
600461.SH,水务,2026-02-04,value_quality_sector_stopfall,1.4800036510952377,10.5546,1.3133,1267461.362,111714.7331,9.754,18.4993,56.3664,-3.8512,1.1808,60.0,0.039726555363885696,0.01264709573135181
601019.SH,出版业,2026-02-04,value_quality_sector_stopfall,1.2666004854030337,12.1772,1.2188,1880296.9,137632.7655,8.1575,14.8396,33.4103,-1.7473,28.276,60.0,0.04842255729877021,0.02157126143759691
600861.SH,文教休闲,2026-02-04,value_quality_sector_stopfall,1.2188432402318918,8.9485,1.4494,1035420.1612,97329.96515,14.7266,3.7657,49.907,1.8917,57.0159,53.0,0.05256626993026159,0.0145229703016303
600968.SH,石油开采,2026-02-04,value_quality_sector_stopfall,1.1906530849552996,11.3616,1.5168,4340499.493,458338.9056999999,10.2284,8.6152,39.2962,0.8091,6.1106,52.0,0.19465738380513908,0.05712636781682723
600970.SH,建筑工程,2026-02-04,value_quality_sector_stopfall,1.1568119044362835,9.6228,1.3016,2884001.4764,340415.62475,9.5846,6.7603,60.7308,3.992,0.6767,60.0,0.042762916661940986,0.01457498777434263
600511.SH,医药商业,2026-02-04,value_quality_sector_stopfall,0.9724320034779624,10.9173,1.2169,2195603.7242,169679.50965,8.4858,3.9508,43.258,3.5572,0.7422,60.0,0.033262491448637244,0.007130845362658622
600273.SH,化工原料,2026-02-04,value_quality_sector_stopfall,0.7550690700256463,14.785,1.5266,1537344.4984,438578.98365,8.1514,10.6257,25.9105,9.3295,4.0517,57.0,0.043937715067602356,0.01655202162471059
002078.SZ,造纸,2026-02-04,value_quality_sector_stopfall,0.7384593045231691,14.4524,1.52,4541119.5684,459935.6899,8.5067,8.6608,47.6651,-6.5834,1.6621,52.0,0.06180139576292909,0.011189908760240064
600269.SH,路桥,2026-02-05,value_quality_sector_stopfall,2.4102794035798425,8.7586,0.5916,1156026.4719,97502.87975,8.4486,38.9139,43.0641,-3.5475,41.3481,60.0,0.04476973477356827,0.005872335472940415
000598.SZ,水务,2026-02-05,value_quality_sector_stopfall,1.9271080803022327,10.1229,1.109,2160422.314,190376.63445,9.3734,27.6783,57.6582,5.395,8.4918,60.0,0.032227779437489446,0.011527634198076564
601298.SH,港口,2026-02-05,value_quality_sector_stopfall,1.7263136427440717,11.5052,1.4207,6309349.2,257376.1075,9.5171,32.274,25.0139,1.8585,6.3339,60.0,0.0482298905215508,0.011546418889187615
002034.SZ,环境保护,2026-02-05,value_quality_sector_stopfall,1.5572813801615129,12.2918,1.0751,737342.671,70888.8131,8.0085,21.8098,49.4313,5.1838,7.6122,60.0,0.03141110927022983,0.01472360422461616
600461.SH,水务,2026-02-05,value_quality_sector_stopfall,1.480932080302233,10.4904,1.3054,1259756.4297,110942.52274999997,9.754,18.4993,56.3664,-3.8512,1.1808,60.0,0.032227779437489446,0.011527634198076564
600861.SH,文教休闲,2026-02-05,value_quality_sector_stopfall,1.1980830643304825,9.0073,1.4589,1042213.5138,98810.03510000001,14.7266,3.7657,49.907,1.8917,57.0159,54.0,0.04234481670791701,0.014237580955898999
600968.SH,石油开采,2026-02-05,value_quality_sector_stopfall,1.1463637800929212,11.2019,1.4955,4279508.8678,467572.44335,10.2284,8.6152,39.2962,0.8091,6.1106,52.0,0.14534991301720934,0.04849786707571191
600511.SH,医药商业,2026-02-05,value_quality_sector_stopfall,0.9687140963218117,10.9286,1.2182,2197867.2332,171304.5774,8.4858,3.9508,43.258,3.5572,0.7422,60.0,0.03269686180792375,0.005598567847221236
002078.SZ,造纸,2026-02-05,value_quality_sector_stopfall,0.7298050491262843,14.4346,1.5182,4535530.4981,457023.6334,8.5067,8.6608,47.6651,-6.5834,1.6621,51.0,0.05169164682797156,0.011458735631646011
600269.SH,路桥,2026-02-06,value_quality_sector_stopfall,2.4133277345421096,8.7055,0.588,1149020.2509,97697.78439999999,8.4486,38.9139,43.0641,-3.5475,41.3481,60.0,0.040895496425975564,0.006854904782800597
601298.SH,港口,2026-02-06,value_quality_sector_stopfall,1.7547807794230446,11.2448,1.3885,6166545.0,266509.6728,9.5171,32.274,25.0139,1.8585,6.3339,60.0,0.03887329980601861,0.010543479617026064
600861.SH,文教休闲,2026-02-06,value_quality_sector_stopfall,1.1872958126563176,9.0121,1.4597,1042779.6266,99309.78670000001,14.7266,3.7657,49.907,1.8917,57.0159,55.0,0.03310224943641904,0.013546229886565175
600968.SH,石油开采,2026-02-06,value_quality_sector_stopfall,1.1527994722682635,11.4414,1.5274,4370994.8056,477132.70875000005,10.2284,8.6152,39.2962,0.8091,6.1106,51.0,0.17657425145423233,0.04267588748069784
600332.SH,中成药,2026-02-06,value_quality_sector_stopfall,0.924039252620173,13.9412,1.0984,4163650.6204,347503.8214,8.969,5.5159,51.9245,4.3109,4.7824,60.0,0.04130285154260149,0.0017930677442381526
600273.SH,化工原料,2026-02-06,value_quality_sector_stopfall,0.748489068948106,14.7198,1.5198,1530560.1008,446393.92740000004,8.1514,10.6257,25.9105,9.3295,4.0517,56.0,0.03957485954328943,0.009988209404816484
002078.SZ,造纸,2026-02-06,value_quality_sector_stopfall,0.7286078532078274,14.5858,1.5341,4583037.5952,449484.99114999996,8.5067,8.6608,47.6651,-6.5834,1.6621,50.0,0.061010256273022145,0.011022930268138609
600269.SH,路桥,2026-02-09,value_quality_sector_stopfall,2.412618828432644,8.7586,0.5916,1156026.4719,97710.4709,8.4486,38.9139,43.0641,-3.5475,41.3481,60.0,0.0453970224828526,0.0075844726164580045
601298.SH,港口,2026-02-09,value_quality_sector_stopfall,1.761938236545804,11.2211,1.3856,6153562.8,268439.4898,9.5171,32.274,25.0139,1.8585,6.3339,60.0,0.04273422520323411,0.01032667800923659
002034.SZ,环境保护,2026-02-09,value_quality_sector_stopfall,1.5435870584341365,12.4582,1.0897,747324.3552,70657.70035,8.0085,21.8098,49.4313,5.1838,7.6122,60.0,0.041785843802121914,0.011481214632014458
601019.SH,出版业,2026-02-09,value_quality_sector_stopfall,1.249575392711918,12.2988,1.2309,1899079.0,125528.77195000001,8.1575,14.8396,33.4103,-1.7473,28.276,60.0,0.0604403,0.00870175937858475
600861.SH,文教休闲,2026-02-09,value_quality_sector_stopfall,1.194588626402239,9.0464,1.4652,1046742.4156,95435.14560000002,14.7266,3.7657,49.907,1.8917,57.0159,56.0,0.047615269836501994,0.012279356565736865
600970.SH,建筑工程,2026-02-09,value_quality_sector_stopfall,1.164629642694344,9.4741,1.2815,2839430.5445,331499.97755,9.5846,6.7603,60.7308,3.992,0.6767,60.0,0.03367885036771101,0.008163458993299955
600968.SH,石油开采,2026-02-09,value_quality_sector_stopfall,1.1252575222605476,11.3616,1.5168,4340499.493,483423.98165,10.2284,8.6152,39.2962,0.8091,6.1106,50.0,0.14508220127014848,0.041305987657065835
600332.SH,中成药,2026-02-09,value_quality_sector_stopfall,0.9324998827281605,13.9086,1.0958,4153895.8747,343753.8239,8.969,5.5159,51.9245,4.3109,4.7824,60.0,0.044878114497751254,0.002771768230409366
600273.SH,化工原料,2026-02-09,value_quality_sector_stopfall,0.763424882309701,14.7328,1.5212,1531916.9803,450520.20829999994,8.1514,10.6257,25.9105,9.3295,4.0517,55.0,0.055407609019169524,0.00995793995719807
002078.SZ,造纸,2026-02-09,value_quality_sector_stopfall,0.7186068638571076,14.817,1.5584,4655695.5083,446578.74744999997,8.5067,8.6608,47.6651,-6.5834,1.6621,49.0,0.06557848415914469,0.011867046364629541
600269.SH,路桥,2026-02-10,value_quality_sector_stopfall,2.4163335507929387,8.7232,0.5892,1151355.6579,96230.95365000001,8.4486,38.9139,43.0641,-3.5475,41.3481,60.0,0.044603101521889066,0.008133115937716262
601298.SH,港口,2026-02-10,value_quality_sector_stopfall,1.7715737775751363,11.1619,1.3783,6121107.3,268639.04705,9.5171,32.274,25.0139,1.8585,6.3339,60.0,0.04345257429037863,0.010430536618091013
002034.SZ,环境保护,2026-02-10,value_quality_sector_stopfall,1.5507224823101515,12.3497,1.0802,740814.5612,69471.6437,8.0085,21.8098,49.4313,5.1838,7.6122,60.0,0.03671473566551642,0.010121079977968739
601019.SH,出版业,2026-02-10,value_quality_sector_stopfall,1.2831679996387026,12.7313,1.2742,1965859.8,122868.32620000001,8.1575,14.8396,33.4103,-1.7473,28.276,60.0,0.15105142418201023,0.009383242123359059
600861.SH,文教休闲,2026-02-10,value_quality_sector_stopfall,1.1848180537364212,9.1442,1.4811,1058064.6699,94307.17545000001,14.7266,3.7657,49.907,1.8917,57.0159,57.0,0.0563648216182675,0.010879232118153892
600970.SH,建筑工程,2026-02-10,value_quality_sector_stopfall,1.1816886535066344,9.3603,1.2661,2805346.8907,320969.7306,9.5846,6.7603,60.7308,3.992,0.6767,60.0,0.033852151973589706,0.0071958348663780924
600968.SH,石油开采,2026-02-10,value_quality_sector_stopfall,1.126017403550447,11.335,1.5132,4330334.3888,482878.28935000004,10.2284,8.6152,39.2962,0.8091,6.1106,49.0,0.14528430827867278,0.04009042860510781
000404.SZ,家用电器,2026-02-10,value_quality_sector_stopfall,1.0559363706067086,11.0957,1.185,503901.0888,73188.9897,9.0816,5.618,62.8327,-3.4887,1.0455,60.0,0.0340953150611476,0.0010237222122277956
600428.SH,水运,2026-02-10,value_quality_sector_stopfall,1.0275239444693685,12.947,1.2986,2145745.7489,281835.95215,9.1319,10.6139,57.9238,37.9243,10.5429,60.0,0.031669724716851144,0.005648219752517392
002035.SZ,家用电器,2026-02-10,value_quality_sector_stopfall,0.9450943706067088,12.1909,1.3998,532326.4721,58970.8562,9.2823,8.5383,43.8052,-9.1341,-11.8951,60.0,0.0340953150611476,0.0010237222122277956
600332.SH,中成药,2026-02-10,value_quality_sector_stopfall,0.9386556337854001,13.8759,1.0933,4144141.129,329064.8386,8.969,5.5159,51.9245,4.3109,4.7824,60.0,0.04642905067712211,0.0035299164416111584
002078.SZ,造纸,2026-02-10,value_quality_sector_stopfall,0.7420118979853072,14.8437,1.5612,4664079.1136,442469.67325,8.5067,8.6608,47.6651,-6.5834,1.6621,48.0,0.08942497239714342,0.013205592254830423
600273.SH,化工原料,2026-02-10,value_quality_sector_stopfall,0.7365427501926037,15.0982,1.5589,1569909.607,452524.52115000004,8.1514,10.6257,25.9105,9.3295,4.0517,54.0,0.046305291123928116,0.009991459068675601
600269.SH,路桥,2026-02-11,value_quality_sector_stopfall,2.412179458367734,8.7762,0.5928,1158361.8789,91435.46315,8.4486,38.9139,43.0641,-3.5475,41.3481,60.0,0.046122999034603485,0.00839245933313082
601298.SH,港口,2026-02-11,value_quality_sector_stopfall,1.783378929074117,11.1501,1.3768,6114616.2,262614.721,9.5171,32.274,25.0139,1.8585,6.3339,60.0,0.05347265964263914,0.010428936098144659
000543.SZ,火力发电,2026-02-11,value_quality_sector_stopfall,1.7431604523957647,7.5312,1.0464,1797622.6215,274028.9875,11.5507,13.1051,62.9977,-3.4066,20.4287,60.0,0.03888516579256973,0.005090619936528373
000600.SZ,火力发电,2026-02-11,value_quality_sector_stopfall,1.5743591190624313,9.1018,1.3139,1527339.5165,242495.87680000003,13.6045,14.0677,57.3426,-3.726,231.7949,60.0,0.03888516579256973,0.005090619936528373
002034.SZ,环境保护,2026-02-11,value_quality_sector_stopfall,1.534978534593148,12.5016,1.0935,749928.2728,68194.6887,8.0085,21.8098,49.4313,5.1838,7.6122,60.0,0.04114524333473479,0.008939957925079733
601019.SH,出版业,2026-02-11,value_quality_sector_stopfall,1.2633140782387446,12.5827,1.2593,1942903.9,117749.98504999999,8.1575,14.8396,33.4103,-1.7473,28.276,60.0,0.11350562309204437,0.007235121813367051
600861.SH,文教休闲,2026-02-11,value_quality_sector_stopfall,1.1829285232121332,9.0855,1.4716,1051271.3173,81166.9942,14.7266,3.7657,49.907,1.8917,57.0159,57.0,0.04658631655575274,0.008521539989713833
600970.SH,建筑工程,2026-02-11,value_quality_sector_stopfall,1.1739587137695582,9.3866,1.2696,2813212.3493,306746.7596,9.5846,6.7603,60.7308,3.992,0.6767,60.0,0.03183526685042315,0.00556944691913519
600968.SH,石油开采,2026-02-11,value_quality_sector_stopfall,1.1162466753463947,11.7607,1.5701,4492976.056,485083.04464999994,10.2284,8.6152,39.2962,0.8091,6.1106,48.0,0.1670410834023246,0.03694292527740339
600428.SH,水运,2026-02-11,value_quality_sector_stopfall,0.9930346796225656,13.3112,1.3351,2206111.9976,283725.5273,9.1319,10.6139,57.9238,37.9243,10.5429,60.0,0.04525965208311522,0.0061823608727837875
600332.SH,中成药,2026-02-11,value_quality_sector_stopfall,0.9425254062241291,13.8378,1.0903,4132760.5924,309748.22645,8.969,5.5159,51.9245,4.3109,4.7824,60.0,0.04566245700806171,0.0036262825494006723
002078.SZ,造纸,2026-02-11,value_quality_sector_stopfall,0.7469209086100229,15.0661,1.5846,4733942.4916,435643.58715000004,8.5067,8.6608,47.6651,-6.5834,1.6621,47.0,0.10344497183213508,0.014514603444554464
600273.SH,化工原料,2026-02-11,value_quality_sector_stopfall,0.7438640218176628,15.2548,1.5751,1586192.1612,438647.60375000007,8.1514,10.6257,25.9105,9.3295,4.0517,53.0,0.053526203605418265,0.010091818212244474
601298.SH,港口,2026-02-12,value_quality_sector_stopfall,1.7917124049686501,10.9962,1.3578,6030231.9,262716.5505,9.5171,32.274,25.0139,1.8585,6.3339,60.0,0.039208282524503923,0.010100122444146153
000543.SZ,火力发电,2026-02-12,value_quality_sector_stopfall,1.7452077244560484,7.6357,1.0609,1822558.1181,279169.43415,11.5507,13.1051,62.9977,-3.4066,20.4287,60.0,0.05666080264483009,0.005995588477884839
002034.SZ,环境保护,2026-02-12,value_quality_sector_stopfall,1.5432305221333664,12.422,1.0865,745154.4239,67574.2626,8.0085,21.8098,49.4313,5.1838,7.6122,60.0,0.03966882757656598,0.008695027890133655
000600.SZ,火力发电,2026-02-12,value_quality_sector_stopfall,1.524766391122715,9.5209,1.3744,1597665.6571,246769.9043,13.6045,14.0677,57.3426,-3.726,231.7949,60.0,0.05666080264483009,0.005995588477884839
601019.SH,出版业,2026-02-12,value_quality_sector_stopfall,1.2242057524805567,12.5286,1.2539,1934556.3,115083.96185,8.1575,14.8396,33.4103,-1.7473,28.276,60.0,0.06944543044247764,0.004980322038079077
600861.SH,文教休闲,2026-02-12,value_quality_sector_stopfall,1.1778973264742585,9.0219,1.4613,1043911.852,77002.7211,14.7266,3.7657,49.907,1.8917,57.0159,57.0,0.032895920948886825,0.006074072192038482
600968.SH,石油开采,2026-02-12,value_quality_sector_stopfall,1.0954030019671472,11.9204,1.5914,4553966.6812,496966.55065,10.2284,8.6152,39.2962,0.8091,6.1106,47.0,0.15854482980830853,0.035242172158838736
600428.SH,水运,2026-02-12,value_quality_sector_stopfall,0.9761742053561983,13.4271,1.3467,2225319.4403,286586.8338,9.1319,10.6139,57.9238,37.9243,10.5429,60.0,0.04319996793868541,0.0068415707508462376
600332.SH,中成药,2026-02-12,value_quality_sector_stopfall,0.9403434994066414,13.7507,1.0834,4106747.9372,306547.92744999996,8.969,5.5159,51.9245,4.3109,4.7824,60.0,0.03339568953175909,0.003304476541548862
002078.SZ,造纸,2026-02-12,value_quality_sector_stopfall,0.7458385017837622,15.1461,1.593,4759093.3077,439525.77785,8.5067,8.6608,47.6651,-6.5834,1.6621,46.0,0.09979573538268127,0.017081433067747565
600273.SH,化工原料,2026-02-12,value_quality_sector_stopfall,0.7387335987105986,15.3853,1.5886,1599760.9564,423317.67019999993,8.1514,10.6257,25.9105,9.3295,4.0517,52.0,0.04781763894848856,0.010669959762110048
000543.SZ,火力发电,2026-02-13,value_quality_sector_stopfall,1.7706170490175162,7.4078,1.0292,1768153.3982,278033.10894999997,11.5507,13.1051,62.9977,-3.4066,20.4287,60.0,0.04596158368764991,0.005777465329866116
000600.SZ,火力发电,2026-02-13,value_quality_sector_stopfall,1.6013357156841828,8.9836,1.2969,1507503.9383,252913.6765,13.6045,14.0677,57.3426,-3.726,231.7949,60.0,0.04596158368764991,0.005777465329866116
601019.SH,出版业,2026-02-13,value_quality_sector_stopfall,1.2509326623893777,12.2448,1.2255,1890731.4,111714.8965,8.1575,14.8396,33.4103,-1.7473,28.276,60.0,0.05610720008945602,0.007192128966588385
600968.SH,石油开采,2026-02-13,value_quality_sector_stopfall,1.0881297802598309,11.4946,1.5345,4391325.014,502047.76795000007,10.2284,8.6152,39.2962,0.8091,6.1106,46.0,0.12492875858756713,0.03319835500559698
600332.SH,中成药,2026-02-13,value_quality_sector_stopfall,0.9467483716087536,13.6691,1.077,4082361.0729,304791.37549999997,8.969,5.5159,51.9245,4.3109,4.7824,60.0,0.030555718164856804,0.002842653443896781
002078.SZ,造纸,2026-02-13,value_quality_sector_stopfall,0.7318078580955658,14.9327,1.5706,4692024.4648,438902.3456,8.5067,8.6608,47.6651,-6.5834,1.6621,45.0,0.07858810236449787,0.01977175573106793
600273.SH,化工原料,2026-02-13,value_quality_sector_stopfall,0.7308212521418408,15.0721,1.5562,1567195.8479,417971.14385,8.1514,10.6257,25.9105,9.3295,4.0517,51.0,0.040149627605910565,0.010425624535930211
000543.SZ,火力发电,2026-02-24,value_quality_sector_stopfall,1.771473342228422,7.6167,1.0583,1818024.3915,273027.4708,11.5507,13.1051,62.9977,-3.4066,20.4287,60.0,0.07937315294001812,0.006548855955070598
000600.SZ,火力发电,2026-02-24,value_quality_sector_stopfall,1.5848120088950888,9.2952,1.3418,1559797.7352,257541.55834999998,13.6045,14.0677,57.3426,-3.726,231.7949,60.0,0.07937315294001812,0.006548855955070598
002034.SZ,环境保护,2026-02-24,value_quality_sector_stopfall,1.54482571766327,12.4148,1.0859,744720.4376,67530.2321,8.0085,21.8098,49.4313,5.1838,7.6122,60.0,0.04038152731527722,0.008697523681326036
601019.SH,出版业,2026-02-24,value_quality_sector_stopfall,1.2252108146933693,12.3394,1.235,1905339.7,109902.89545,8.1575,14.8396,33.4103,-1.7473,28.276,60.0,0.04063713060110574,0.009580350758930267
600861.SH,文教休闲,2026-02-24,value_quality_sector_stopfall,1.2092994034255777,8.8458,1.4327,1023531.7941,72658.60075000001,14.7266,3.7657,49.907,1.8917,57.0159,57.0,0.035365035585931404,0.00420036783964628
600970.SH,建筑工程,2026-02-24,value_quality_sector_stopfall,1.1588955462924735,9.5353,1.2898,2857783.2812,292202.87769999995,9.5846,6.7603,60.7308,3.992,0.6767,60.0,0.039105808250042395,0.006615738042431207
600968.SH,石油开采,2026-02-24,value_quality_sector_stopfall,1.107287586914402,12.3727,1.6518,4726773.4525,532909.18735,10.2284,8.6152,39.2962,0.8091,6.1106,45.0,0.22046824732381465,0.035824920247735426
600428.SH,水运,2026-02-24,value_quality_sector_stopfall,0.9800181058954098,13.3774,1.3417,2217087.6792,299209.59579999995,9.1319,10.6139,57.9238,37.9243,10.5429,60.0,0.039456446371562315,0.0077823261905141106
600332.SH,中成药,2026-02-24,value_quality_sector_stopfall,0.9502099225345205,13.7453,1.083,4105122.1462,302375.46625,8.969,5.5159,51.9245,4.3109,4.7824,60.0,0.043369548233320065,0.00257037430120044
600273.SH,化工原料,2026-02-24,value_quality_sector_stopfall,0.7594226313833211,15.6071,1.6115,1622827.9083,410848.70930000005,8.1514,10.6257,25.9105,9.3295,4.0517,50.0,0.06870576546349971,0.010470865919821382
601298.SH,港口,2026-02-25,value_quality_sector_stopfall,1.8026786568622135,10.9015,1.3461,5978303.1,258924.0798,9.5171,32.274,25.0139,1.8585,6.3339,60.0,0.03747007847796291,0.00869124505091734
000543.SZ,火力发电,2026-02-25,value_quality_sector_stopfall,1.7832281561762375,7.6832,1.0675,1833892.4348,272268.58739999996,11.5507,13.1051,62.9977,-3.4066,20.4287,60.0,0.1000031040748457,0.008240385434725273
000600.SZ,火力发电,2026-02-25,value_quality_sector_stopfall,1.573853489509571,9.4994,1.3713,1594059.1884,263599.8606,13.6045,14.0677,57.3426,-3.726,231.7949,60.0,0.1000031040748457,0.008240385434725273
002034.SZ,环境保护,2026-02-25,value_quality_sector_stopfall,1.5522053564109735,12.5016,1.0935,749928.2728,66200.14155,8.0085,21.8098,49.4313,5.1838,7.6122,60.0,0.05778389943461715,0.009528123643022912
601019.SH,出版业,2026-02-25,value_quality_sector_stopfall,1.2427091206296499,12.3935,1.2404,1913687.3,104938.62385,8.1575,14.8396,33.4103,-1.7473,28.276,60.0,0.06700208855973688,0.007920365403246254
600861.SH,文教休闲,2026-02-25,value_quality_sector_stopfall,1.2181550397011724,8.8213,1.4288,1020701.2306,72072.6963,14.7266,3.7657,49.907,1.8917,57.0159,57.0,0.04041304409735025,0.0037746622704890598
600970.SH,建筑工程,2026-02-25,value_quality_sector_stopfall,1.1626756481564076,9.579,1.2957,2870892.3788,286586.71275,9.5846,6.7603,60.7308,3.992,0.6767,60.0,0.04937203031061377,0.006976284512460573
600332.SH,中成药,2026-02-25,value_quality_sector_stopfall,0.9526538036071821,13.7725,1.0851,4113251.101,298265.96025,8.969,5.5159,51.9245,4.3109,4.7824,60.0,0.04881603824634473,0.0027810986941707583
600428.SH,水运,2026-02-25,value_quality_sector_stopfall,0.9342124856776401,13.8741,1.3916,2299405.291,323361.92875,9.1319,10.6139,57.9238,37.9243,10.5429,60.0,0.05869639539773264,0.009116756946574212
600273.SH,化工原料,2026-02-25,value_quality_sector_stopfall,0.7860535520035797,15.4375,1.5939,1605188.4745,390663.06995,8.1514,10.6257,25.9105,9.3295,4.0517,49.0,0.09513061761740538,0.010676934386174342
601298.SH,港口,2026-02-26,value_quality_sector_stopfall,1.7998562718776812,10.9015,1.3461,5978303.1,256645.15795,9.5171,32.274,25.0139,1.8585,6.3339,60.0,0.035242524195602476,0.008096414348745418
000543.SZ,火力发电,2026-02-26,value_quality_sector_stopfall,1.7902839427831854,7.8446,1.0899,1872429.1114,275971.23445,11.5507,13.1051,62.9977,-3.4066,20.4287,60.0,0.12961672764088616,0.011375881808965982
000600.SZ,火力发电,2026-02-26,value_quality_sector_stopfall,1.5733226094498522,9.7036,1.4008,1628320.6415,252831.10930000004,13.6045,14.0677,57.3426,-3.726,231.7949,60.0,0.12961672764088616,0.011375881808965982
002034.SZ,环境保护,2026-02-26,value_quality_sector_stopfall,1.549300528219189,12.6825,1.1093,760777.9296,67253.83935,8.0085,21.8098,49.4313,5.1838,7.6122,60.0,0.07620766812648516,0.01079286009270386
601019.SH,出版业,2026-02-26,value_quality_sector_stopfall,1.245587097839897,12.3799,1.2391,1911600.4,104642.9529,8.1575,14.8396,33.4103,-1.7473,28.276,60.0,0.06613205505672526,0.009895042783171881
600861.SH,文教休闲,2026-02-26,value_quality_sector_stopfall,1.2262517690554522,8.7137,1.4113,1008246.7508,73796.02485,14.7266,3.7657,49.907,1.8917,57.0159,57.0,0.03004879615640066,0.0033956395657179783
600970.SH,建筑工程,2026-02-26,value_quality_sector_stopfall,1.1459200758974306,9.7102,1.3134,2910219.6716,282627.51709999994,9.5846,6.7603,60.7308,3.992,0.6767,60.0,0.052923449020988,0.007215960209775885
600332.SH,中成药,2026-02-26,value_quality_sector_stopfall,0.9554013175310542,13.7289,1.0817,4100244.7734,295284.135,8.969,5.5159,51.9245,4.3109,4.7824,60.0,0.046455593170332765,0.0027157243607214276
600428.SH,水运,2026-02-26,value_quality_sector_stopfall,0.9237337896352064,13.9569,1.3999,2313124.893,332254.14125,9.1319,10.6139,57.9238,37.9243,10.5429,60.0,0.05857808607554693,0.009809703559659377
600273.SH,化工原料,2026-02-26,value_quality_sector_stopfall,0.7836008167909067,15.0199,1.5508,1561768.3298,382458.51335,8.1514,10.6257,25.9105,9.3295,4.0517,48.0,0.09305233348782194,0.010302483303084697
000598.SZ,水务,2026-02-27,value_quality_sector_stopfall,1.8919753018789764,10.3186,1.1304,2202198.4361,171821.62094999998,9.3734,27.6783,57.6582,5.395,8.4918,60.0,0.034279625085520626,0.0016563434601224447
601298.SH,港口,2026-02-27,value_quality_sector_stopfall,1.80389688834047,11.0199,1.3607,6043214.1,258497.4644,9.5171,32.274,25.0139,1.8585,6.3339,60.0,0.05618245519457532,0.008823766479228112
000543.SZ,火力发电,2026-02-27,value_quality_sector_stopfall,1.782841358291182,8.1865,1.1374,1954036.1913,302971.6853,11.5507,13.1051,62.9977,-3.4066,20.4287,60.0,0.17237385039882147,0.015636174559026994
002034.SZ,环境保护,2026-02-27,value_quality_sector_stopfall,1.5621281368889912,12.7476,1.115,764683.806,68513.93234999999,8.0085,21.8098,49.4313,5.1838,7.6122,60.0,0.09540095978820351,0.012567177100787807
000600.SZ,火力发电,2026-02-27,value_quality_sector_stopfall,1.5380666916245151,10.2087,1.4737,1713072.6572,263023.08445,13.6045,14.0677,57.3426,-3.726,231.7949,60.0,0.17237385039882147,0.015636174559026994
600461.SH,水务,2026-02-27,value_quality_sector_stopfall,1.4459259685456431,10.6722,1.328,1281587.0712,97878.95749999999,9.754,18.4993,56.3664,-3.8512,1.1808,60.0,0.034279625085520626,0.0016563434601224447
601019.SH,出版业,2026-02-27,value_quality_sector_stopfall,1.2460376931108712,12.461,1.2472,1924121.8,104245.3461,8.1575,14.8396,33.4103,-1.7473,28.276,60.0,0.07542190333166743,0.011862456445870473
600861.SH,文教休闲,2026-02-27,value_quality_sector_stopfall,1.2193838464205862,8.7871,1.4232,1016738.4415,73675.7043,14.7266,3.7657,49.907,1.8917,57.0159,57.0,0.0361806337212196,0.00322254603269978
600970.SH,建筑工程,2026-02-27,value_quality_sector_stopfall,1.166156744366129,9.6928,1.3111,2904976.0326,275387.91935,9.5846,6.7603,60.7308,3.992,0.6767,60.0,0.07018660096785401,0.007496143398274757
600332.SH,中成药,2026-02-27,value_quality_sector_stopfall,0.9542771821496013,13.767,1.0847,4111625.31,296106.32145,8.969,5.5159,51.9245,4.3109,4.7824,60.0,0.049470330464360224,0.0031168516852411177
600428.SH,水运,2026-02-27,value_quality_sector_stopfall,0.9456285191470504,13.841,1.3882,2293917.4502,338024.31115,9.1319,10.6139,57.9238,37.9243,10.5429,60.0,0.06387177043948933,0.010884082040894416
600273.SH,化工原料,2026-02-27,value_quality_sector_stopfall,0.7885505183054288,15.0852,1.5576,1568552.7274,378566.59985,8.1514,10.6257,25.9105,9.3295,4.0517,47.0,0.09767930087071819,0.010625217434710565
601298.SH,港口,2026-03-02,value_quality_sector_stopfall,1.814188782900901,11.0672,1.3666,6069178.5,252198.0611,9.5171,32.274,25.0139,1.8585,6.3339,60.0,0.07132407890541836,0.011060703995482646
000543.SZ,火力发电,2026-03-02,value_quality_sector_stopfall,1.7642501762825107,8.386,1.1652,2001640.3213,335269.63315,11.5507,13.1051,62.9977,-3.4066,20.4287,60.0,0.1804570163851662,0.020795159897344595
002034.SZ,环境保护,2026-03-02,value_quality_sector_stopfall,1.5585728555624725,12.6029,1.1024,756004.0806,68880.8125,8.0085,21.8098,49.4313,5.1838,7.6122,60.0,0.0736713020866504,0.012694886809155426
000600.SZ,火力发电,2026-03-02,value_quality_sector_stopfall,1.5513088429491775,10.2087,1.4737,1713072.6572,277263.8199,13.6045,14.0677,57.3426,-3.726,231.7949,60.0,0.1804570163851662,0.020795159897344595
601019.SH,出版业,2026-03-02,value_quality_sector_stopfall,1.2297744272180555,12.2448,1.2255,1890731.4,104023.313,8.1575,14.8396,33.4103,-1.7473,28.276,60.0,0.03254472450364343,0.009596369381078773
600970.SH,建筑工程,2026-03-02,value_quality_sector_stopfall,1.1346403099334896,9.754,1.3193,2923328.7693,276424.89410000003,9.5846,6.7603,60.7308,3.992,0.6767,60.0,0.048811763986722934,0.0069012126134331275
600428.SH,水运,2026-03-02,value_quality_sector_stopfall,0.9877815995378001,14.0231,1.4065,2324100.5746,378622.32865000004,9.1319,10.6139,57.9238,37.9243,10.5429,60.0,0.12539228330869379,0.015856649562439706
600273.SH,化工原料,2026-03-02,value_quality_sector_stopfall,0.7762606519158505,15.0852,1.5576,1568552.7274,375548.276,8.1514,10.6257,25.9105,9.3295,4.0517,46.0,0.08616227813359179,0.009852373782258672
601298.SH,港口,2026-03-03,value_quality_sector_stopfall,1.834418489004281,11.1146,1.3724,6095142.9,228895.1699,9.5171,32.274,25.0139,1.8585,6.3339,60.0,0.09629031263332832,0.013350843037619242
000543.SZ,火力发电,2026-03-03,value_quality_sector_stopfall,1.7720226904031349,8.2055,1.1401,1958569.918,355633.70389999996,11.5507,13.1051,62.9977,-3.4066,20.4287,60.0,0.15628527024345384,0.02397275349301431
000600.SZ,火力发电,2026-03-03,value_quality_sector_stopfall,1.5740946904031348,9.94,1.4349,1667991.7978,285791.20235000004,13.6045,14.0677,57.3426,-3.726,231.7949,60.0,0.15628527024345384,0.02397275349301431
002034.SZ,环境保护,2026-03-03,value_quality_sector_stopfall,1.559875204595571,12.3352,1.0789,739946.5886,69982.228,8.0085,21.8098,49.4313,5.1838,7.6122,60.0,0.04288094522846708,0.011274259367104245
600428.SH,水运,2026-03-03,value_quality_sector_stopfall,0.9431592155374207,15.3973,1.5443,2551845.9674,457248.96105000004,9.1319,10.6139,57.9238,37.9243,10.5429,59.0,0.22071751127407313,0.02408654887075401
600273.SH,化工原料,2026-03-03,value_quality_sector_stopfall,0.8079052301780695,14.25,1.4713,1481712.438,387409.95865000004,8.1514,10.6257,25.9105,9.3295,4.0517,46.0,0.0512317235509554,0.007294173293780792
601298.SH,港口,2026-03-04,value_quality_sector_stopfall,1.8274484763982606,10.866,1.3417,5958829.8,220657.11685000002,9.5171,32.274,25.0139,1.8585,6.3339,60.0,0.052091774075424535,0.013539368989502698
000543.SZ,火力发电,2026-03-04,value_quality_sector_stopfall,1.7992461796152766,8.12,1.1282,1938168.148,363626.69704999996,11.5507,13.1051,62.9977,-3.4066,20.4287,60.0,0.16563973370825047,0.02820844590702598
000600.SZ,火力发电,2026-03-04,value_quality_sector_stopfall,1.5893981796152765,9.9293,1.4334,1666188.5634,288630.3,13.6045,14.0677,57.3426,-3.726,231.7949,60.0,0.16563973370825047,0.02820844590702598
002034.SZ,环境保护,2026-03-04,value_quality_sector_stopfall,1.5618833068524043,12.2918,1.0751,737342.671,70240.73384999999,8.0085,21.8098,49.4313,5.1838,7.6122,60.0,0.04152036318976893,0.009216276995968498
600428.SH,水运,2026-03-04,value_quality_sector_stopfall,1.012029842436744,13.8575,1.3899,2296661.3706,503084.69975,9.1319,10.6139,57.9238,37.9243,10.5429,59.0,0.11674884824917164,0.026641660854239024
600273.SH,化工原料,2026-03-04,value_quality_sector_stopfall,0.8341566035340072,13.989,1.4444,1454574.8476,390974.3759,8.1514,10.6257,25.9105,9.3295,4.0517,46.0,0.04503513139076243,0.00440880547657807
000598.SZ,水务,2026-03-05,value_quality_sector_stopfall,1.9502735726058078,10.2881,1.0455,2061950.0262,205693.63595,9.3734,27.6783,57.6582,5.395,8.4918,60.0,0.03445838615844754,0.0011425197806935738
601298.SH,港口,2026-03-05,value_quality_sector_stopfall,1.823851557029166,10.8187,1.3359,5932865.4,206947.95785,9.5171,32.274,25.0139,1.8585,6.3339,60.0,0.042707976253032465,0.012306247442800178
000543.SZ,火力发电,2026-03-05,value_quality_sector_stopfall,1.799267448842723,8.2245,1.1427,1963103.6446,370779.21979999996,11.5507,13.1051,62.9977,-3.4066,20.4287,60.0,0.17985552620863587,0.03064725596742046
000600.SZ,火力发电,2026-03-05,value_quality_sector_stopfall,1.565779448842723,10.1764,1.4691,1707662.9541,293049.5174,13.6045,14.0677,57.3426,-3.726,231.7949,60.0,0.17985552620863587,0.03064725596742046
002034.SZ,环境保护,2026-03-05,value_quality_sector_stopfall,1.545638771966798,12.4727,1.091,748192.3278,71154.793,8.0085,21.8098,49.4313,5.1838,7.6122,60.0,0.04971382431450633,0.007438280985625045
600461.SH,水务,2026-03-05,value_quality_sector_stopfall,1.4615842392724745,10.5653,1.3147,1268745.5174,96802.8299,9.754,18.4993,56.3664,-3.8512,1.1808,60.0,0.03445838615844754,0.0011425197806935738
600428.SH,水运,2026-03-05,value_quality_sector_stopfall,0.9817796612229807,13.9403,1.3982,2310380.9726,536885.1103000001,9.1319,10.6139,57.9238,37.9243,10.5429,59.0,0.09657910770733724,0.02761455351564357
600273.SH,化工原料,2026-03-05,value_quality_sector_stopfall,0.8314257875322284,14.0542,1.4511,1461359.2452,385512.57065,8.1514,10.6257,25.9105,9.3295,4.0517,46.0,0.05312794876294835,0.002398505435946774
000598.SZ,水务,2026-03-06,value_quality_sector_stopfall,1.9277657182098853,10.5263,1.0697,2109694.1657,209908.85475,9.3734,27.6783,57.6582,5.395,8.4918,60.0,0.04296202201456478,0.00214436286198727
000543.SZ,火力发电,2026-03-06,value_quality_sector_stopfall,1.8086452262885229,8.31,1.1546,1983505.4146,376865.05735,11.5507,13.1051,62.9977,-3.4066,20.4287,60.0,0.21953607330942693,0.033513892955189695
601298.SH,港口,2026-03-06,value_quality_sector_stopfall,1.800888601563891,11.0317,1.3622,6049705.2,203832.4703,9.5171,32.274,25.0139,1.8585,6.3339,60.0,0.053423127791911273,0.010361473771979712
000600.SZ,火力发电,2026-03-06,value_quality_sector_stopfall,1.569577226288523,10.2946,1.4861,1727498.5322,301401.87835,13.6045,14.0677,57.3426,-3.726,231.7949,60.0,0.21953607330942693,0.033513892955189695
002034.SZ,环境保护,2026-03-06,value_quality_sector_stopfall,1.5232293200121507,12.8561,1.1245,771193.6,74177.01125000001,8.0085,21.8098,49.4313,5.1838,7.6122,60.0,0.07585888365007976,0.0067771030287377965
600461.SH,水务,2026-03-06,value_quality_sector_stopfall,1.461483051543219,10.6294,1.3227,1276450.4497,93394.40965,9.754,18.4993,56.3664,-3.8512,1.1808,60.0,0.04296202201456478,0.00214436286198727
600970.SH,建筑工程,2026-03-06,value_quality_sector_stopfall,1.1316301210169049,9.684,1.3099,2902354.2131,250179.88139999998,9.5846,6.7603,60.7308,3.992,0.6767,60.0,0.04133726412808203,0.0004321902221562368
600428.SH,水运,2026-03-06,value_quality_sector_stopfall,1.0110067043243505,13.7085,1.3749,2271966.0871,554926.13045,9.1319,10.6139,57.9238,37.9243,10.5429,59.0,0.0949816660921845,0.02745237156549929
600273.SH,化工原料,2026-03-06,value_quality_sector_stopfall,0.7907402198904951,14.6154,1.5091,1519705.0646,361504.36985,8.1514,10.6257,25.9105,9.3295,4.0517,45.0,0.08259782561467222,0.002256394275822915
000598.SZ,水务,2026-03-09,value_quality_sector_stopfall,1.935175079506113,10.4519,1.0621,2094774.1221,212396.76145000002,9.3734,27.6783,57.6582,5.395,8.4918,60.0,0.03954971101903859,0.002939368487074434
000543.SZ,火力发电,2026-03-09,value_quality_sector_stopfall,1.8206238707305578,8.253,1.1467,1969904.2346,388252.42965,11.5507,13.1051,62.9977,-3.4066,20.4287,60.0,0.21914960232779523,0.03642587073055803
601298.SH,港口,2026-03-09,value_quality_sector_stopfall,1.8199552971194923,10.795,1.333,5919883.2,193733.9027,9.5171,32.274,25.0139,1.8585,6.3339,60.0,0.03973351118329971,0.007871119269525995
000600.SZ,火力发电,2026-03-09,value_quality_sector_stopfall,1.5724892040638914,10.2946,1.4861,1727498.5322,311421.84510000004,13.6045,14.0677,57.3426,-3.726,231.7949,60.0,0.21914960232779523,0.03642587073055803
002034.SZ,环境保护,2026-03-09,value_quality_sector_stopfall,1.5141932393603956,12.8778,1.1264,772495.5588,76955.72575000001,8.0085,21.8098,49.4313,5.1838,7.6122,60.0,0.06873597441796342,0.007577264942432382
600461.SH,水务,2026-03-09,value_quality_sector_stopfall,1.452479079506113,10.6722,1.328,1281587.0712,92258.8075,9.754,18.4993,56.3664,-3.8512,1.1808,60.0,0.03954971101903859,0.002939368487074434
600970.SH,建筑工程,2026-03-09,value_quality_sector_stopfall,1.145415827156851,9.5528,1.2921,2863026.9202,240052.25195,9.5846,6.7603,60.7308,3.992,0.6767,60.0,0.03434683889035317,0.0005949882664979533
600428.SH,水运,2026-03-09,value_quality_sector_stopfall,1.0578362866357292,13.0794,1.3118,2167697.1121,580087.19155,9.1319,10.6139,57.9238,37.9243,10.5429,59.0,0.0627660736213782,0.022490879681017484
600273.SH,化工原料,2026-03-09,value_quality_sector_stopfall,0.8819880677014935,13.8063,1.4255,1435578.5343,341878.68925,8.1514,10.6257,25.9105,9.3295,4.0517,45.0,0.06980771042222211,0.002687690612604765
000598.SZ,水务,2026-03-10,value_quality_sector_stopfall,1.933932988008044,10.4965,1.0667,2103726.1483,208185.54945,9.3734,27.6783,57.6582,5.395,8.4918,60.0,0.042850541238951934,0.0044364467690918286
601298.SH,港口,2026-03-10,value_quality_sector_stopfall,1.83340203150168,10.7595,1.3286,5900409.9,179706.2415,9.5171,32.274,25.0139,1.8585,6.3339,60.0,0.049438478297912924,0.006312886537100271
000543.SZ,火力发电,2026-03-10,value_quality_sector_stopfall,1.827835039884492,8.2435,1.1454,1967637.3713,389995.43450000003,11.5507,13.1051,62.9977,-3.4066,20.4287,60.0,0.21791589698939706,0.0421370398844918
000600.SZ,火力发电,2026-03-10,value_quality_sector_stopfall,1.5904137065511583,10.2194,1.4753,1714875.8916,316320.20915,13.6045,14.0677,57.3426,-3.726,231.7949,60.0,0.21791589698939706,0.0421370398844918
002034.SZ,环境保护,2026-03-10,value_quality_sector_stopfall,1.5103986746661509,12.9574,1.1334,777269.4078,77667.25945,8.0085,21.8098,49.4313,5.1838,7.6122,60.0,0.07123679423549079,0.01125521376399341
600461.SH,水务,2026-03-10,value_quality_sector_stopfall,1.466890321341377,10.608,1.32,1273882.1389,89435.48895,9.754,18.4993,56.3664,-3.8512,1.1808,60.0,0.042850541238951934,0.0044364467690918286
600970.SH,建筑工程,2026-03-10,value_quality_sector_stopfall,1.1374929843873889,9.6753,1.3087,2899732.3935,219581.26830000003,9.5846,6.7603,60.7308,3.992,0.6767,60.0,0.04259180367899962,0.003660514041722518
600428.SH,水运,2026-03-10,value_quality_sector_stopfall,1.026667879093034,13.1456,1.3185,2178672.7936,580763.3919500001,9.1319,10.6139,57.9238,37.9243,10.5429,59.0,0.047941390727134436,0.01502715503256602
600332.SH,中成药,2026-03-10,value_quality_sector_stopfall,0.9427377757851608,13.7289,1.0817,4100244.7734,278507.50769999996,8.969,5.5159,51.9245,4.3109,4.7824,60.0,0.03581710747285616,0.0006906683123046875
600273.SH,化工原料,2026-03-10,value_quality_sector_stopfall,0.8695411365631893,13.8585,1.4309,1441006.0524,321372.4818,8.1514,10.6257,25.9105,9.3295,4.0517,45.0,0.060301490205090014,0.006826979691432644
600269.SH,路桥,2026-03-11,value_quality_sector_stopfall,2.3868551832455864,8.8293,0.5964,1165368.1,93972.35734999999,8.4486,38.9139,43.0641,-3.5475,41.3481,60.0,0.03504837396707772,8.280927850878861e-05
000598.SZ,水务,2026-03-11,value_quality_sector_stopfall,1.9301630247134713,10.571,1.0742,2118646.1919,210138.69384999998,9.3734,27.6783,57.6582,5.395,8.4918,60.0,0.04767607140589969,0.005807619974238509
601298.SH,港口,2026-03-11,value_quality_sector_stopfall,1.8217362728713886,10.8779,1.3432,5965320.9,166607.7292,9.5171,32.274,25.0139,1.8585,6.3339,60.0,0.05479872383456463,0.006913549036823952
000543.SZ,火力发电,2026-03-11,value_quality_sector_stopfall,1.8131475449840198,8.367,1.1625,1997106.5946,402937.54915,11.5507,13.1051,62.9977,-3.4066,20.4287,60.0,0.24333855163156404,0.04708287831735314
000600.SZ,火力发电,2026-03-11,value_quality_sector_stopfall,1.563132878317353,10.4558,1.5094,1754547.0478,328385.27335000003,13.6045,14.0677,57.3426,-3.726,231.7949,59.0,0.24333855163156404,0.04708287831735314
002034.SZ,环境保护,2026-03-11,value_quality_sector_stopfall,1.4911005088878486,13.1093,1.1467,786383.1194,78499.02304999999,8.0085,21.8098,49.4313,5.1838,7.6122,60.0,0.06839114603960383,0.013796029514911323
600461.SH,水务,2026-03-11,value_quality_sector_stopfall,1.4555070247134716,10.7257,1.3346,1288007.8481,87108.62625,9.754,18.4993,56.3664,-3.8512,1.1808,60.0,0.04767607140589969,0.005807619974238509
600866.SH,饲料,2026-03-11,value_quality_sector_stopfall,1.128768544487757,10.5442,1.6259,1350777.2368,285952.04335000005,12.5444,8.397,50.7871,-5.5691,49.8959,48.0,0.0472020308819463,0.0028371802724773687
600970.SH,建筑工程,2026-03-11,value_quality_sector_stopfall,1.092308230495772,9.9552,1.3466,2983630.6183,221116.33145,9.5846,6.7603,60.7308,3.992,0.6767,60.0,0.039557250355788165,0.005436980139983838
600428.SH,水运,2026-03-11,value_quality_sector_stopfall,0.9513422820146626,13.6754,1.3716,2266478.2463,594706.85395,9.1319,10.6139,57.9238,37.9243,10.5429,59.0,0.04641322448558771,0.011949724195741585
600332.SH,中成药,2026-03-11,value_quality_sector_stopfall,0.9392380688574974,13.7562,1.0838,4108373.7281,275561.79415,8.969,5.5159,51.9245,4.3109,4.7824,60.0,0.03293272437655026,0.003295344480947149
600273.SH,化工原料,2026-03-11,value_quality_sector_stopfall,0.8731986824673528,13.9499,1.4403,1450504.209,314085.97715000005,8.1514,10.6257,25.9105,9.3295,4.0517,45.0,0.07316701453152552,0.009979001269160515
600269.SH,路桥,2026-03-12,value_quality_sector_stopfall,2.3866089194582476,8.8824,0.6,1172374.321,94552.7922,8.4486,38.9139,43.0641,-3.5475,41.3481,60.0,0.03989343540561752,0.0009314840526299939
000598.SZ,水务,2026-03-12,value_quality_sector_stopfall,1.9128670918877981,10.6901,1.0863,2142518.2617,214061.03504999998,9.3734,27.6783,57.6582,5.395,8.4918,60.0,0.04612930864597797,0.006065116575153295
601298.SH,港口,2026-03-12,value_quality_sector_stopfall,1.832665559654586,10.8779,1.3432,5965320.9,158399.22565,9.5171,32.274,25.0139,1.8585,6.3339,60.0,0.06459444780123014,0.008047111853355826
000543.SZ,火力发电,2026-03-12,value_quality_sector_stopfall,1.7402422813945462,8.8608,1.2311,2114983.4878,453289.83975,11.5507,13.1051,62.9977,-3.4066,20.4287,60.0,0.28812174125350554,0.05283094806121302
000600.SZ,火力发电,2026-03-12,value_quality_sector_stopfall,1.4993876147278797,11.4982,1.6599,1929460.7823,373216.73135,13.6045,14.0677,57.3426,-3.726,231.7949,58.0,0.28812174125350554,0.05283094806121302
002034.SZ,环境保护,2026-03-12,value_quality_sector_stopfall,1.4590683619974139,13.2902,1.1625,797232.7762,79109.0152,8.0085,21.8098,49.4313,5.1838,7.6122,60.0,0.05780819754250843,0.014940164454905425
600461.SH,水务,2026-03-12,value_quality_sector_stopfall,1.4590244252211313,10.6936,1.3306,1284155.382,83014.35235,9.754,18.4993,56.3664,-3.8512,1.1808,60.0,0.04612930864597797,0.006065116575153295
600866.SH,饲料,2026-03-12,value_quality_sector_stopfall,1.1349444479061785,10.4145,1.6059,1334162.5106,297112.7658,12.5444,8.397,50.7871,-5.5691,49.8959,47.0,0.042317558393903276,0.00525088951227537
600970.SH,建筑工程,2026-03-12,value_quality_sector_stopfall,1.0819362191984938,9.9727,1.3489,2988874.2574,218716.04044999997,9.5846,6.7603,60.7308,3.992,0.6767,60.0,0.03134618195004668,0.005976037248446975
600428.SH,水运,2026-03-12,value_quality_sector_stopfall,0.9683638744489477,13.5595,1.36,2247270.8035,599950.4661999999,9.1319,10.6139,57.9238,37.9243,10.5429,59.0,0.04981367506020651,0.010110866055407897
600273.SH,化工原料,2026-03-12,value_quality_sector_stopfall,0.9031912020322481,13.7541,1.4201,1430151.0162,306749.30285,8.1514,10.6257,25.9105,9.3295,4.0517,45.0,0.07404359914769998,0.012574936217881305
600269.SH,路桥,2026-03-13,value_quality_sector_stopfall,2.3900903363113866,8.847,0.5976,1167703.507,96219.2282,8.4486,38.9139,43.0641,-3.5475,41.3481,60.0,0.03924558179535986,0.0011007545160268695
000598.SZ,水务,2026-03-13,value_quality_sector_stopfall,1.9015857897224853,10.7347,1.0909,2151470.2878,214278.8866,9.3734,27.6783,57.6582,5.395,8.4918,60.0,0.04131933685098721,0.005633786204831237
601298.SH,港口,2026-03-13,value_quality_sector_stopfall,1.838783626899988,10.7595,1.3286,5900409.9,145982.2567,9.5171,32.274,25.0139,1.8585,6.3339,60.0,0.05246852347814723,0.008664436755174032
000543.SZ,火力发电,2026-03-13,value_quality_sector_stopfall,1.8085839882561503,8.4429,1.1731,2015241.5013,484585.1381,11.5507,13.1051,62.9977,-3.4066,20.4287,60.0,0.2233184474504306,0.0546459882561503
000600.SZ,火力发电,2026-03-13,value_quality_sector_stopfall,1.5377426549228168,10.9501,1.5807,1837495.8291,430461.1951,13.6045,14.0677,57.3426,-3.726,231.7949,57.0,0.2233184474504306,0.0546459882561503
600461.SH,水务,2026-03-13,value_quality_sector_stopfall,1.4473297897224853,10.7364,1.336,1289292.0035,83728.63489999999,9.754,18.4993,56.3664,-3.8512,1.1808,60.0,0.04131933685098721,0.005633786204831237
002034.SZ,环境保护,2026-03-13,value_quality_sector_stopfall,1.40653295385529,13.6519,1.1941,818932.0896,87319.77445,8.0085,21.8098,49.4313,5.1838,7.6122,60.0,0.05078372619951521,0.014609227655774548
600866.SH,饲料,2026-03-13,value_quality_sector_stopfall,1.1442797264323008,10.4405,1.6099,1337485.4559,305809.17095000006,12.5444,8.397,50.7871,-5.5691,49.8959,46.0,0.05143607310782783,0.007200986657806219
600428.SH,水运,2026-03-13,value_quality_sector_stopfall,0.9326543144133872,13.7748,1.3816,2282941.7686,614521.94365,9.1319,10.6139,57.9238,37.9243,10.5429,59.0,0.04361741229658245,0.009350902116804782
600273.SH,化工原料,2026-03-13,value_quality_sector_stopfall,0.9282129302748708,13.4148,1.3851,1394872.1486,312133.18740000005,8.1514,10.6257,25.9105,9.3295,4.0517,45.0,0.05173398576711041,0.013952944507760412
600269.SH,路桥,2026-03-16,value_quality_sector_stopfall,2.398346513901939,8.8293,0.5964,1165368.1,98567.69585,8.4486,38.9139,43.0641,-3.5475,41.3481,60.0,0.04492171021966351,0.0017008036822754313
000598.SZ,水务,2026-03-16,value_quality_sector_stopfall,1.9127788970740136,10.6156,1.0788,2127598.2181,216063.7415,9.3734,27.6783,57.6582,5.395,8.4918,60.0,0.03614215743799831,0.0059974063026821955
601298.SH,港口,2026-03-16,value_quality_sector_stopfall,1.8395151071921716,10.8424,1.3388,5945847.6,135568.6881,9.5171,32.274,25.0139,1.8585,6.3339,60.0,0.06381365576645814,0.010377451425713335
000543.SZ,火力发电,2026-03-16,value_quality_sector_stopfall,1.8357308805871744,8.177,1.1361,1951769.328,502839.58285000006,11.5507,13.1051,62.9977,-3.4066,20.4287,60.0,0.18551417912544688,0.05388536812839395
000600.SZ,火力发电,2026-03-16,value_quality_sector_stopfall,1.5859628805871742,10.2301,1.4768,1716679.126,456322.16964999994,13.6045,14.0677,57.3426,-3.726,231.7949,57.0,0.18551417912544688,0.05388536812839395
002034.SZ,环境保护,2026-03-16,value_quality_sector_stopfall,1.4348522415992468,13.3264,1.1656,799402.7075,94010.633,8.0085,21.8098,49.4313,5.1838,7.6122,60.0,0.03881468145175471,0.014197560147492183
600461.SH,水务,2026-03-16,value_quality_sector_stopfall,1.4281695637406806,10.8326,1.3479,1300849.402,85319.8279,9.754,18.4993,56.3664,-3.8512,1.1808,60.0,0.03614215743799831,0.0059974063026821955
600866.SH,饲料,2026-03-16,value_quality_sector_stopfall,1.1398437499675786,10.4275,1.6079,1335823.9833,312297.87895,12.5444,8.397,50.7871,-5.5691,49.8959,45.0,0.04428363878066288,0.009050777853582437
600273.SH,化工原料,2026-03-16,value_quality_sector_stopfall,0.9433514395351648,13.2452,1.3676,1377232.7148,306281.5084,8.1514,10.6257,25.9105,9.3295,4.0517,45.0,0.042738312520024024,0.01511379368180732
600428.SH,水运,2026-03-16,value_quality_sector_stopfall,0.9282067082266978,14.0562,1.4098,2329588.4154,632955.41105,9.1319,10.6139,57.9238,37.9243,10.5429,59.0,0.07387325753269036,0.012207450694007527
600269.SH,路桥,2026-03-17,value_quality_sector_stopfall,2.402755608319991,8.8293,0.5964,1165368.1,99007.79679999998,8.4486,38.9139,43.0641,-3.5475,41.3481,60.0,0.04912113447062394,0.0019104738493669338
000543.SZ,火力发电,2026-03-17,value_quality_sector_stopfall,1.8540752557249147,8.0631,1.1203,1924566.968,514304.76745,11.5507,13.1051,62.9977,-3.4066,20.4287,60.0,0.18809456928773138,0.051522686437183385
601298.SH,港口,2026-03-17,value_quality_sector_stopfall,1.8464253440143228,11.1191,1.2822,5861463.3,131941.8854,9.5171,32.274,25.0139,1.8585,6.3339,60.0,0.05207437536474302,0.009740301982913202
000600.SZ,火力发电,2026-03-17,value_quality_sector_stopfall,1.6036739223915815,10.1227,1.4613,1698646.7822,476150.3652,13.6045,14.0677,57.3426,-3.726,231.7949,57.0,0.18809456928773138,0.051522686437183385
600282.SH,普钢,2026-03-17,value_quality_sector_stopfall,0.9964562852698811,12.0187,1.2435,3446285.8751,290168.44974999997,10.671,4.7549,58.071,-6.174,26.8348,60.0,0.034820046472253674,0.006546238797627391
600428.SH,水运,2026-03-17,value_quality_sector_stopfall,0.9504116472014728,13.6754,1.3716,2266478.2463,641589.7426,9.1319,10.6139,57.9238,37.9243,10.5429,59.0,0.0458734889182546,0.011558824949884805
600269.SH,路桥,2026-03-18,value_quality_sector_stopfall,2.4006273832720777,8.7762,0.5928,1158361.8789,100863.09585,8.4486,38.9139,43.0641,-3.5475,41.3481,60.0,0.04134364979374827,0.0016197334783298878
000598.SZ,水务,2026-03-18,value_quality_sector_stopfall,1.933942499880553,10.4816,1.0652,2100742.1396,219713.428,9.3734,27.6783,57.6582,5.395,8.4918,60.0,0.039800370399302176,0.005502796147917488
000543.SZ,火力发电,2026-03-18,value_quality_sector_stopfall,1.8549889570453866,8.1295,1.1295,1940435.0113,519863.6018,11.5507,13.1051,62.9977,-3.4066,20.4287,60.0,0.2223960947299244,0.051090957045386576
601298.SH,港口,2026-03-18,value_quality_sector_stopfall,1.8398175744226881,11.1314,1.2837,5867954.4,131506.0244,9.5171,32.274,25.0139,1.8585,6.3339,60.0,0.04821565348528023,0.008811254270741253
000600.SZ,火力发电,2026-03-18,value_quality_sector_stopfall,1.5563942903787198,10.617,1.5327,1781595.5635,507269.95540000004,13.6045,14.0677,57.3426,-3.726,231.7949,56.0,0.2223960947299244,0.051090957045386576
600461.SH,水务,2026-03-18,value_quality_sector_stopfall,1.4504864998805531,10.7043,1.332,1285439.5374,86322.46875,9.754,18.4993,56.3664,-3.8512,1.1808,60.0,0.039800370399302176,0.005502796147917488
600282.SH,普钢,2026-03-18,value_quality_sector_stopfall,0.9524616670288881,12.4272,1.2857,3563422.6044,301668.9663,10.671,4.7549,58.071,-6.174,26.8348,60.0,0.04627058899148073,0.006467744704073963
600428.SH,水运,2026-03-18,value_quality_sector_stopfall,0.9271203578901177,13.8741,1.3916,2299405.291,653663.9112,9.1319,10.6139,57.9238,37.9243,10.5429,59.0,0.04983342741567154,0.01088759714111287
600269.SH,路桥,2026-03-19,value_quality_sector_stopfall,2.403223415673818,8.6878,0.5868,1146684.8439,102453.7951,8.4486,38.9139,43.0641,-3.5475,41.3481,60.0,0.03447853393005795,0.0011875484104271194
000598.SZ,水务,2026-03-19,value_quality_sector_stopfall,1.9459273164685427,10.3179,1.0485,2067918.0437,228702.71445,9.3734,27.6783,57.6582,5.395,8.4918,60.0,0.0301748083954696,0.005066508073072962
000543.SZ,火力发电,2026-03-19,value_quality_sector_stopfall,1.8731499255687782,8.0061,1.1124,1910965.788,531359.9698,11.5507,13.1051,62.9977,-3.4066,20.4287,60.0,0.2361957907271326,0.04962525890211178
601298.SH,港口,2026-03-19,value_quality_sector_stopfall,1.8501789261849861,10.9467,1.2624,5770587.9,130942.50729999998,9.5171,32.274,25.0139,1.8585,6.3339,60.0,0.03372140389054645,0.007153522294439663
000600.SZ,火力发电,2026-03-19,value_quality_sector_stopfall,1.5856885922354451,10.2946,1.4861,1727498.5322,525970.2338,13.6045,14.0677,57.3426,-3.726,231.7949,56.0,0.2361957907271326,0.04962525890211178
600461.SH,水务,2026-03-19,value_quality_sector_stopfall,1.437264649801876,10.7257,1.3346,1288007.8481,87312.68905,9.754,18.4993,56.3664,-3.8512,1.1808,60.0,0.0301748083954696,0.005066508073072962
000543.SZ,火力发电,2026-03-20,value_quality_sector_stopfall,1.8720926934695705,8.0156,1.1137,1913232.6514,539383.8610500001,11.5507,13.1051,62.9977,-3.4066,20.4287,60.0,0.2639755825363528,0.050068026802903676
601298.SH,港口,2026-03-20,value_quality_sector_stopfall,1.8553789673315686,10.8852,1.2553,5738132.4,129713.21730000002,9.5171,32.274,25.0139,1.8585,6.3339,60.0,0.031114358509934492,0.006127275488300832
000600.SZ,火力发电,2026-03-20,value_quality_sector_stopfall,1.5689846934695701,10.4128,1.5032,1747334.1103,536645.1764499999,13.6045,14.0677,57.3426,-3.726,231.7949,55.0,0.2639755825363528,0.050068026802903676
000543.SZ,火力发电,2026-03-23,value_quality_sector_stopfall,1.9363090342067102,7.6262,1.0596,1820291.2548,544654.7018,11.5507,13.1051,62.9977,-3.4066,20.4287,60.0,0.20097041540446758,0.05225770087337711
000600.SZ,火力发电,2026-03-23,value_quality_sector_stopfall,1.658307700873377,9.8648,1.4241,1655369.1572,543898.1879,13.6045,14.0677,57.3426,-3.726,231.7949,55.0,0.20097041540446758,0.05225770087337711
000598.SZ,水务,2026-03-24,value_quality_sector_stopfall,1.9959492374917893,10.035,1.0198,2011221.878,246572.50675,9.3734,27.6783,57.6582,5.395,8.4918,60.0,0.046963124999999994,0.00030677915845611636
000543.SZ,火力发电,2026-03-24,value_quality_sector_stopfall,1.890573804671389,7.9396,1.1031,1895097.7447,548413.0205,11.5507,13.1051,62.9977,-3.4066,20.4287,60.0,0.24755324204764206,0.056415804671388736
601298.SH,港口,2026-03-24,value_quality_sector_stopfall,1.8606199658037195,10.8236,1.2482,5705676.9,128590.78585000001,9.5171,32.274,25.0139,1.8585,6.3339,60.0,0.03239227272727274,0.0012503597431134938
000600.SZ,火力发电,2026-03-24,value_quality_sector_stopfall,1.581979138004722,10.3591,1.4954,1738317.9385,552331.9455,13.6045,14.0677,57.3426,-3.726,231.7949,55.0,0.24755324204764206,0.056415804671388736
600461.SH,水务,2026-03-24,value_quality_sector_stopfall,1.4764799041584562,10.5439,1.312,1266177.2067,94565.04740000001,9.754,18.4993,56.3664,-3.8512,1.1808,60.0,0.046963124999999994,0.00030677915845611636
601298.SH,港口,2026-03-25,value_quality_sector_stopfall,1.8770497825838643,10.8482,1.251,5718659.1,127840.07989999998,9.5171,32.274,25.0139,1.8585,6.3339,60.0,0.05339488570826445,0.00018423020893321151
000543.SZ,火力发电,2026-03-25,value_quality_sector_stopfall,1.8225771131307171,8.386,1.1652,2001640.3213,571905.8725,11.5507,13.1051,62.9977,-3.4066,20.4287,60.0,0.2706793284513991,0.05957911313071729
000600.SZ,火力发电,2026-03-25,value_quality_sector_stopfall,1.5405224464640506,10.9824,1.5854,1842905.5323,577949.6017,13.6045,14.0677,57.3426,-3.726,231.7949,54.0,0.2706793284513991,0.05957911313071729
601298.SH,港口,2026-03-26,value_quality_sector_stopfall,1.8953111236488933,10.7005,1.234,5640765.9,127569.6963,9.5171,32.274,25.0139,1.8585,6.3339,60.0,0.05064111995068021,1.9337031546440286e-05
000543.SZ,火力发电,2026-03-26,value_quality_sector_stopfall,1.8283375152420487,8.367,1.1625,1997106.5946,589274.0548500001,11.5507,13.1051,62.9977,-3.4066,20.4287,60.0,0.26507367837785245,0.06227284857538207
000600.SZ,火力发电,2026-03-26,value_quality_sector_stopfall,1.526022848575382,11.2403,1.6226,1886183.1573,613037.2608,13.6045,14.0677,57.3426,-3.726,231.7949,53.0,0.26507367837785245,0.06227284857538207
000543.SZ,火力发电,2026-03-27,value_quality_sector_stopfall,1.783676838519649,8.6519,1.2021,2065112.4945,593134.12275,11.5507,13.1051,62.9977,-3.4066,20.4287,60.0,0.27294294268683394,0.06300550518631565
000600.SZ,火力发电,2026-03-27,value_quality_sector_stopfall,1.5496821718529823,10.8964,1.573,1828479.6573,618733.8298000001,13.6045,14.0677,57.3426,-3.726,231.7949,52.0,0.27294294268683394,0.06300550518631565
600269.SH,路桥,2026-03-30,value_quality_sector_stopfall,2.444272498593457,8.4578,0.5713,1116324.5527,108161.01975,8.4486,38.9139,43.0641,-3.5475,41.3481,60.0,0.05067245738675008,0.0003760412067064234
000543.SZ,火力发电,2026-03-30,value_quality_sector_stopfall,1.8340647633166098,8.1865,1.1374,1954036.1913,591650.0505,11.5507,13.1051,62.9977,-3.4066,20.4287,60.0,0.17963457016206363,0.05959885982121271
000600.SZ,火力发电,2026-03-30,value_quality_sector_stopfall,1.594510096649943,10.1764,1.4691,1707662.9541,621764.9088,13.6045,14.0677,57.3426,-3.726,231.7949,52.0,0.17963457016206363,0.05959885982121271
000543.SZ,火力发电,2026-03-31,value_quality_sector_stopfall,1.8254049932336451,7.9966,1.1111,1908698.9247,578084.3797,11.5507,13.1051,62.9977,-3.4066,20.4287,60.0,0.14611078403401612,0.054269542532962456
000600.SZ,火力发电,2026-03-31,value_quality_sector_stopfall,1.6029303265669785,9.8863,1.4272,1658975.6259,617934.31155,13.6045,14.0677,57.3426,-3.726,231.7949,52.0,0.14611078403401612,0.054269542532962456
000543.SZ,火力发电,2026-04-01,value_quality_sector_stopfall,1.785624666880362,7.9681,1.1071,1901898.3347,571650.1245500001,11.5507,13.1051,62.9977,-3.4066,20.4287,60.0,0.11018342125031011,0.04584991229671842
000600.SZ,火力发电,2026-04-01,value_quality_sector_stopfall,1.5550833335470287,9.9078,1.4303,1662582.0947,618554.1286500001,13.6045,14.0677,57.3426,-3.726,231.7949,52.0,0.11018342125031011,0.04584991229671842
000543.SZ,火力发电,2026-04-02,value_quality_sector_stopfall,1.7336044853354033,7.8066,1.0847,1863361.6581,568196.8112,11.5507,13.1051,62.9977,-3.4066,20.4287,60.0,0.04293120745892676,0.03538194454314314
002393.SZ,化学制药,2026-04-02,value_quality_sector_stopfall,1.6025532424176228,14.9497,1.3675,622329.8127,163539.2109,8.859,30.368,16.5435,4.1806,125.593,55.0,0.15196924949770163,0.004537326253254426
000600.SZ,火力发电,2026-04-02,value_quality_sector_stopfall,1.52642315200207,9.6069,1.3868,1612091.5321,616662.9043,13.6045,14.0677,57.3426,-3.726,231.7949,52.0,0.04293120745892676,0.03538194454314314
002393.SZ,化学制药,2026-04-03,value_quality_sector_stopfall,1.6087383408868892,14.6527,1.3403,609965.6442,166532.56625,8.859,30.368,16.5435,4.1806,125.593,55.0,0.11762552249952973,0.007132818387359352
600332.SH,中成药,2026-04-03,value_quality_sector_stopfall,1.039961091399178,12.5513,0.9908,3744196.5555,308598.8721,8.0961,3.9414,52.5709,3.5514,5.2061,60.0,0.08033675498648929,0.0016870030793552093
002393.SZ,化学制药,2026-04-07,value_quality_sector_stopfall,1.629584191711086,14.566,1.3324,606359.4284,167883.92295,8.859,30.368,16.5435,4.1806,125.593,55.0,0.12567134150734294,0.008886183537076597
600332.SH,中成药,2026-04-07,value_quality_sector_stopfall,1.0711892184017522,12.4042,0.9792,3700300.1999,303159.55519999994,8.0961,3.9414,52.5709,3.5514,5.2061,60.0,0.09279432720567482,0.002917557862744058
000543.SZ,火力发电,2026-04-08,value_quality_sector_stopfall,1.7084135654824308,7.7686,1.0794,1854294.2048,553132.1007000001,11.5507,13.1051,62.9977,-3.4066,20.4287,60.0,0.03697862067588176,0.010076944806549193
002393.SZ,化学制药,2026-04-08,value_quality_sector_stopfall,1.6102542614637154,14.7888,1.3527,615632.5548,165698.44384999998,8.859,30.368,16.5435,4.1806,125.593,55.0,0.13450753045836916,0.009106731005346314
000600.SZ,火力发电,2026-04-08,value_quality_sector_stopfall,1.4811722321490977,9.6928,1.3992,1626517.4072,593914.02685,13.6045,14.0677,57.3426,-3.726,231.7949,52.0,0.03697862067588176,0.010076944806549193
600332.SH,中成药,2026-04-08,value_quality_sector_stopfall,1.0566617646615786,12.5949,0.9943,3757202.8831,309882.11375,8.0961,3.9414,52.5709,3.5514,5.2061,60.0,0.10093973410922663,0.003024697219018657
002393.SZ,化学制药,2026-04-09,value_quality_sector_stopfall,1.6042561248349478,14.597,1.3352,607647.3626,166443.44235,8.859,30.368,16.5435,4.1806,125.593,55.0,0.10764734726559366,0.0055154442360207945
600332.SH,中成药,2026-04-09,value_quality_sector_stopfall,1.053718073539293,12.4532,0.9831,3714932.3185,312174.65985000005,8.0961,3.9414,52.5709,3.5514,5.2061,60.0,0.0833738855096644,0.0007335213629620085
002393.SZ,化学制药,2026-04-10,value_quality_sector_stopfall,1.6092521390233538,14.5598,1.3318,606101.8416,167408.45995,8.859,30.368,16.5435,4.1806,125.593,55.0,0.11126987533696275,0.0021422636863910327
002393.SZ,化学制药,2026-04-13,value_quality_sector_stopfall,1.6245694954605576,14.3433,1.312,597086.3021,167903.55675,8.859,30.368,16.5435,4.1806,125.593,55.0,0.10010511032149272,0.0009910518057314466
000543.SZ,火力发电,2026-04-14,value_quality_sector_stopfall,1.7181688718937351,7.7307,1.0741,1845226.7514,440845.9443999999,11.5507,13.1051,62.9977,-3.4066,20.4287,60.0,0.05068489008259136,6.59818111437005e-05
000600.SZ,火力发电,2026-04-14,value_quality_sector_stopfall,1.4375875385604016,9.983,1.4411,1675204.7353,456788.9608,13.6045,14.0677,57.3426,-3.726,231.7949,52.0,0.05068489008259136,6.59818111437005e-05
000543.SZ,火力发电,2026-04-15,value_quality_sector_stopfall,1.7275866333167662,7.7307,1.0741,1845226.7514,431486.5581,11.5507,13.1051,62.9977,-3.4066,20.4287,60.0,0.05852614006356038,0.0016424932532057568
000600.SZ,火力发电,2026-04-15,value_quality_sector_stopfall,1.4557186333167662,9.9293,1.4334,1666188.5634,438030.7227,13.6045,14.0677,57.3426,-3.726,231.7949,52.0,0.05852614006356038,0.0016424932532057568
000543.SZ,火力发电,2026-04-16,value_quality_sector_stopfall,1.7277301156533245,7.7212,1.0728,1842959.8881,425221.2881,11.5507,13.1051,62.9977,-3.4066,20.4287,60.0,0.05560524303266923,0.00320687262065511
002393.SZ,化学制药,2026-04-16,value_quality_sector_stopfall,1.6125893043517194,14.6527,1.3403,609965.6442,166047.33584999997,8.859,30.368,16.5435,4.1806,125.593,55.0,0.12804496646415253,0.0005643378875668237
000600.SZ,火力发电,2026-04-16,value_quality_sector_stopfall,1.443868782319991,9.9937,1.4427,1677007.9697,409128.71150000003,13.6045,14.0677,57.3426,-3.726,231.7949,52.0,0.05560524303266923,0.00320687262065511
000543.SZ,火力发电,2026-04-17,value_quality_sector_stopfall,1.7499654929708983,7.6642,1.0649,1829358.7081,414469.0505,11.5507,13.1051,62.9977,-3.4066,20.4287,60.0,0.065791305825313,0.006189520478918631
002393.SZ,化学制药,2026-04-17,value_quality_sector_stopfall,1.6452375621711917,14.2938,1.3075,595025.6073,166200.77909999999,8.859,30.368,16.5435,4.1806,125.593,55.0,0.11363528688474611,0.0018289419531121176
000600.SZ,火力发电,2026-04-17,value_quality_sector_stopfall,1.4360374929708983,10.1227,1.4613,1698646.7822,393853.85075000004,13.6045,14.0677,57.3426,-3.726,231.7949,52.0,0.065791305825313,0.006189520478918631
000543.SZ,火力发电,2026-04-20,value_quality_sector_stopfall,1.757111615540625,7.7117,1.0715,1840693.0248,402523.05495,11.5507,13.1051,62.9977,-3.4066,20.4287,60.0,0.08112921508657567,0.0055644004540491565
002393.SZ,化学制药,2026-04-20,value_quality_sector_stopfall,1.6147867998590117,14.5165,1.3278,604298.7337,161255.16175,8.859,30.368,16.5435,4.1806,125.593,55.0,0.10880902082924093,0.004584445696437678
000600.SZ,火力发电,2026-04-20,value_quality_sector_stopfall,1.4735302822072913,9.983,1.4411,1675204.7353,375190.89095000003,13.6045,14.0677,57.3426,-3.726,231.7949,52.0,0.08112921508657567,0.0055644004540491565
600987.SH,纺织,2026-04-20,value_quality_sector_stopfall,1.4336015376483897,10.294,1.1294,756426.7849,69640.76235,11.2454,7.8564,34.037,-6.5,2.0997,60.0,0.1572062894367907,0.003899248211599149
600511.SH,医药商业,2026-04-20,value_quality_sector_stopfall,1.1857926512219703,10.77,1.1595,2150333.5443,163707.18185,11.1939,3.9822,44.6417,3.6975,-0.1767,60.0,0.09513797907207144,0.0011586721498988428
600332.SH,中成药,2026-04-20,value_quality_sector_stopfall,1.0522376401855766,12.3987,0.9788,3698674.409,286943.79805,8.0961,3.9414,52.5709,3.5514,5.2061,60.0,0.07555758822601755,0.0005693852928922993
000543.SZ,火力发电,2026-04-21,value_quality_sector_stopfall,1.7620270890818597,7.8731,1.0939,1879229.7014,399180.50995,11.5507,13.1051,62.9977,-3.4066,20.4287,60.0,0.11207459283584176,0.005227829579351084
600874.SH,环境保护,2026-04-21,value_quality_sector_stopfall,1.7193077403001165,11.1814,0.9399,964236.7042,92119.59275,8.6546,19.2462,56.0982,-1.3958,6.8317,60.0,0.09920157867064239,0.004408828296140754
002034.SZ,环境保护,2026-04-21,value_quality_sector_stopfall,1.6710317403001165,12.0634,1.2097,869998.4574,173906.36565,10.3837,22.883,47.5461,2.2267,28.5839,60.0,0.09920157867064239,0.004408828296140754
002393.SZ,化学制药,2026-04-21,value_quality_sector_stopfall,1.6001928757280965,14.2566,1.3041,593480.0863,158361.23984999998,8.859,30.368,16.5435,4.1806,125.593,55.0,0.056159620134103694,0.009513255593992964
601117.SH,建筑工程,2026-04-21,value_quality_sector_stopfall,1.551109306796123,8.1218,0.778,5227306.2347,1014537.4431,9.9426,3.7346,69.8644,1.8818,13.1544,60.0,0.08294897483222807,0.006089665297228208
000600.SZ,火力发电,2026-04-21,value_quality_sector_stopfall,1.4725790890818595,10.1764,1.4691,1707662.9541,362163.71780000004,13.6045,14.0677,57.3426,-3.726,231.7949,52.0,0.11207459283584176,0.005227829579351084
600987.SH,纺织,2026-04-21,value_quality_sector_stopfall,1.4202243648082722,10.3218,1.1324,758468.4226,65734.32925,11.2454,7.8564,34.037,-6.5,2.0997,60.0,0.13773464885956854,0.01384704928203706
600970.SH,建筑工程,2026-04-21,value_quality_sector_stopfall,1.3804606401294564,9.5817,1.1947,2742423.2221,298372.8901,12.9888,6.2135,60.2402,7.5256,-4.0555,60.0,0.08294897483222807,0.006089665297228208
002543.SZ,家用电器,2026-04-21,value_quality_sector_stopfall,1.3086582599512933,9.2991,1.255,635034.4,79687.23825,9.7662,8.6748,39.8966,5.5425,5.5679,53.0,0.07890226815342283,0.0065546584645370665
600273.SH,化工原料,2026-04-21,value_quality_sector_stopfall,1.250053714925531,11.8419,1.15,1169687.7368,157899.47819999998,9.7384,9.7038,23.621,11.2079,-1.9857,45.0,0.0863506154252991,0.0068337661668986804
600511.SH,医药商业,2026-04-21,value_quality_sector_stopfall,1.1423358939613093,10.8229,1.1652,2160896.5863,153410.8525,11.1939,3.9822,44.6417,3.6975,-0.1767,60.0,0.053259805436086216,0.0069067551918897685
600332.SH,中成药,2026-04-21,value_quality_sector_stopfall,1.019137202146153,12.4042,0.9792,3700300.1999,245158.5168,8.0961,3.9414,52.5709,3.5514,5.2061,60.0,0.03896286882402378,0.0046969999887960245
002035.SZ,家用电器,2026-04-21,value_quality_sector_stopfall,0.9926055932846265,12.2103,1.4021,533174.1257,249439.45734999998,9.2823,8.5383,43.8052,-9.1341,-11.8951,58.0,0.07890226815342283,0.0065546584645370665
600428.SH,水运,2026-04-21,value_quality_sector_stopfall,0.9687993229849604,13.8586,1.463,2466784.4351,491852.35305000003,12.0907,10.2039,57.7617,38.3208,16.2934,55.0,0.03969416804436521,0.0045871549405951395
000543.SZ,火力发电,2026-04-22,value_quality_sector_stopfall,1.7857868980390492,7.8256,1.0873,1867895.3847,393986.7599,11.5507,13.1051,62.9977,-3.4066,20.4287,60.0,0.13092614771121713,0.002569416994498752
002034.SZ,环境保护,2026-04-22,value_quality_sector_stopfall,1.7384150973554189,11.572,1.1604,834560.6384,186497.6614,10.3837,22.883,47.5461,2.2267,28.5839,60.0,0.09699272345618448,0.008374373899234566
600874.SH,环境保护,2026-04-22,value_quality_sector_stopfall,1.7099244306887527,11.2725,0.9475,972088.7946,90480.10260000001,8.6546,19.2462,56.0982,-1.3958,6.8317,60.0,0.09699272345618448,0.008374373899234566
002393.SZ,化学制药,2026-04-22,value_quality_sector_stopfall,1.6054996519628069,14.2195,1.3007,591934.5652,156433.32510000002,8.859,30.368,16.5435,4.1806,125.593,56.0,0.05492735384994152,0.011312298112865271
601117.SH,建筑工程,2026-04-22,value_quality_sector_stopfall,1.5517638433670222,8.0933,0.7753,5208986.2362,994611.0633500001,9.9426,3.7346,69.8644,1.8818,13.1544,60.0,0.07643570892383789,0.009557467776517559
000600.SZ,火力发电,2026-04-22,value_quality_sector_stopfall,1.5028388980390492,10.0904,1.4566,1693237.0791,345826.25665,13.6045,14.0677,57.3426,-3.726,231.7949,52.0,0.13092614771121713,0.002569416994498752
600987.SH,纺织,2026-04-22,value_quality_sector_stopfall,1.4201250356067536,10.3218,1.1324,758468.4226,64793.1054,11.2454,7.8564,34.037,-6.5,2.0997,60.0,0.13068749437214122,0.02079487456794582
600970.SH,建筑工程,2026-04-22,value_quality_sector_stopfall,1.4103351767003554,9.3619,1.1673,2679499.5535,295002.44070000004,12.9888,6.2135,60.2402,7.5256,-4.0555,60.0,0.07643570892383789,0.009557467776517559
002543.SZ,家用电器,2026-04-22,value_quality_sector_stopfall,1.3275780458355133,9.2446,1.2477,631316.4,73598.7125,9.7662,8.6748,39.8966,5.5425,5.5679,54.0,0.08442741849010615,0.01144929401207384
600273.SH,化工原料,2026-04-22,value_quality_sector_stopfall,1.2512587841415903,11.9216,1.1578,1177555.5916,151625.54309999998,9.7384,9.7038,23.621,11.2079,-1.9857,45.0,0.09180390031110797,0.01309888383048241
601098.SH,出版业,2026-04-22,value_quality_sector_stopfall,1.2417387896233751,12.5397,1.2362,1998948.0,85810.26574999999,10.0411,13.3561,35.6788,-6.1641,16.1964,60.0,0.054196915983555805,0.0008078736398193787
600511.SH,医药商业,2026-04-22,value_quality_sector_stopfall,1.147312561622532,10.7284,1.1551,2142034.0113,151367.4346,11.1939,3.9822,44.6417,3.6975,-0.1767,60.0,0.043735786797520326,0.008374108158344828
002035.SZ,家用电器,2026-04-22,value_quality_sector_stopfall,1.0280720458355133,12.0356,1.382,525545.2432,250018.707,9.2823,8.5383,43.8052,-9.1341,-11.8951,58.0,0.08442741849010615,0.01144929401207384
600428.SH,水运,2026-04-22,value_quality_sector_stopfall,0.9364352293875976,14.1052,1.489,2510687.1614,488282.4574,12.0907,10.2039,57.7617,38.3208,16.2934,55.0,0.038101572153756535,0.007588990567174436
000543.SZ,火力发电,2026-04-23,value_quality_sector_stopfall,1.8068294965076668,7.8921,1.0965,1883763.4281,374691.59534999996,11.5507,13.1051,62.9977,-3.4066,20.4287,60.0,0.16383044397887492,0.001274385862125138
002034.SZ,环境保护,2026-04-23,value_quality_sector_stopfall,1.7561879006821401,11.5025,1.1281,829548.9046,194188.40575,10.3837,22.883,47.5461,2.2267,28.5839,60.0,0.08707835341291048,0.00989488060256316
600874.SH,环境保护,2026-04-23,value_quality_sector_stopfall,1.6948239006821406,11.3271,0.9521,976800.0489,86006.55984999999,8.6546,19.2462,56.0982,-1.3958,6.8317,60.0,0.08707835341291048,0.00989488060256316
002393.SZ,化学制药,2026-04-23,value_quality_sector_stopfall,1.622853667942023,13.9596,1.2769,581115.9178,146779.08435,8.859,30.368,16.5435,4.1806,125.593,56.0,0.03813720765425366,0.012263126954435988
601117.SH,建筑工程,2026-04-23,value_quality_sector_stopfall,1.5327827371874116,8.1408,0.7798,5239519.567,934030.735,9.9426,3.7346,69.8644,1.8818,13.1544,60.0,0.06271933825829401,0.010459398929117736
000600.SZ,火力发电,2026-04-23,value_quality_sector_stopfall,1.5239481631743335,10.1549,1.4659,1704056.4853,315190.59685,13.6045,14.0677,57.3426,-3.726,231.7949,52.0,0.16383044397887492,0.001274385862125138
600970.SH,建筑工程,2026-04-23,value_quality_sector_stopfall,1.4098874038540783,9.2794,1.157,2655903.1778,296269.43315,12.9888,6.2135,60.2402,7.5256,-4.0555,60.0,0.06271933825829401,0.010459398929117736
600987.SH,纺织,2026-04-23,value_quality_sector_stopfall,1.4086576765909917,10.3357,1.134,759489.2415,64712.68155,11.2454,7.8564,34.037,-6.5,2.0997,60.0,0.11627941499635575,0.025728928261302464
002543.SZ,家用电器,2026-04-23,value_quality_sector_stopfall,1.3412723243496487,9.1684,1.2374,626111.2,64151.074199999995,9.7662,8.6748,39.8966,5.5425,5.5679,55.0,0.08250601643468247,0.015118307914966378
600273.SH,化工原料,2026-04-23,value_quality_sector_stopfall,1.245519083497914,11.9216,1.1578,1177555.5916,149518.2181,9.7384,9.7038,23.621,11.2079,-1.9857,45.0,0.0819956799726631,0.017167403525250924
601098.SH,出版业,2026-04-23,value_quality_sector_stopfall,1.2384817769424408,12.5509,1.2373,2000744.0,84437.18565,10.0411,13.3561,35.6788,-6.1641,16.1964,60.0,0.04913265941886236,0.004095117523578384
002035.SZ,家用电器,2026-04-23,value_quality_sector_stopfall,1.0409329910163154,11.9579,1.3731,522154.6287,245141.5801,9.2823,8.5383,43.8052,-9.1341,-11.8951,58.0,0.08250601643468247,0.015118307914966378
000411.SZ,医药商业,2026-04-23,value_quality_sector_stopfall,0.8922312529235528,12.5763,1.1883,630371.6469,52033.5587,10.2905,1.7934,65.5451,0.9818,-4.621,57.0,0.04176406002933497,0.009687192894217711
002034.SZ,环境保护,2026-04-24,value_quality_sector_stopfall,1.8441168800047012,10.8344,1.0625,781366.8861,215265.3762,10.3837,22.883,47.5461,2.2267,28.5839,60.0,0.08515870423989491,0.011470175764806356
601117.SH,建筑工程,2026-04-24,value_quality_sector_stopfall,1.5258578784508516,8.0838,0.7744,5202879.57,921518.32165,9.9426,3.7346,69.8644,1.8818,13.1544,60.0,0.0484595136590833,0.010394364791768362
600970.SH,建筑工程,2026-04-24,value_quality_sector_stopfall,1.396969211784185,9.2703,1.1558,2653281.3583,291308.2769,12.9888,6.2135,60.2402,7.5256,-4.0555,60.0,0.0484595136590833,0.010394364791768362
002543.SZ,家用电器,2026-04-24,value_quality_sector_stopfall,1.3434001305963286,9.114,1.2301,622393.2,58529.83485,9.7662,8.6748,39.8966,5.5425,5.5679,56.0,0.07405150913307557,0.017207288129919673
600273.SH,化工原料,2026-04-24,value_quality_sector_stopfall,1.2730881704572625,11.7623,1.1423,1161819.8821,148301.3052,9.7384,9.7038,23.621,11.2079,-1.9857,45.0,0.08662849806920336,0.01915033905472585
601098.SH,出版业,2026-04-24,value_quality_sector_stopfall,1.2547510972246594,12.3932,1.2217,1975600.0,86752.99614999999,10.0411,13.3561,35.6788,-6.1641,16.1964,60.0,0.0410665078801864,0.007517256011139617
002035.SZ,家用电器,2026-04-24,value_quality_sector_stopfall,1.070720797262995,11.7056,1.3441,511135.1317,243389.6483,9.2823,8.5383,43.8052,-9.1341,-11.8951,58.0,0.07405150913307557,0.017207288129919673
002034.SZ,环境保护,2026-04-27,value_quality_sector_stopfall,1.8118317360483551,11.2115,1.0889,808561.1606,231839.60580000002,10.3837,22.883,47.5461,2.2267,28.5839,60.0,0.0960725195210923,0.01101121652726289
601117.SH,建筑工程,2026-04-27,value_quality_sector_stopfall,1.5404702351167017,7.9605,0.7625,5123492.9099,909045.6736999999,9.9426,3.7346,69.8644,1.8818,13.1544,60.0,0.04829550463516097,0.009017397148207262
600970.SH,建筑工程,2026-04-27,value_quality_sector_stopfall,1.4173349017833683,9.1237,1.1376,2611332.2459,290168.81515,12.9888,6.2135,60.2402,7.5256,-4.0555,60.0,0.04829550463516097,0.009017397148207262
002543.SZ,家用电器,2026-04-27,value_quality_sector_stopfall,1.3281483229145472,9.2555,1.2492,632060.0,56104.98999999999,9.7662,8.6748,39.8966,5.5425,5.5679,57.0,0.08061787966667233,0.017555776581208216
002035.SZ,家用电器,2026-04-27,value_quality_sector_stopfall,1.102682322914547,11.5309,1.324,503506.2491,239414.63595000003,9.2823,8.5383,43.8052,-9.1341,-11.8951,58.0,0.08061787966667233,0.017555776581208216
002091.SZ,商贸代理,2026-04-27,value_quality_sector_stopfall,1.0879424865825689,12.3659,1.0098,1600044.4348,243750.59710000004,8.1009,5.6101,51.4176,1.2408,17.0226,60.0,0.06618601220960452,0.008310474372964283
600970.SH,建筑工程,2026-04-28,value_quality_sector_stopfall,1.4030268424660273,9.142,1.1398,2616575.885,280527.43340000004,12.9888,6.2135,60.2402,7.5256,-4.0555,60.0,0.04142620493389093,0.004265304198802999
002091.SZ,商贸代理,2026-04-28,value_quality_sector_stopfall,1.1099858157653057,12.0891,0.9872,1564234.6916,248365.00204999995,8.1009,5.6101,51.4176,1.2408,17.0226,60.0,0.05819897586191747,0.004820839903388219
002091.SZ,商贸代理,2026-04-29,value_quality_sector_stopfall,1.0876060327883634,12.4162,1.0139,1606555.2972,256298.06489999997,8.1009,5.6101,51.4176,1.2408,17.0226,60.0,0.07552004700948145,0.004726652445548707
